sim_time_s,sim_step,source_step,command_cursor,segment_cursor,event_cursor,scheduler_state,base_x_m,base_y_m,base_z_m,base_roll_rad,base_pitch_rad,base_yaw_rad,robot_state_finite,active_contact_count_available,geometry_support_candidate_count,stability_state,joint_limit_violation
1.5666666666666635,188,1,0,0,0,PREPARING,-0.003989968448877335,-0.000993184745311737,0.09901051968336105,-3.8795075004099296e-05,-0.012018071330770567,0.0030498701370338887,True,False,4,stable,False
1.63333333333333,196,1,0,0,0,PREPARING,-0.004020538181066513,-0.0009933039546012878,0.09900183975696564,-3.801701551617001e-05,-0.012015386625265804,0.003050028860425154,True,False,4,stable,False
1.6999999999999964,204,1,1,0,1,PLAYING,-0.004000652581453323,-0.0007582157850265503,0.0983428955078125,-0.0024392737302030712,-0.014909653559968688,0.003089832597486038,True,False,4,recoverable,False
1.7666666666666628,212,1,1,0,1,PLAYING,-0.004373852163553238,-0.0003873854875564575,0.09771818667650223,-0.006255923004773723,-0.018199221056880203,0.0031591270377300568,True,False,4,recoverable,False
1.8333333333333293,220,1,2,1,2,PLAYING,-0.004942107945680618,0.0002981796860694885,0.0968470647931099,-0.013356214376217064,-0.023883370767053057,0.003318437916967493,True,False,3,recoverable,False
1.8999999999999957,228,1,2,1,2,PLAYING,-0.005707547068595886,0.0010944828391075134,0.09592989832162857,-0.021682763414511332,-0.030111071837592932,0.003552245842832492,True,False,3,recoverable,False
1.9666666666666621,236,1,3,2,3,PLAYING,-0.006197065114974976,0.0015234500169754028,0.09544743597507477,-0.026215576756244596,-0.033326463115747836,0.003703344578011384,True,False,3,recoverable,False
2.0333333333333288,244,2,4,3,4,PLAYING,-0.0065867118537425995,0.00205308198928833,0.0948755070567131,-0.03181726684111262,-0.03749204331894539,0.003909576444479902,True,False,3,recoverable,False
2.099999999999995,252,2,5,4,5,PLAYING,-0.00707177072763443,0.002849780023097992,0.09403334558010101,-0.04031110945462467,-0.04385660139899826,0.004272108812987994,True,False,3,recoverable,False
2.1666666666666616,260,2,5,4,5,PLAYING,-0.007832741364836693,0.004448816180229187,0.09231247752904892,-0.05750029997255086,-0.05688708802589944,0.00513302116368552,True,False,4,recoverable,False
2.233333333333328,268,2,5,4,5,PLAYING,-0.009502299129962921,0.006421081721782684,0.09014791250228882,-0.07934637607691689,-0.0727870826735177,0.006594066418627865,True,False,4,recoverable,False
2.2999999999999945,276,2,6,5,6,PLAYING,-0.00995841808617115,0.006420858204364777,0.09005135297775269,-0.07958346482004815,-0.07250271732078305,0.00656292877305653,True,False,4,recoverable,False
2.366666666666661,284,2,6,5,6,PLAYING,-0.009857013821601868,0.006410136818885803,0.08999340981245041,-0.07951539175492006,-0.07246841854179348,0.006559091982844718,True,False,4,recoverable,False
2.4333333333333274,292,2,6,5,6,PLAYING,-0.009633954614400864,0.006432980298995972,0.08996431529521942,-0.07971575862592374,-0.0726852649858326,0.006556359500473215,True,False,3,recoverable,False
2.499999999999994,300,2,6,5,6,PLAYING,-0.009516160935163498,0.006434768438339233,0.08993019163608551,-0.07975762557837816,-0.07270784094096505,0.006557521789993697,True,False,3,recoverable,False
2.56666666666666,308,2,6,5,6,PLAYING,-0.00946800410747528,0.006444185972213745,0.08991739153862,-0.07982768737418973,-0.07270396570548375,0.0065400640529591865,True,False,3,recoverable,False
2.6333333333333266,316,2,6,5,6,PLAYING,-0.00953013263642788,0.00644964724779129,0.08991514146327972,-0.07988187109284782,-0.07266049340407472,0.006534918683256209,True,False,3,recoverable,False
2.699999999999993,324,2,6,5,6,PLAYING,-0.009587632492184639,0.006446279585361481,0.08990652114152908,-0.07985997127362553,-0.07258921925975641,0.006531165066070746,True,False,3,recoverable,False
2.7666666666666595,332,2,7,6,7,PLAYING,-0.009671671316027641,0.006411276757717133,0.08988118916749954,-0.0795437729964463,-0.07235242963974962,0.006519161711785996,True,False,3,recoverable,False
2.833333333333326,340,2,7,6,7,PLAYING,-0.009684858843684196,0.006420493125915527,0.08988026529550552,-0.07962826250644275,-0.07238975992329104,0.006517523318601315,True,False,3,recoverable,False
2.8999999999999924,348,2,8,7,8,PLAYING,-0.009705495089292526,0.006422996520996094,0.089876689016819,-0.07965815711312689,-0.0723897543554397,0.006517429890804076,True,False,3,recoverable,False
2.966666666666659,356,2,8,7,8,PLAYING,-0.009722983464598656,0.006425231695175171,0.08987405896186829,-0.07968468069017277,-0.07239157050945597,0.0065191805042867125,True,False,3,recoverable,False
3.033333333333325,364,2,9,8,9,PLAYING,-0.009740570560097694,0.006426975131034851,0.08987118303775787,-0.07971010917007368,-0.07239122279598043,0.006521200951437236,True,False,3,recoverable,False
3.0999999999999917,372,2,9,8,9,PLAYING,-0.009755712002515793,0.006423041224479675,0.08986812829971313,-0.07967318629104957,-0.07235723596032725,0.006518150184449558,True,False,3,recoverable,False
3.166666666666658,380,2,10,9,10,PLAYING,-0.009770432487130165,0.006422914564609528,0.08986660838127136,-0.0796735498728776,-0.07234365807115255,0.006516770242710265,True,False,3,recoverable,False
3.2333333333333245,388,2,10,9,10,PLAYING,-0.009782502427697182,0.006418205797672272,0.0898636132478714,-0.07962921310767794,-0.07231042660475691,0.0065141466023578036,True,False,3,recoverable,False
3.299999999999991,396,2,11,10,11,PLAYING,-0.009795349091291428,0.006417520344257355,0.08986148983240128,-0.07962534184194146,-0.07229927228672275,0.006513068371884801,True,False,3,recoverable,False
3.3666666666666574,404,2,11,10,11,PLAYING,-0.009805368259549141,0.006413258612155914,0.08985863626003265,-0.07958571936570644,-0.07227191551444791,0.006511597295455265,True,False,3,recoverable,False
3.433333333333324,412,3,12,11,12,PLAYING,-0.009067486971616745,0.006376683712005615,0.08998481184244156,-0.07919472870318967,-0.07228615009239023,0.006462803082404429,True,False,3,recoverable,False
3.4999999999999902,420,3,12,11,12,PLAYING,-0.008171634748578072,0.006330676376819611,0.09011208266019821,-0.0786832286331357,-0.07239648772958608,0.006400981584210223,True,False,3,recoverable,False
3.5666666666666567,428,3,12,11,12,PLAYING,-0.007238814607262611,0.006280854344367981,0.09022638946771622,-0.0781278926444164,-0.07254487062825565,0.006336021503140212,True,False,3,recoverable,False
3.633333333333323,436,3,12,11,12,PLAYING,-0.006280399858951569,0.006227806210517883,0.09032497555017471,-0.07758824221130238,-0.07271227234878411,0.006285975830798172,True,False,3,recoverable,False
3.6999999999999895,444,3,12,11,12,PLAYING,-0.005305001512169838,0.006177112460136414,0.09040547162294388,-0.0770412569240602,-0.07290870376080866,0.0062220745762332635,True,False,3,recoverable,False
3.766666666666656,452,3,12,11,12,PLAYING,-0.0042948611080646515,0.006122387945652008,0.09046928584575653,-0.07648715255422134,-0.07310989811569757,0.006166659850391293,True,False,3,recoverable,False
3.8333333333333224,460,3,12,11,12,PLAYING,-0.0033747516572475433,0.006093934178352356,0.09053386002779007,-0.07622633797450924,-0.07325671883134835,0.006102255300354551,True,False,3,recoverable,False
3.899999999999989,468,3,12,11,12,PLAYING,-0.0024909190833568573,0.006078459322452545,0.09059123694896698,-0.07611289526200946,-0.07337976264660825,0.0060911395266157,True,False,3,recoverable,False
3.9666666666666552,476,3,12,11,12,PLAYING,-0.0015428103506565094,0.006058812141418457,0.09062924981117249,-0.07601698220711482,-0.0735344676200179,0.006070277965251553,True,False,3,recoverable,False
4.0333333333333234,484,3,12,11,12,PLAYING,-0.0005690809339284897,0.006036490201950073,0.09064987301826477,-0.07591000710431692,-0.07371038646485067,0.0060486307787730965,True,False,3,recoverable,False
4.099999999999993,492,3,12,11,12,PLAYING,0.00040891021490097046,0.006017319858074188,0.09065669029951096,-0.07581558635798287,-0.07388396985182082,0.006038591705313161,True,False,3,recoverable,False
4.166666666666663,500,3,12,11,12,PLAYING,0.0014228224754333496,0.005996435880661011,0.09063977748155594,-0.07572026522094419,-0.0740654517178686,0.006012153709164881,True,False,3,recoverable,False
4.233333333333333,508,3,12,11,12,PLAYING,0.002465108409523964,0.005976922810077667,0.09060078114271164,-0.07561566746968042,-0.07424922929650471,0.005973861753946319,True,False,3,recoverable,False
4.300000000000003,516,3,12,11,12,PLAYING,0.0035095270723104477,0.005956806242465973,0.09054171293973923,-0.07553281922725713,-0.07443508670773658,0.005941532243173545,True,False,3,recoverable,False
4.366666666666673,524,3,12,11,12,PLAYING,0.004564138129353523,0.005947217345237732,0.09044889360666275,-0.0754175149191106,-0.07459049213672947,0.005960639343469895,True,False,3,recoverable,False
4.433333333333343,532,3,12,11,12,PLAYING,0.005503620952367783,0.005974382162094116,0.09035312384366989,-0.07551956258810938,-0.0746379693415397,0.005962391973767144,True,False,3,recoverable,False
4.500000000000013,540,3,12,11,12,PLAYING,0.006260262802243233,0.006046287715435028,0.09026546776294708,-0.0762675079170354,-0.07459616928526774,0.006018605155471019,True,False,3,recoverable,False
4.566666666666683,548,3,12,11,12,PLAYING,0.007119055837392807,0.006116710603237152,0.09016233682632446,-0.07705920460936132,-0.07462992605842367,0.006097660266050981,True,False,3,recoverable,False
4.633333333333353,556,3,12,11,12,PLAYING,0.008046168833971024,0.0061834752559661865,0.09003689140081406,-0.07785976950173465,-0.07467808223166125,0.00618641615931882,True,False,3,recoverable,False
4.700000000000023,564,3,12,11,12,PLAYING,0.009024880826473236,0.006223171949386597,0.0899403840303421,-0.07821968400541081,-0.07435169546098808,0.006233177421695256,True,False,3,recoverable,False
4.766666666666693,572,3,12,11,12,PLAYING,0.010101119056344032,0.00621332973241806,0.08986874669790268,-0.07807983621816476,-0.07365478593140017,0.006230823109333429,True,False,3,recoverable,False
4.833333333333363,580,3,12,11,12,PLAYING,0.011205224320292473,0.006205789744853973,0.08977073431015015,-0.07802271574721524,-0.07298020358807997,0.006234942335970197,True,False,3,recoverable,False
4.900000000000033,588,3,12,11,12,PLAYING,0.012013882398605347,0.006190069019794464,0.08983954042196274,-0.077956198351554,-0.07272825269326852,0.0062348591509129225,True,False,3,recoverable,False
4.966666666666703,596,3,12,11,12,PLAYING,0.01269812136888504,0.006194218993186951,0.08996269851922989,-0.07801885805375847,-0.07272530492358496,0.006248085458990931,True,False,3,recoverable,False
5.033333333333373,604,3,12,11,12,PLAYING,0.013463259674608707,0.006197609007358551,0.0900806337594986,-0.07808187326655003,-0.07280433488914269,0.006224878706788446,True,False,3,recoverable,False
5.100000000000043,612,3,12,11,12,PLAYING,0.014289746060967445,0.006197787821292877,0.09018782526254654,-0.07813434321568813,-0.07292174304108608,0.006255029393542288,True,False,3,recoverable,False
5.166666666666713,620,3,12,11,12,PLAYING,0.015146981924772263,0.00618772953748703,0.09030039608478546,-0.07803401828218991,-0.07294740256397345,0.0062562231467044845,True,False,3,recoverable,False
5.233333333333383,628,3,12,11,12,PLAYING,0.016043931245803833,0.0061724260449409485,0.09040003269910812,-0.07791575142212476,-0.0729802734384829,0.006227319006467749,True,False,3,recoverable,False
5.300000000000053,636,3,12,11,12,PLAYING,0.016993260011076927,0.006162047386169434,0.0904911532998085,-0.07779208345418082,-0.07303465608803607,0.00619978470499914,True,False,3,recoverable,False
5.366666666666723,644,3,12,11,12,PLAYING,0.017934687435626984,0.006146907806396484,0.090562604367733,-0.07776364541241274,-0.0731397810450992,0.006208359416803143,True,False,3,recoverable,False
5.433333333333393,652,3,12,11,12,PLAYING,0.018881073221564293,0.006146334111690521,0.0906137079000473,-0.07768343223049595,-0.07318361361077141,0.006136301587209636,True,False,3,recoverable,False
5.500000000000063,660,3,12,11,12,PLAYING,0.0199090875685215,0.006135009229183197,0.0906495675444603,-0.07757238635904001,-0.07329215713504997,0.006080199080454297,True,False,3,recoverable,False
5.566666666666733,668,3,12,11,12,PLAYING,0.020927703008055687,0.006111674010753632,0.09066827595233917,-0.07749249511089037,-0.07340313882341916,0.006084640573393092,True,False,3,recoverable,False
5.633333333333403,676,3,12,11,12,PLAYING,0.021952934563159943,0.006094112992286682,0.0906745195388794,-0.07739972089332318,-0.0734685072827249,0.006054167166189403,True,False,3,recoverable,False
5.700000000000073,684,3,12,11,12,PLAYING,0.022995855659246445,0.006080515682697296,0.0906534492969513,-0.07727580787727852,-0.0735397676877978,0.005986799478056692,True,False,3,recoverable,False
5.766666666666743,692,3,12,11,12,PLAYING,0.02406500279903412,0.006075039505958557,0.09059062600135803,-0.07722026408745783,-0.07362520083987861,0.005984880992531271,True,False,3,recoverable,False
5.833333333333413,700,3,12,11,12,PLAYING,0.02515292540192604,0.006068266928195953,0.09050688147544861,-0.07711604448188833,-0.07368261742332931,0.0059698901371831314,True,False,3,recoverable,False
5.900000000000083,708,3,12,11,12,PLAYING,0.026247790083289146,0.00605686753988266,0.09039871394634247,-0.07701801552692951,-0.07371297145445235,0.005942167829582657,True,False,3,recoverable,False
5.966666666666753,716,3,12,11,12,PLAYING,0.027391135692596436,0.006049811840057373,0.09027361124753952,-0.07683280661791,-0.07375779795467742,0.0060446936003694775,True,False,3,recoverable,False
6.033333333333423,724,3,12,11,12,PLAYING,0.028651580214500427,0.006022445857524872,0.09012382477521896,-0.07654177232443225,-0.07376438259232794,0.006034524895012231,True,False,3,recoverable,False
6.100000000000093,732,3,12,11,12,PLAYING,0.02991928718984127,0.006001099944114685,0.0899333655834198,-0.07617632063547555,-0.07372630393707946,0.006067651294530541,True,False,3,recoverable,False
6.166666666666763,740,3,12,11,12,PLAYING,0.03107026219367981,0.005990207195281982,0.08973801881074905,-0.07621967005634481,-0.0736228863498303,0.006103983931354104,True,False,3,recoverable,False
6.233333333333433,748,3,12,11,12,PLAYING,0.031966108828783035,0.00603620707988739,0.08955150842666626,-0.07696654955839194,-0.07343395342364024,0.006163078800149911,True,False,3,recoverable,False
6.300000000000103,756,3,12,11,12,PLAYING,0.03242246434092522,0.006109073758125305,0.08957453817129135,-0.07779445741734589,-0.07372342187494882,0.006186790770840894,True,False,3,recoverable,False
6.366666666666773,764,3,12,11,12,PLAYING,0.03297486528754234,0.006174430251121521,0.08962465077638626,-0.07856910253711553,-0.07412321693271375,0.006235916436331092,True,False,3,recoverable,False
6.433333333333443,772,3,12,11,12,PLAYING,0.033650629222393036,0.00623495876789093,0.08967741578817368,-0.07934727216255338,-0.07465282297713001,0.0062626144029066565,True,False,3,recoverable,False
6.500000000000113,780,3,12,11,12,PLAYING,0.03432726114988327,0.006315968930721283,0.08969034999608994,-0.08035336873142124,-0.07532567972842638,0.006342880466654219,True,False,3,recoverable,False
6.566666666666783,788,3,12,11,12,PLAYING,0.03511035814881325,0.006325244903564453,0.08978058397769928,-0.08062763089927612,-0.07548712057586174,0.0064179383214104865,True,False,3,recoverable,False
6.633333333333453,796,3,12,11,12,PLAYING,0.03597630560398102,0.006314873695373535,0.08990180492401123,-0.08055386147213758,-0.0754479939741132,0.006367725951343748,True,False,3,recoverable,False
6.700000000000123,804,3,12,11,12,PLAYING,0.03687082603573799,0.0063148364424705505,0.09000540524721146,-0.08054401661151432,-0.07546332125199114,0.006344700131454386,True,False,3,recoverable,False
6.766666666666793,812,3,12,11,12,PLAYING,0.037763867527246475,0.00630294531583786,0.09009280055761337,-0.08055149884921647,-0.07548274864306488,0.006322458457842785,True,False,3,recoverable,False
6.833333333333463,820,3,12,11,12,PLAYING,0.0386686697602272,0.006303571164608002,0.09015943109989166,-0.08063352160919347,-0.07553067865786492,0.006318151507792823,True,False,3,recoverable,False
6.900000000000133,828,3,12,11,12,PLAYING,0.03960762917995453,0.006309419870376587,0.09022011607885361,-0.08062803285962077,-0.07557376066428731,0.006231940941010178,True,False,3,recoverable,False
6.966666666666803,836,3,12,11,12,PLAYING,0.040558166801929474,0.006303377449512482,0.09026206284761429,-0.08067576102379449,-0.07560428942553278,0.00624127232118457,True,False,3,recoverable,False
7.033333333333473,844,3,12,11,12,PLAYING,0.04152846336364746,0.0062965452671051025,0.09028712660074234,-0.0807125418512527,-0.07564398852181455,0.006197236340589978,True,False,3,recoverable,False
7.100000000000143,852,3,12,11,12,PLAYING,0.04252195358276367,0.006291106343269348,0.09029500186443329,-0.08072539812225764,-0.07567856293522143,0.006140348666116428,True,False,3,recoverable,False
7.166666666666813,860,3,12,11,12,PLAYING,0.043525442481040955,0.006277643144130707,0.0902831181883812,-0.08078730641492857,-0.07571301659889035,0.00612522094514524,True,False,3,recoverable,False
7.233333333333483,868,3,12,11,12,PLAYING,0.044547855854034424,0.006235726177692413,0.09028562903404236,-0.0804891434048148,-0.07544501293626563,0.006082664157813424,True,False,3,recoverable,False
7.300000000000153,876,3,12,11,12,PLAYING,0.04563194140791893,0.006189674139022827,0.09027479588985443,-0.07998754297486879,-0.07506551338831917,0.006074262316329486,True,False,3,recoverable,False
7.366666666666823,884,3,12,11,12,PLAYING,0.04674609750509262,0.006155781447887421,0.09023382514715195,-0.07949154572346107,-0.07468069230771647,0.006030756029083943,True,False,3,recoverable,False
7.4333333333334926,892,3,12,11,12,PLAYING,0.04788690805435181,0.006119988858699799,0.09016547352075577,-0.07898229943452605,-0.0742771368964161,0.0060070924196052615,True,False,3,recoverable,False
7.5000000000001625,900,3,12,11,12,PLAYING,0.04905858263373375,0.006078898906707764,0.09006800502538681,-0.07847013080221611,-0.07386581428562927,0.005986337412035885,True,False,3,recoverable,False
7.5666666666668325,908,3,12,11,12,PLAYING,0.05026814341545105,0.0060350000858306885,0.08994098752737045,-0.07791103074988882,-0.07342917018523328,0.0059526523180471694,True,False,3,recoverable,False
7.6333333333335025,916,3,12,11,12,PLAYING,0.051497891545295715,0.00598347932100296,0.08978716284036636,-0.07731832477382695,-0.07294243928285381,0.005922019161459646,True,False,3,recoverable,False
7.7000000000001725,924,3,12,11,12,PLAYING,0.05281937122344971,0.005893521010875702,0.08962603658437729,-0.07637151271082881,-0.07223681720268194,0.0058911233705714675,True,False,3,recoverable,False
7.7666666666668425,932,3,12,11,12,PLAYING,0.054028794169425964,0.005820602178573608,0.08950810879468918,-0.07569921660113424,-0.07151484411254025,0.005876655385584361,True,False,3,recoverable,False
7.8333333333335124,940,3,12,11,12,PLAYING,0.054633669555187225,0.005828931927680969,0.08956144005060196,-0.07591316564596601,-0.07118873458458182,0.005871593955644396,True,False,3,recoverable,False
7.900000000000182,948,3,12,11,12,PLAYING,0.055405788123607635,0.005850642919540405,0.08960311859846115,-0.07607239064620316,-0.07097457922597299,0.0057790442264506504,True,False,3,recoverable,False
7.966666666666852,956,3,12,11,12,PLAYING,0.05627750977873802,0.005851030349731445,0.08963584899902344,-0.07624624684924272,-0.07082155955892125,0.005830776760268173,True,False,3,recoverable,False
8.033333333333518,964,3,12,11,12,PLAYING,0.05719459056854248,0.0058592334389686584,0.08965114504098892,-0.07642045335908175,-0.0707029845431055,0.005840648188418246,True,False,3,recoverable,False
8.10000000000018,972,3,12,11,12,PLAYING,0.05812594294548035,0.005852468311786652,0.08964717388153076,-0.0766371786429541,-0.07058255145644049,0.005885594148990597,True,False,3,recoverable,False
8.166666666666844,980,3,12,11,12,PLAYING,0.05913674086332321,0.00584990531206131,0.08962811529636383,-0.07683015725590993,-0.07048447658640866,0.00595157120550324,True,False,3,recoverable,False
8.233333333333507,988,3,12,11,12,PLAYING,0.06000261753797531,0.005857110023498535,0.08965478837490082,-0.07702830830369128,-0.07053200186661313,0.0059525495892948956,True,False,3,recoverable,False
8.30000000000017,996,3,12,11,12,PLAYING,0.060632310807704926,0.005867563188076019,0.08976487070322037,-0.07734988114141725,-0.0708153943850221,0.0060681287234316495,True,False,3,recoverable,False
8.366666666666832,1004,3,12,11,12,PLAYING,0.06134079396724701,0.005892835557460785,0.08985716104507446,-0.07764704776793621,-0.07119029002030187,0.006114481418399939,True,False,3,recoverable,False
8.433333333333495,1012,3,12,11,12,PLAYING,0.06209174543619156,0.005894005298614502,0.08995091915130615,-0.07794278435144218,-0.07159348299778036,0.006208678611488413,True,False,3,recoverable,False
8.500000000000158,1020,3,12,11,12,PLAYING,0.06288880109786987,0.005921468138694763,0.09003166109323502,-0.07821124238876973,-0.07205123594746803,0.006245087657580335,True,False,3,recoverable,False
8.566666666666821,1028,3,12,11,12,PLAYING,0.0637192577123642,0.0059347376227378845,0.09008924663066864,-0.0784882734670492,-0.07252479547372283,0.006313327847767463,True,False,3,recoverable,False
8.633333333333484,1036,3,12,11,12,PLAYING,0.06453265994787216,0.005924001336097717,0.09013790637254715,-0.07871009461720588,-0.07298567477440267,0.006428347777757556,True,False,3,recoverable,False
8.700000000000147,1044,3,12,11,12,PLAYING,0.06540974974632263,0.005929768085479736,0.09017553180456161,-0.0790005036109051,-0.0734993582727284,0.006519795437566225,True,False,3,recoverable,False
8.76666666666681,1052,3,12,11,12,PLAYING,0.06632629781961441,0.005953513085842133,0.09020239859819412,-0.07926771109483263,-0.07401465029147454,0.00649523038284521,True,False,3,recoverable,False
8.833333333333472,1060,3,12,11,12,PLAYING,0.06726638972759247,0.00597255676984787,0.09021655470132828,-0.079509659961325,-0.07452711417242798,0.006499542832966742,True,False,3,recoverable,False
8.900000000000135,1068,3,12,11,12,PLAYING,0.06822255253791809,0.005957998335361481,0.09025456756353378,-0.07937919666654561,-0.07476661810170201,0.0064833678908517356,True,False,3,recoverable,False
8.966666666666798,1076,3,12,11,12,PLAYING,0.06927357614040375,0.005887709558010101,0.09032225608825684,-0.07865593421137673,-0.07463092804411467,0.00641842643959975,True,False,3,recoverable,False
9.033333333333461,1084,3,12,11,12,PLAYING,0.07033903896808624,0.005814574658870697,0.09037009626626968,-0.07793229442559643,-0.07450010636630323,0.006342681076910215,True,False,3,recoverable,False
9.100000000000124,1092,3,12,11,12,PLAYING,0.07141918689012527,0.005736194550991058,0.09039586782455444,-0.07720140332317904,-0.07436702109109257,0.0062807907246323165,True,False,3,recoverable,False
9.166666666666787,1100,3,12,11,12,PLAYING,0.07251618802547455,0.005659520626068115,0.09039989858865738,-0.07640192699316926,-0.0742166974692014,0.006239684202602521,True,False,3,recoverable,False
9.23333333333345,1108,3,12,11,12,PLAYING,0.07361631095409393,0.005595266819000244,0.09038910269737244,-0.07560293544584533,-0.07407001516531517,0.006252726389926249,True,False,3,recoverable,False
9.300000000000113,1116,3,12,11,12,PLAYING,0.07475118339061737,0.0055191293358802795,0.09035655111074448,-0.07471793641779566,-0.07388612005687423,0.006281046398290136,True,False,3,recoverable,False
9.366666666666775,1124,3,12,11,12,PLAYING,0.0757632628083229,0.005465328693389893,0.0903208777308464,-0.07415903687238527,-0.07359164007638024,0.006319214124583763,True,False,3,recoverable,False
9.433333333333438,1132,3,12,11,12,PLAYING,0.0765957310795784,0.005473911762237549,0.09029427170753479,-0.07429384266025747,-0.07323936580814183,0.006322693832492025,True,False,3,recoverable,False
9.500000000000101,1140,3,12,11,12,PLAYING,0.07748740911483765,0.0055056363344192505,0.09024342149496078,-0.07448442475054119,-0.072946182387865,0.006372767859969948,True,False,3,recoverable,False
9.566666666666764,1148,3,12,11,12,PLAYING,0.07846417278051376,0.005519308149814606,0.09017255902290344,-0.07469395037564705,-0.07265526492879264,0.006404213211078638,True,False,3,recoverable,False
9.633333333333427,1156,3,12,11,12,PLAYING,0.07949338853359222,0.0055361539125442505,0.09007803350687027,-0.07488328084696422,-0.0723720738529935,0.00644408014792468,True,False,3,recoverable,False
9.70000000000009,1164,3,12,11,12,PLAYING,0.08057078719139099,0.0055504292249679565,0.08996162563562393,-0.07512175619332996,-0.07209904408053497,0.006478984258473528,True,False,3,recoverable,False
9.766666666666753,1172,3,12,11,12,PLAYING,0.08169733732938766,0.005574114620685577,0.08982197195291519,-0.0753303104867356,-0.0717920891177057,0.006493040315997404,True,False,3,recoverable,False
9.833333333333416,1180,3,12,11,12,PLAYING,0.08262362331151962,0.005584605038166046,0.08979122340679169,-0.07558978400974134,-0.07183688285832238,0.006534258516496888,True,False,3,recoverable,False
9.900000000000079,1188,3,12,11,12,PLAYING,0.08324772119522095,0.0056274160742759705,0.08986623585224152,-0.076117117336775,-0.07218142913691608,0.006586730051050619,True,False,3,recoverable,False
9.966666666666741,1196,3,12,11,12,PLAYING,0.08389689028263092,0.005681484937667847,0.08994822949171066,-0.07662616414274125,-0.072473692230586,0.0065220937740086355,True,False,3,recoverable,False
10.033333333333404,1204,3,12,11,12,PLAYING,0.08462424576282501,0.005738936364650726,0.09001653641462326,-0.0772116565398546,-0.07288515758404518,0.00655708460783,True,False,3,recoverable,False
10.100000000000067,1212,3,12,11,12,PLAYING,0.08543011546134949,0.005732424557209015,0.09013469517230988,-0.07713654980684093,-0.07285568657789032,0.006529726723794681,True,False,3,recoverable,False
10.16666666666673,1220,3,12,11,12,PLAYING,0.0862991213798523,0.005698703229427338,0.09024292230606079,-0.07710817776627168,-0.0728794327504531,0.006593748029255614,True,False,3,recoverable,False
10.233333333333393,1228,3,12,11,12,PLAYING,0.08719505369663239,0.005685262382030487,0.09033641219139099,-0.07703381625512531,-0.07291897648310007,0.006606317933742041,True,False,3,recoverable,False
10.300000000000056,1236,3,12,11,12,PLAYING,0.08811233937740326,0.005668304860591888,0.09041258692741394,-0.0770040905664657,-0.07298167379556396,0.006600125444933719,True,False,3,recoverable,False
10.366666666666719,1244,3,12,11,12,PLAYING,0.08906309306621552,0.00564701110124588,0.09047456085681915,-0.07695886146560454,-0.07304744086321875,0.006583856443972479,True,False,3,recoverable,False
10.433333333333382,1252,3,12,11,12,PLAYING,0.09002241492271423,0.005625993013381958,0.09051769971847534,-0.07696399323250915,-0.07313168056976015,0.006593295945394134,True,False,3,recoverable,False
10.500000000000044,1260,3,12,11,12,PLAYING,0.09100526571273804,0.005612589418888092,0.0905407965183258,-0.07694623621091876,-0.07321260563445743,0.0066190576423923965,True,False,3,recoverable,False
10.566666666666707,1268,3,12,11,12,PLAYING,0.09202539175748825,0.00562567263841629,0.09054551273584366,-0.07692072479154322,-0.0733339956366252,0.006593732742831379,True,False,3,recoverable,False
10.63333333333337,1276,3,12,11,12,PLAYING,0.09302768856287003,0.005638338625431061,0.09052788466215134,-0.07688836902708096,-0.07339205709766279,0.006520805151423999,True,False,3,recoverable,False
10.700000000000033,1284,3,12,11,12,PLAYING,0.0940774530172348,0.005635268986225128,0.09048965573310852,-0.07681141661101958,-0.07345536930410228,0.006491933929254718,True,False,3,recoverable,False
10.766666666666696,1292,3,12,11,12,PLAYING,0.09510786831378937,0.005631297826766968,0.09042565524578094,-0.07678271711045997,-0.07350594495378478,0.006483641651553023,True,False,3,recoverable,False
10.833333333333359,1300,3,12,11,12,PLAYING,0.09619937092065811,0.0056271180510520935,0.09034154564142227,-0.0768117689778305,-0.07360135770870406,0.006500718508862406,True,False,3,recoverable,False
10.900000000000022,1308,3,12,11,12,PLAYING,0.09733083844184875,0.005643270909786224,0.09023379534482956,-0.07673379030640569,-0.0736665716963698,0.0063701915698616855,True,False,3,recoverable,False
10.966666666666685,1316,3,12,11,12,PLAYING,0.09852276742458344,0.005649551749229431,0.09010346978902817,-0.07657119953242389,-0.07371867306903787,0.006295142463099853,True,False,3,recoverable,False
11.033333333333347,1324,3,12,11,12,PLAYING,0.09969544410705566,0.005644954741001129,0.08998143672943115,-0.07640839564436958,-0.07382598782750038,0.006214917946271096,True,False,3,recoverable,False
11.10000000000001,1332,3,12,11,12,PLAYING,0.10050129890441895,0.005675211548805237,0.08999843150377274,-0.07663181377500189,-0.07423056445153978,0.006158891098295221,True,False,3,recoverable,False
11.166666666666673,1340,3,12,11,12,PLAYING,0.10107313841581345,0.00574125349521637,0.09002561867237091,-0.07743301000323569,-0.07450410349557776,0.006210489259280098,True,False,3,recoverable,False
11.233333333333336,1348,3,12,11,12,PLAYING,0.1017984002828598,0.005769863724708557,0.09008991718292236,-0.0778091197556739,-0.0745620888082693,0.006187705771894226,True,False,3,recoverable,False
11.299999999999999,1356,3,12,11,12,PLAYING,0.10262324661016464,0.005762599408626556,0.09018775820732117,-0.07769872457290614,-0.07432336178146065,0.006149628922051733,True,False,3,recoverable,False
11.366666666666662,1364,3,12,11,12,PLAYING,0.10351613163948059,0.005738280713558197,0.09027878940105438,-0.07759727155998902,-0.07411271585336927,0.0061245553940337035,True,False,3,recoverable,False
11.433333333333325,1372,3,12,11,12,PLAYING,0.10444069653749466,0.005732402205467224,0.09035225212574005,-0.07753281834059512,-0.07392837829961584,0.006090534679526534,True,False,3,recoverable,False
11.499999999999988,1380,3,12,11,12,PLAYING,0.10537973791360855,0.005726352334022522,0.0904134213924408,-0.07749252241319957,-0.07375293765397246,0.006064461261973949,True,False,3,recoverable,False
11.56666666666665,1388,3,12,11,12,PLAYING,0.10635222494602203,0.0057130008935928345,0.09045635163784027,-0.07743682385567208,-0.07357832590222348,0.006017317043942993,True,False,3,recoverable,False
11.633333333333313,1396,3,12,11,12,PLAYING,0.10733041167259216,0.00570138543844223,0.09048391878604889,-0.07736273533938805,-0.073389183982591,0.005983683471220959,True,False,3,recoverable,False
11.699999999999976,1404,3,12,11,12,PLAYING,0.10835134983062744,0.005692042410373688,0.09048325568437576,-0.07733774802298977,-0.07320207159069175,0.00597921161013767,True,False,3,recoverable,False
11.766666666666639,1412,3,12,11,12,PLAYING,0.10938239097595215,0.005688369274139404,0.09045965224504471,-0.07737213824989436,-0.07302989558453821,0.005968982038657816,True,False,3,recoverable,False
11.833333333333302,1420,3,12,11,12,PLAYING,0.11045967042446136,0.005688861012458801,0.09041574597358704,-0.07736200605180997,-0.07284502444186712,0.00598573715970984,True,False,3,recoverable,False
11.899999999999965,1428,3,12,11,12,PLAYING,0.11157035827636719,0.005677931010723114,0.09035052359104156,-0.07734448234770946,-0.07264745221944875,0.005995050899317081,True,False,3,recoverable,False
11.966666666666628,1436,3,12,11,12,PLAYING,0.11270356178283691,0.005676455795764923,0.09025932848453522,-0.07733696853201837,-0.07244404552610707,0.006003789059863348,True,False,3,recoverable,False
12.03333333333329,1444,3,12,11,12,PLAYING,0.11384892463684082,0.005664236843585968,0.09013951569795609,-0.07734573241855068,-0.07223074399007376,0.006015559409758713,True,False,3,recoverable,False
12.099999999999953,1452,3,12,11,12,PLAYING,0.11491397023200989,0.005666278302669525,0.09007126837968826,-0.07725176382106279,-0.07215992600344995,0.0059863271170902555,True,False,3,recoverable,False
12.166666666666616,1460,3,12,11,12,PLAYING,0.11568352580070496,0.0056674182415008545,0.09012904763221741,-0.07737121764425187,-0.07244357605707347,0.005962104063437337,True,False,3,recoverable,False
12.23333333333328,1468,3,12,11,12,PLAYING,0.11656098812818527,0.005674898624420166,0.09017463773488998,-0.07741889147857871,-0.07284262739358596,0.005898089544219544,True,False,3,recoverable,False
12.299999999999942,1476,3,12,11,12,PLAYING,0.11746205389499664,0.005679339170455933,0.09020661562681198,-0.07739947040289542,-0.07321914393245846,0.005847837621753253,True,False,3,recoverable,False
12.366666666666605,1484,3,12,11,12,PLAYING,0.11840803176164627,0.005679093301296234,0.09022236615419388,-0.07737128131654925,-0.07363772939689137,0.0057732311142271835,True,False,3,recoverable,False
12.433333333333268,1492,3,12,11,12,PLAYING,0.11940537393093109,0.005690447986125946,0.09021780639886856,-0.07734287247908879,-0.07410629256559681,0.005681240236822396,True,False,3,recoverable,False
12.49999999999993,1500,3,12,11,12,PLAYING,0.12041512131690979,0.005688630044460297,0.09019342064857483,-0.07730972599964095,-0.07456999997676055,0.005577543063737435,True,False,3,recoverable,False
12.566666666666594,1508,3,12,11,12,PLAYING,0.12149175256490707,0.005602911114692688,0.0902419313788414,-0.07641590772972079,-0.0744254054644307,0.0055212735090309365,True,False,3,recoverable,False
12.633333333333256,1516,3,12,11,12,PLAYING,0.1226082518696785,0.005494527518749237,0.09025897830724716,-0.07552842127369622,-0.07429776805763952,0.005483969460824638,True,False,3,recoverable,False
12.69999999999992,1524,3,12,11,12,PLAYING,0.12363141030073166,0.005450509488582611,0.09029026329517365,-0.07492976640535359,-0.07406441189922962,0.00533150997929145,True,False,3,recoverable,False
12.766666666666582,1532,3,12,11,12,PLAYING,0.12446277588605881,0.005450323224067688,0.09032149612903595,-0.07493314885628752,-0.07376622270839638,0.005204157554403631,True,False,3,recoverable,False
12.833333333333245,1540,3,12,11,12,PLAYING,0.12535126507282257,0.005438365042209625,0.09033263474702835,-0.075019486456138,-0.07351847266390488,0.00520752412532437,True,False,3,recoverable,False
12.899999999999908,1548,3,12,11,12,PLAYING,0.12632976472377777,0.005437679588794708,0.09032486379146576,-0.07504686465495959,-0.07328497808794823,0.005178009201773485,True,False,3,recoverable,False
12.96666666666657,1556,3,12,11,12,PLAYING,0.12732210755348206,0.005446098744869232,0.09030590206384659,-0.07507305843027208,-0.07307239771461803,0.005199471073326128,True,False,3,recoverable,False
13.033333333333234,1564,3,12,11,12,PLAYING,0.1283644735813141,0.005443975329399109,0.09025916457176208,-0.07512639651493512,-0.07285552857618405,0.005209386614322599,True,False,3,recoverable,False
13.099999999999897,1572,3,12,11,12,PLAYING,0.1294286847114563,0.005438484251499176,0.09018490463495255,-0.07520247833872219,-0.07263996996121376,0.005246084121029199,True,False,3,recoverable,False
13.16666666666656,1580,3,12,11,12,PLAYING,0.13052327930927277,0.005435623228549957,0.0900912806391716,-0.07525764049060124,-0.07240086940812632,0.0053119091480510125,True,False,3,recoverable,False
13.233333333333222,1588,3,12,11,12,PLAYING,0.1316516250371933,0.005420878529548645,0.08997265994548798,-0.07530472030240418,-0.07214845668162172,0.005353074446320686,True,False,3,recoverable,False
13.299999999999885,1596,3,12,11,12,PLAYING,0.13278532028198242,0.0053999051451683044,0.08982706069946289,-0.07533955487178948,-0.07185627945681715,0.00539296864827852,True,False,3,recoverable,False
13.366666666666548,1604,3,12,11,12,PLAYING,0.1338488608598709,0.005378596484661102,0.08973098546266556,-0.07534845867308221,-0.07173684191945763,0.005471499958139269,True,False,3,recoverable,False
13.433333333333211,1612,3,12,11,12,PLAYING,0.13456441462039948,0.005417667329311371,0.08979777991771698,-0.07557869676732643,-0.07214243905881418,0.005409608477790127,True,False,3,recoverable,False
13.499999999999874,1620,3,12,11,12,PLAYING,0.13532590866088867,0.005444690585136414,0.089850515127182,-0.07576846047495377,-0.07257626409128005,0.005342862495613603,True,False,3,recoverable,False
13.566666666666537,1628,3,12,11,12,PLAYING,0.13618381321430206,0.005475178360939026,0.08989530801773071,-0.07590165055311567,-0.07308491710780839,0.0052597647961567795,True,False,3,recoverable,False
13.6333333333332,1636,3,12,11,12,PLAYING,0.13706672191619873,0.005495861172676086,0.08992691338062286,-0.07595608558715564,-0.07356433832187002,0.0051854196754560185,True,False,3,recoverable,False
13.699999999999863,1644,3,12,11,12,PLAYING,0.13798856735229492,0.005506440997123718,0.08994371443986893,-0.07602717326646063,-0.07408405897425951,0.005112166578390993,True,False,3,recoverable,False
13.766666666666525,1652,3,12,11,12,PLAYING,0.1388985514640808,0.005532875657081604,0.08995996415615082,-0.07625898078566341,-0.074584834343845,0.005060379493322698,True,False,3,recoverable,False
13.833333333333188,1660,3,12,11,12,PLAYING,0.13982760906219482,0.005566999316215515,0.08995728939771652,-0.07660572066853004,-0.07512244234580549,0.005040006236508882,True,False,3,recoverable,False
13.899999999999851,1668,3,12,11,12,PLAYING,0.14079590141773224,0.005592070519924164,0.08994174748659134,-0.07683793162401477,-0.07561164956728557,0.00504698765332854,True,False,3,recoverable,False
13.966666666666514,1676,3,12,11,12,PLAYING,0.1417762041091919,0.0055852532386779785,0.08996668457984924,-0.0767011656136434,-0.07575865878252046,0.004996115024390401,True,False,3,recoverable,False
14.033333333333177,1684,3,12,11,12,PLAYING,0.14245837926864624,0.0056081488728523254,0.08998911827802658,-0.07709080515783202,-0.07568467440940191,0.0050227490878428545,True,False,3,recoverable,False
14.09999999999984,1692,3,12,11,12,PLAYING,0.14324434101581573,0.0056350454688072205,0.0900149792432785,-0.07740685161944591,-0.0755981089683249,0.0050214193890083594,True,False,3,recoverable,False
14.166666666666503,1700,3,12,11,12,PLAYING,0.14408555626869202,0.0056640952825546265,0.0900244489312172,-0.07778422728708898,-0.0755664496161987,0.005005019488487999,True,False,3,recoverable,False
14.233333333333166,1708,3,12,11,12,PLAYING,0.1449609249830246,0.005692377686500549,0.09002242982387543,-0.07823199638080816,-0.07556318258487148,0.005045842723145931,True,False,3,recoverable,False
14.299999999999828,1716,3,12,11,12,PLAYING,0.14588309824466705,0.00572417676448822,0.0900098904967308,-0.07864784108886454,-0.07553769265382185,0.005013814922473568,True,False,3,recoverable,False
14.366666666666491,1724,3,12,11,12,PLAYING,0.14681413769721985,0.00577303022146225,0.08997451514005661,-0.07910706686212989,-0.07555598096755674,0.0049989800476535,True,False,3,recoverable,False
14.433333333333154,1732,3,12,11,12,PLAYING,0.1477561891078949,0.005758360028266907,0.08998646587133408,-0.07901065036596812,-0.07503849348249875,0.005029407677769203,True,False,3,recoverable,False
14.499999999999817,1740,3,12,11,12,PLAYING,0.14877985417842865,0.005752958357334137,0.08999141305685043,-0.07877915710014097,-0.07447660609591471,0.004987998267768977,True,False,3,recoverable,False
14.56666666666648,1748,3,12,11,12,PLAYING,0.14982567727565765,0.0057362765073776245,0.08997537940740585,-0.07853734596941819,-0.07388801366858216,0.004971666734907464,True,False,3,recoverable,False
14.633333333333143,1756,3,12,11,12,PLAYING,0.15090522170066833,0.0057193562388420105,0.08993754535913467,-0.07837308333443589,-0.07331225970859953,0.00498466706961624,True,False,3,recoverable,False
14.699999999999806,1764,3,12,11,12,PLAYING,0.152009516954422,0.005699232220649719,0.08987058699131012,-0.07818452986261794,-0.07269806443054753,0.004995949641667736,True,False,3,recoverable,False
14.766666666666469,1772,3,12,11,12,PLAYING,0.15315335988998413,0.005685664713382721,0.08978196233510971,-0.078001556647811,-0.07209048025154856,0.004976000172694554,True,False,3,recoverable,False
14.833333333333131,1780,3,12,11,12,PLAYING,0.15433166921138763,0.005663342773914337,0.0896955132484436,-0.07778779670054287,-0.07153195106756466,0.005004261517790807,True,False,3,recoverable,False
14.899999999999794,1788,3,12,11,12,PLAYING,0.15504851937294006,0.005678489804267883,0.08982425928115845,-0.07772530832011294,-0.0715298762657741,0.004956899855220657,True,False,3,recoverable,False
14.966666666666457,1796,3,12,11,12,PLAYING,0.15585112571716309,0.005679324269294739,0.0899396762251854,-0.07765201001063404,-0.07161082947103936,0.004936656090793372,True,False,3,recoverable,False
15.03333333333312,1804,3,12,11,12,PLAYING,0.15672728419303894,0.0056740641593933105,0.09004329144954681,-0.07754605957690702,-0.07175416101661797,0.004925154400397301,True,False,3,recoverable,False
15.099999999999783,1812,3,12,11,12,PLAYING,0.15764176845550537,0.005663394927978516,0.09013137966394424,-0.077458694968954,-0.07194317401535016,0.004897793606848551,True,False,3,recoverable,False
15.166666666666446,1820,3,12,11,12,PLAYING,0.15858937799930573,0.005654416978359222,0.09020308405160904,-0.07733363697794919,-0.0721493752629751,0.004884908942385791,True,False,3,recoverable,False
15.233333333333109,1828,3,12,11,12,PLAYING,0.15955522656440735,0.00563831627368927,0.09025560319423676,-0.07722329546777568,-0.07237153861686332,0.004859155578931887,True,False,3,recoverable,False
15.299999999999772,1836,3,12,11,12,PLAYING,0.1605324000120163,0.005627796053886414,0.0902860015630722,-0.0770912418112659,-0.07259319928450615,0.004825522321272619,True,False,3,recoverable,False
15.366666666666434,1844,3,12,11,12,PLAYING,0.1614973545074463,0.005635879933834076,0.09031710028648376,-0.07693379084786443,-0.07283353668241435,0.004721978048081126,True,False,3,recoverable,False
15.433333333333097,1852,3,12,11,12,PLAYING,0.16245593130588531,0.005619078874588013,0.09034711867570877,-0.07674033262554733,-0.07313653171293123,0.004693306211568722,True,False,3,recoverable,False
15.49999999999976,1860,3,12,11,12,PLAYING,0.16347502171993256,0.005595959722995758,0.09035886079072952,-0.07649901735572737,-0.07344770030517779,0.004701588030631046,True,False,3,recoverable,False
15.566666666666423,1868,3,12,11,12,PLAYING,0.16449081897735596,0.005580022931098938,0.09034807980060577,-0.0762408967614715,-0.07375432262582558,0.00464138063720876,True,False,3,recoverable,False
15.633333333333086,1876,3,12,11,12,PLAYING,0.1655600219964981,0.005570262670516968,0.09031947702169418,-0.07597340664189593,-0.07409256355450448,0.004578015310485551,True,False,3,recoverable,False
15.699999999999749,1884,3,12,11,12,PLAYING,0.16664014756679535,0.005533479154109955,0.09026996791362762,-0.07570601455934042,-0.07440270092801073,0.004575873443683602,True,False,3,recoverable,False
15.766666666666412,1892,3,12,11,12,PLAYING,0.16758115589618683,0.005567103624343872,0.0902375653386116,-0.07605191516618914,-0.07464685921806584,0.004571706552069352,True,False,3,recoverable,False
15.833333333333075,1900,3,12,11,12,PLAYING,0.16858156025409698,0.005606785416603088,0.09017544984817505,-0.07639557019877537,-0.07495745268276151,0.004544832036891755,True,False,3,recoverable,False
15.899999999999737,1908,3,12,11,12,PLAYING,0.16949458420276642,0.005640774965286255,0.0901116207242012,-0.07683517798908035,-0.07512957873719231,0.004525266541549808,True,False,3,recoverable,False
15.9666666666664,1916,3,12,11,12,PLAYING,0.1703970581293106,0.005625724792480469,0.09009946882724762,-0.07691969616842873,-0.0748543977888418,0.004588511139603555,True,False,3,recoverable,False
16.033333333333065,1924,3,12,11,12,PLAYING,0.17141422629356384,0.005605161190032959,0.09010058641433716,-0.07662065674125826,-0.07433875757449007,0.004455600240254409,True,False,3,recoverable,False
16.099999999999728,1932,3,12,11,12,PLAYING,0.17247788608074188,0.005576625466346741,0.09008189290761948,-0.07638280843139374,-0.07385444041643643,0.00441804347712673,True,False,3,recoverable,False
16.16666666666639,1940,3,12,11,12,PLAYING,0.17355437576770782,0.005559764802455902,0.09004683047533035,-0.07614489789979138,-0.07336374440813159,0.004350465695592453,True,False,3,recoverable,False
16.233333333333054,1948,3,12,11,12,PLAYING,0.17465052008628845,0.005535975098609924,0.08998683094978333,-0.0759669890378153,-0.07286317459633124,0.004343273970327665,True,False,3,recoverable,False
16.299999999999716,1956,3,12,11,12,PLAYING,0.17578941583633423,0.005518823862075806,0.08990389853715897,-0.07577289465811135,-0.07236989331432546,0.00430439873619023,True,False,3,recoverable,False
16.36666666666638,1964,3,12,11,12,PLAYING,0.1769700050354004,0.005494922399520874,0.08979413658380508,-0.0755453512527349,-0.07184032455292581,0.004311898749077266,True,False,3,recoverable,False
16.433333333333042,1972,3,12,11,12,PLAYING,0.1781734675168991,0.005467891693115234,0.08965442329645157,-0.07533971732110271,-0.07130276218650931,0.0043009129055039345,True,False,3,recoverable,False
16.499999999999705,1980,3,12,11,12,PLAYING,0.17942339181900024,0.005426973104476929,0.08948421478271484,-0.07510828232623512,-0.07074235700875849,0.004355243849639977,True,False,3,recoverable,False
16.566666666666368,1988,3,12,11,12,PLAYING,0.18069924414157867,0.005400665104389191,0.08928481489419937,-0.07484565899566771,-0.07016702604740711,0.004310089533379792,True,False,3,recoverable,False
16.63333333333303,1996,3,12,11,12,PLAYING,0.18175308406352997,0.005382269620895386,0.08922836184501648,-0.07462541501219053,-0.06998571358135053,0.004265600541214396,True,False,3,recoverable,False
16.699999999999694,2004,3,12,11,12,PLAYING,0.18255802989006042,0.005381874740123749,0.08928336203098297,-0.07461191622302082,-0.07019386151952557,0.004228902409639137,True,False,3,recoverable,False
16.766666666666357,2012,3,12,11,12,PLAYING,0.18327446281909943,0.005388215184211731,0.08933702111244202,-0.07471200094645246,-0.07030556195962351,0.004195482206451604,True,False,3,recoverable,False
16.83333333333302,2020,3,12,11,12,PLAYING,0.18391242623329163,0.005424164235591888,0.08939468115568161,-0.07530250372769468,-0.07047277039824631,0.004214263117175234,True,False,3,recoverable,False
16.899999999999682,2028,3,12,11,12,PLAYING,0.18464604020118713,0.005470439791679382,0.0894496962428093,-0.07587463292804095,-0.07066572656290893,0.0041680205380850155,True,False,3,recoverable,False
16.966666666666345,2036,3,12,11,12,PLAYING,0.18546849489212036,0.005509823560714722,0.08948203176259995,-0.0764376112428185,-0.07091381749062911,0.004173891358321708,True,False,3,recoverable,False
17.033333333333008,2044,3,12,11,12,PLAYING,0.18633300065994263,0.00555015355348587,0.08950366079807281,-0.07702410612033399,-0.07120651503536748,0.004218356341457571,True,False,3,recoverable,False
17.09999999999967,2052,3,12,11,12,PLAYING,0.1872418224811554,0.005600720643997192,0.08951233327388763,-0.07759474632712011,-0.0715058161225148,0.0042522380917730295,True,False,3,recoverable,False
17.166666666666334,2060,3,12,11,12,PLAYING,0.18815012276172638,0.005649149417877197,0.08950699120759964,-0.0781996691709644,-0.07179140145940187,0.004241108870338821,True,False,3,recoverable,False
17.233333333332997,2068,3,12,11,12,PLAYING,0.18908190727233887,0.005693159997463226,0.08948449790477753,-0.07882061233175984,-0.0720834016478371,0.004304503097797777,True,False,3,recoverable,False
17.29999999999966,2076,3,12,11,12,PLAYING,0.19003690779209137,0.005734466016292572,0.08944244682788849,-0.07947552865498324,-0.0724108604714258,0.004340467550280831,True,False,3,recoverable,False
17.366666666666323,2084,3,12,11,12,PLAYING,0.19089198112487793,0.005744613707065582,0.0895271971821785,-0.07954695425823413,-0.07243268673464356,0.004303671126503201,True,False,3,recoverable,False
17.433333333332985,2092,3,12,11,12,PLAYING,0.19171038269996643,0.005724981427192688,0.08966914564371109,-0.07935150379288392,-0.07236524893957613,0.004268307354001481,True,False,3,recoverable,False
17.49999999999965,2100,3,12,11,12,PLAYING,0.19257162511348724,0.00569482147693634,0.08980350196361542,-0.0790869144820049,-0.07231398749565877,0.004228120973288538,True,False,3,recoverable,False
17.56666666666631,2108,3,12,11,12,PLAYING,0.1934812217950821,0.005670212209224701,0.08992186933755875,-0.07881029494450652,-0.07230529830875475,0.004222697655666275,True,False,3,recoverable,False
17.633333333332974,2116,3,13,13,13,PLAYING,0.19352923333644867,0.0056757256388664246,0.0899423211812973,-0.07872288795216587,-0.07237731526452741,0.004288626841755201,True,False,3,recoverable,False
17.699999999999637,2124,4,14,13,14,PLAYING,0.19330540299415588,0.005679555237293243,0.0899302065372467,-0.07880361193301567,-0.07230053676048974,0.004308007656858119,True,False,3,recoverable,False
17.7666666666663,2132,4,14,13,14,PLAYING,0.193222776055336,0.005694575607776642,0.08993268758058548,-0.07893914998694668,-0.072354600731479,0.004313087197990593,True,False,3,recoverable,False
17.833333333332963,2140,4,14,13,14,PLAYING,0.19315959513187408,0.005705118179321289,0.08993659168481827,-0.07903762712609709,-0.07239670386095112,0.004320643414538145,True,False,3,recoverable,False
17.899999999999626,2148,4,14,13,14,PLAYING,0.19309213757514954,0.005714796483516693,0.08993956446647644,-0.0791295690836482,-0.07242945062394317,0.004327625221589383,True,False,3,recoverable,False
17.96666666666629,2156,4,14,13,14,PLAYING,0.1930081993341446,0.005721457302570343,0.08993968367576599,-0.0791900008271299,-0.07243168383978162,0.004331471365931638,True,False,3,recoverable,False
18.03333333333295,2164,4,14,13,14,PLAYING,0.1929084211587906,0.005725055932998657,0.08993696421384811,-0.07921923389743453,-0.07240492398681217,0.004331520166422245,True,False,3,recoverable,False
18.099999999999614,2172,4,15,14,15,PLAYING,0.19274863600730896,0.005722746253013611,0.08992667496204376,-0.07918472142587706,-0.07229215786223457,0.0043220237008400825,True,False,3,recoverable,False
18.166666666666277,2180,4,15,14,15,PLAYING,0.1926681250333786,0.005727395415306091,0.08992697298526764,-0.07921923579629005,-0.07228660786249214,0.004322217360508672,True,False,3,recoverable,False
18.23333333333294,2188,4,16,15,16,PLAYING,0.19257821142673492,0.005732670426368713,0.08992421627044678,-0.07927024220032278,-0.07228248944101419,0.00432459312240841,True,False,3,recoverable,False
18.299999999999603,2196,4,17,16,17,PLAYING,0.19244851171970367,0.005732059478759766,0.08991748094558716,-0.07925256274533833,-0.07220744686584936,0.004318963887334897,True,False,3,recoverable,False
18.366666666666266,2204,4,17,16,17,PLAYING,0.19237422943115234,0.005737833678722382,0.08991904556751251,-0.07930019445786163,-0.07221689823489673,0.004321919529102524,True,False,3,recoverable,False
18.43333333333293,2212,4,17,16,17,PLAYING,0.19230887293815613,0.005750343203544617,0.08991719782352448,-0.07930984856480336,-0.07222203752990015,0.004278875674746266,True,False,3,recoverable,False
18.49999999999959,2220,4,18,17,18,PLAYING,0.1922210156917572,0.00579061359167099,0.08993499726057053,-0.079620101106089,-0.0723676776063173,0.0042681004879542754,True,False,3,recoverable,False
18.566666666666254,2228,4,18,17,18,PLAYING,0.19213172793388367,0.005763344466686249,0.0899236798286438,-0.07932538371964652,-0.07215626550403932,0.004243743551983188,True,False,3,recoverable,False
18.633333333332917,2236,4,18,17,18,PLAYING,0.19203247129917145,0.005735643208026886,0.08990874886512756,-0.07905665235981109,-0.07197689922226669,0.004233564345613496,True,False,3,recoverable,False
18.69999999999958,2244,4,19,18,19,PLAYING,0.19193005561828613,0.005745641887187958,0.0899071991443634,-0.0791306554577547,-0.07198428977566262,0.0042295605783082505,True,False,3,recoverable,False
18.766666666666243,2252,4,20,19,20,PLAYING,0.19183222949504852,0.005761228501796722,0.08990418910980225,-0.07929153722944367,-0.07204779484329177,0.004240315924816209,True,False,3,recoverable,False
18.833333333332906,2260,4,20,19,20,PLAYING,0.19170866906642914,0.005759291350841522,0.08989305794239044,-0.07926407144520833,-0.07198114852371698,0.004235317889557476,True,False,3,recoverable,False
18.89999999999957,2268,4,21,20,21,PLAYING,0.19159136712551117,0.005736395716667175,0.08987671136856079,-0.07907839014280045,-0.07186030574136076,0.004243270326807962,True,False,3,stable,False
18.96666666666623,2276,4,22,21,22,PLAYING,0.1915188580751419,0.005744345486164093,0.08987672626972198,-0.07918866257458437,-0.07193843722605824,0.004268371356542731,True,False,3,recoverable,False
19.033333333332894,2284,5,31,22,31,PLAYING,0.19353380799293518,0.005736492574214935,0.0891810804605484,-0.07967292462077384,-0.06372571977262437,0.0036842552609395976,True,False,3,recoverable,False
19.099999999999557,2292,5,31,22,31,PLAYING,0.19692453742027283,0.004712104797363281,0.08252735435962677,-0.07359286238473724,-0.03729372735844051,0.001585187835782293,True,False,3,recoverable,False
19.16666666666622,2300,5,31,22,31,PLAYING,0.2004358321428299,0.003863230347633362,0.07328059524297714,-0.07140317512927664,-0.005968167344470181,-0.0006165343356035681,True,False,4,recoverable,False
19.233333333332883,2308,5,31,22,31,PLAYING,0.20236700773239136,0.004156522452831268,0.06913834065198898,-0.08114715128252242,9.584296849621086e-05,-0.002249716158318695,True,False,4,recoverable,False
19.299999999999546,2316,5,31,22,31,PLAYING,0.20331139862537384,0.0038258880376815796,0.06929961591959,-0.08046761902185419,-0.000992972604016759,-0.0030724538129710197,True,False,4,recoverable,False
19.36666666666621,2324,5,31,22,31,PLAYING,0.204854816198349,0.003392636775970459,0.06952223926782608,-0.07910830425304825,-0.0016468377175111308,-0.004126844618038838,True,False,4,recoverable,False
19.43333333333287,2332,5,31,22,31,PLAYING,0.2080383151769638,0.002819746732711792,0.07183552533388138,-0.06926973806601462,-0.005995895041298729,-0.0033305527714721597,True,False,4,recoverable,False
19.499999999999535,2340,5,31,22,31,PLAYING,0.21814391016960144,0.000909164547920227,0.07670844346284866,-0.04144440133943956,-0.017534822319518164,-0.0019414701286221072,True,False,4,recoverable,False
19.566666666666197,2348,5,31,22,31,PLAYING,0.23098385334014893,-0.0008375346660614014,0.07821056991815567,-0.020217150599118588,-0.030120707920540408,-0.0020472656367113537,True,False,4,recoverable,False
19.63333333333286,2356,5,31,22,31,PLAYING,0.23537936806678772,-0.001262083649635315,0.07811529189348221,-0.015087918146040588,-0.035370619274093816,-0.0020828895827600404,True,False,4,recoverable,False
19.699999999999523,2364,5,31,22,31,PLAYING,0.23113390803337097,-0.0014522522687911987,0.08086131513118744,-0.012218410595043479,-0.026893825985869205,-0.0022289911329937567,True,False,4,recoverable,False
19.766666666666186,2372,5,31,22,31,PLAYING,0.22327446937561035,-0.0005795210599899292,0.08200941234827042,-0.022576715721736015,-0.019006915221405726,-0.0023733152101246178,True,False,3,recoverable,False
19.83333333333285,2380,5,31,22,31,PLAYING,0.21408043801784515,9.097903966903687e-05,0.08319006860256195,-0.029880775286707312,-0.005401179422899535,-0.0027709413378419734,True,False,3,recoverable,False
19.899999999999512,2388,5,31,22,31,PLAYING,0.20390400290489197,0.0011230707168579102,0.08399979770183563,-0.04115689471957716,0.003960213860360393,-0.003442136583808179,True,False,3,recoverable,False
19.966666666666175,2396,5,31,22,31,PLAYING,0.19973446428775787,0.001497417688369751,0.0847531110048294,-0.044835485408758945,0.009317341076926427,-0.0038596852375260486,True,False,3,recoverable,False
20.033333333332838,2404,5,31,22,31,PLAYING,0.20211604237556458,0.001113995909690857,0.08532531559467316,-0.040441067527730204,0.00863568314956092,-0.0037459810343204065,True,False,3,recoverable,False
20.0999999999995,2412,5,31,22,31,PLAYING,0.20453809201717377,0.0008717626333236694,0.08499880135059357,-0.03784081890635642,0.0056489565137880105,-0.0035666213257350113,True,False,3,recoverable,False
20.166666666666163,2420,5,32,24,32,PLAYING,0.2051754742860794,0.0007384121417999268,0.08478537946939468,-0.03649569799834148,0.0040744453573716,-0.003427884126540524,True,False,3,recoverable,False
20.233333333332826,2428,6,33,24,33,PLAYING,0.2063477337360382,0.0006522312760353088,0.08477170765399933,-0.035536468500883184,0.0032137967351262165,-0.0033896376924530385,True,False,3,recoverable,False
20.29999999999949,2436,6,33,24,33,PLAYING,0.20750437676906586,0.000596947968006134,0.08478108048439026,-0.034921032913962965,0.0026913748388242603,-0.003377007350572218,True,False,3,recoverable,False
20.366666666666152,2444,6,33,24,33,PLAYING,0.2085684835910797,0.000554792582988739,0.08481769263744354,-0.034455413490446826,0.00243719812251531,-0.0033705704501994778,True,False,3,recoverable,False
20.433333333332815,2452,6,33,24,33,PLAYING,0.2094661146402359,0.0005015581846237183,0.08492109924554825,-0.03390729211851479,0.0026212726941481383,-0.003341600905692285,True,False,3,recoverable,False
20.499999999999478,2460,6,33,24,33,PLAYING,0.21039468050003052,0.00046294182538986206,0.08500918745994568,-0.03351016489631142,0.0028130793229699073,-0.003329005613059125,True,False,3,recoverable,False
20.56666666666614,2468,6,33,24,33,PLAYING,0.21135574579238892,0.0004339441657066345,0.08508092164993286,-0.03321717117028477,0.0030037637496812776,-0.0033176345542207837,True,False,3,recoverable,False
20.633333333332804,2476,6,33,24,33,PLAYING,0.2123507857322693,0.0004181712865829468,0.08513437956571579,-0.033055097747876155,0.00313202560204287,-0.0033126380577249343,True,False,3,recoverable,False
20.699999999999466,2484,6,33,24,33,PLAYING,0.21329550445079803,0.0004226192831993103,0.08516107499599457,-0.03313547688715467,0.0030503272511823464,-0.0033102292466165007,True,False,3,recoverable,False
20.76666666666613,2492,6,33,24,33,PLAYING,0.2142280638217926,0.0004152059555053711,0.08521975576877594,-0.03308427728267693,0.0030084947095109496,-0.0033057449921613125,True,False,3,recoverable,False
20.833333333332792,2500,6,33,24,33,PLAYING,0.21519087255001068,0.0004141479730606079,0.08525320887565613,-0.03310542371531534,0.0029276107567980172,-0.0033084129544037975,True,False,3,recoverable,False
20.899999999999455,2508,6,33,24,33,PLAYING,0.2161768227815628,0.0004156529903411865,0.08526577800512314,-0.03316933227160789,0.0028255464373403883,-0.0033103146823035517,True,False,3,recoverable,False
20.966666666666118,2516,6,33,24,33,PLAYING,0.2171756774187088,0.00041850656270980835,0.08525866270065308,-0.033262469929043935,0.0027136786837707715,-0.003308037241144859,True,False,3,recoverable,False
21.03333333333278,2524,6,33,24,33,PLAYING,0.2181963175535202,0.00042438507080078125,0.08522744476795197,-0.03340197112628774,0.0025817252566518053,-0.0033072042069803667,True,False,3,recoverable,False
21.099999999999444,2532,6,33,24,33,PLAYING,0.21921910345554352,0.0004286915063858032,0.08517768234014511,-0.033529104199404414,0.002451527552066552,-0.0033087197394941763,True,False,3,recoverable,False
21.166666666666107,2540,6,33,24,33,PLAYING,0.22026188671588898,0.0004398450255393982,0.0851031169295311,-0.03369442386485176,0.002314702693471829,-0.0033352344536106276,True,False,3,recoverable,False
21.23333333333277,2548,6,33,24,33,PLAYING,0.2213301956653595,0.00044383108615875244,0.08500725030899048,-0.03388221668575914,0.002165632965079655,-0.003316559392248349,True,False,3,recoverable,False
21.299999999999432,2556,6,33,24,33,PLAYING,0.22239498794078827,0.0004552677273750305,0.08488325774669647,-0.034076591987077104,0.0020166789187437643,-0.00334180866090565,True,False,3,recoverable,False
21.366666666666095,2564,6,33,24,33,PLAYING,0.2234928160905838,0.00047448277473449707,0.08473356068134308,-0.0343031049186973,0.0018624174589755417,-0.0033419048047216666,True,False,3,recoverable,False
21.433333333332758,2572,6,33,24,33,PLAYING,0.22458310425281525,0.0004915744066238403,0.08456221967935562,-0.0345244926126177,0.0017369591915724618,-0.0033408803997160945,True,False,3,recoverable,False
21.49999999999942,2580,6,33,24,33,PLAYING,0.22572985291481018,0.0005118697881698608,0.08435341715812683,-0.03480357975415986,0.00157589030642912,-0.0033296074932778873,True,False,3,recoverable,False
21.566666666666084,2588,6,33,24,33,PLAYING,0.22689101099967957,0.0005348771810531616,0.08411341905593872,-0.03510042148972578,0.0013843152518241031,-0.003334470479608871,True,False,3,recoverable,False
21.633333333332747,2596,6,33,24,33,PLAYING,0.22806011140346527,0.0005574747920036316,0.08384056389331818,-0.035414957265939066,0.001190963389269502,-0.003329047225106382,True,False,3,recoverable,False
21.69999999999941,2604,6,33,24,33,PLAYING,0.22921277582645416,0.0006004869937896729,0.08353196084499359,-0.035958717631883436,0.0007598888686496688,-0.0033398831936144527,True,False,3,recoverable,False
21.766666666666072,2612,6,33,24,33,PLAYING,0.2301938235759735,0.0006330236792564392,0.08333545178174973,-0.036411322585380684,0.0005118690571344674,-0.003336302672283436,True,False,3,recoverable,False
21.833333333332735,2620,6,33,24,33,PLAYING,0.2308916449546814,0.0006110891699790955,0.08343976736068726,-0.036182102791669696,0.0009820662683719954,-0.0033393221937234228,True,False,3,recoverable,False
21.899999999999398,2628,6,33,24,33,PLAYING,0.2317134141921997,0.0005938857793807983,0.08352650701999664,-0.036048671873969367,0.0013609351079824272,-0.003329431216652419,True,False,3,recoverable,False
21.96666666666606,2636,6,33,24,33,PLAYING,0.23259733617305756,0.0005841553211212158,0.08359520137310028,-0.03600518039511408,0.0016575959344999603,-0.0033238708874719332,True,False,3,recoverable,False
22.033333333332724,2644,6,33,24,33,PLAYING,0.23342671990394592,0.0005757585167884827,0.08367777615785599,-0.03597190093266978,0.0018385410676260124,-0.003313027715114893,True,False,3,recoverable,False
22.099999999999387,2652,6,33,24,33,PLAYING,0.23424318432807922,0.0005534365773200989,0.08380169421434402,-0.035759757053461044,0.0020664642332321155,-0.0033068401958784755,True,False,3,recoverable,False
22.16666666666605,2660,6,33,24,33,PLAYING,0.23510697484016418,0.0005382746458053589,0.08389212191104889,-0.03566745287225768,0.0022053269504837937,-0.00329872708103981,True,False,3,recoverable,False
22.233333333332713,2668,6,33,24,33,PLAYING,0.23603074252605438,0.0005335137248039246,0.08396201580762863,-0.035677448414053105,0.0022873399198822214,-0.003286554767791459,True,False,3,recoverable,False
22.299999999999375,2676,6,33,24,33,PLAYING,0.23697490990161896,0.0005321726202964783,0.08400678634643555,-0.03573937705054029,0.002338730975127603,-0.003275866554910159,True,False,3,recoverable,False
22.36666666666604,2684,6,33,24,33,PLAYING,0.23794758319854736,0.0005333051085472107,0.08403140306472778,-0.03584501521961597,0.002367986748326787,-0.0032630156495096845,True,False,3,recoverable,False
22.4333333333327,2692,6,33,24,33,PLAYING,0.23880445957183838,0.0005112886428833008,0.08412566035985947,-0.03567667597594793,0.0024464913794059896,-0.0032508099813789238,True,False,3,recoverable,False
22.499999999999364,2700,6,33,24,33,PLAYING,0.23961853981018066,0.00047691166400909424,0.08426898717880249,-0.03532935907142275,0.0025984812511083187,-0.0032519919436479598,True,False,3,recoverable,False
22.566666666666027,2708,6,33,24,33,PLAYING,0.24050965905189514,0.0004463270306587219,0.08439993858337402,-0.03501837617453877,0.0026956779166198244,-0.0032639632279675484,True,False,3,recoverable,False
22.63333333333269,2716,6,33,24,33,PLAYING,0.2414311021566391,0.0004141777753829956,0.08451734483242035,-0.034697454159739995,0.002778042373057714,-0.0032742318798760863,True,False,3,recoverable,False
22.699999999999353,2724,6,33,24,33,PLAYING,0.24237442016601562,0.00037983059883117676,0.08462289720773697,-0.034361674468930264,0.002852088513291495,-0.003282126788242108,True,False,3,recoverable,False
22.766666666666016,2732,6,33,24,33,PLAYING,0.24333421885967255,0.0003443509340286255,0.08471433073282242,-0.034016740817586294,0.0029203283941661947,-0.003288639621615277,True,False,3,recoverable,False
22.83333333333268,2740,6,33,24,33,PLAYING,0.24429947137832642,0.00030907243490219116,0.08479097485542297,-0.0336799717096306,0.0029567679138650066,-0.003300898066772057,True,False,3,recoverable,False
22.89999999999934,2748,6,33,24,33,PLAYING,0.24526084959506989,0.0002764016389846802,0.08485093712806702,-0.0333574195346485,0.002976347865978894,-0.003302228539909168,True,False,3,recoverable,False
22.966666666666004,2756,6,33,24,33,PLAYING,0.24625533819198608,0.00024471431970596313,0.0848865732550621,-0.03305246734138188,0.0029725434619438658,-0.0033109221654563986,True,False,3,recoverable,False
23.033333333332667,2764,6,33,24,33,PLAYING,0.24726206064224243,0.00020859390497207642,0.08490714430809021,-0.03270306619718718,0.00298681266555531,-0.0033004683716311486,True,False,3,recoverable,False
23.09999999999933,2772,6,33,24,33,PLAYING,0.2482835203409195,0.0001838281750679016,0.08492859452962875,-0.032443716779494404,0.003076792066029148,-0.0032828784898724893,True,False,3,recoverable,False
23.166666666665993,2780,6,33,24,33,PLAYING,0.2493053674697876,0.00015620142221450806,0.08494541049003601,-0.03214981019506279,0.0032282828390338926,-0.003261746153191353,True,False,3,recoverable,False
23.233333333332656,2788,6,33,24,33,PLAYING,0.25031280517578125,0.00011736899614334106,0.08496951311826706,-0.031726427948675216,0.003423117007890606,-0.003246079373871867,True,False,3,recoverable,False
23.29999999999932,2796,6,33,24,33,PLAYING,0.25126948952674866,7.101893424987793e-05,0.08503390848636627,-0.031186373207338414,0.0035752670818932726,-0.003240993358026112,True,False,3,recoverable,False
23.36666666666598,2804,6,33,24,33,PLAYING,0.2522723078727722,2.8870999813079834e-05,0.08506675809621811,-0.030713128948518888,0.0036680667179487918,-0.0032358373205746372,True,False,3,recoverable,False
23.433333333332644,2812,6,33,24,33,PLAYING,0.2532278895378113,3.4481287002563477e-05,0.08504901081323624,-0.030769126615763562,0.003262807364046963,-0.003253045253948409,True,False,3,recoverable,False
23.499999999999307,2820,6,33,24,33,PLAYING,0.2542031705379486,5.227327346801758e-05,0.08499615639448166,-0.030990367983872974,0.002713436717973446,-0.00325849285206789,True,False,3,recoverable,False
23.56666666666597,2828,6,33,24,33,PLAYING,0.25520578026771545,7.108598947525024e-05,0.08491722494363785,-0.031254548103789775,0.002126676982313782,-0.003258345601485057,True,False,3,recoverable,False
23.633333333332633,2836,6,33,24,33,PLAYING,0.25622624158859253,9.237974882125854e-05,0.0848122090101242,-0.03154243165577579,0.0015076195086320661,-0.0032644481451644864,True,False,3,recoverable,False
23.699999999999296,2844,6,33,24,33,PLAYING,0.2570973336696625,0.00010414421558380127,0.08479749411344528,-0.03170985023016685,0.0014166352866385296,-0.003271577973739257,True,False,3,recoverable,False
23.76666666666596,2852,6,33,24,33,PLAYING,0.25800439715385437,0.0001253560185432434,0.0847814530134201,-0.03198581694787488,0.0013862411950904905,-0.00328517955499024,True,False,3,recoverable,False
23.83333333333262,2860,6,33,24,33,PLAYING,0.25895577669143677,0.00015343725681304932,0.08473674952983856,-0.032347963995548436,0.0013123266572778194,-0.003281913434264677,True,False,3,recoverable,False
23.899999999999284,2868,6,33,24,33,PLAYING,0.25993040204048157,0.00019310414791107178,0.08466264605522156,-0.032779339048930815,0.0012108922564108432,-0.003284874069367579,True,False,3,recoverable,False
23.966666666665947,2876,6,33,24,33,PLAYING,0.26093506813049316,0.00023002922534942627,0.08456575125455856,-0.033224332332933475,0.0011281934205454166,-0.0032702472616319175,True,False,3,recoverable,False
24.03333333333261,2884,6,33,24,33,PLAYING,0.261983722448349,0.0002683401107788086,0.08444590866565704,-0.033670942761478244,0.0010262574197430145,-0.003286416447270852,True,False,3,recoverable,False
24.099999999999273,2892,6,33,24,33,PLAYING,0.26304885745048523,0.00031594932079315186,0.08428673446178436,-0.034249347659276265,0.0008766103373032482,-0.003257075449878426,True,False,3,recoverable,False
24.166666666665936,2900,6,33,24,33,PLAYING,0.26413658261299133,0.0003621429204940796,0.08410988748073578,-0.03479197562683018,0.0007521456422548913,-0.0032612235869504008,True,False,3,recoverable,False
24.2333333333326,2908,6,33,24,33,PLAYING,0.2650499939918518,0.00035740435123443604,0.08410072326660156,-0.03468505383951354,0.0008045601949341685,-0.0032432386748357423,True,False,3,recoverable,False
24.29999999999926,2916,6,33,24,33,PLAYING,0.2658751606941223,0.0003111511468887329,0.08421722054481506,-0.03414618423006835,0.0009725161162867953,-0.0032424443008988424,True,False,3,recoverable,False
24.366666666665925,2924,6,33,24,33,PLAYING,0.26677045226097107,0.0002682209014892578,0.0843166708946228,-0.0336507592194093,0.0010510389417248765,-0.0032440483831282685,True,False,3,recoverable,False
24.433333333332588,2932,6,33,24,33,PLAYING,0.2677079439163208,0.00022580474615097046,0.08439842611551285,-0.033172259835503475,0.0010773763004411896,-0.003243134031614705,True,False,3,recoverable,False
24.49999999999925,2940,6,33,24,33,PLAYING,0.2686772644519806,0.0001819804310798645,0.0844639390707016,-0.0326884789791961,0.0010691778370888238,-0.0032397616703134973,True,False,3,recoverable,False
24.566666666665913,2948,6,33,24,33,PLAYING,0.269661009311676,0.00013723224401474,0.08451453596353531,-0.03219296648001565,0.0010469888887439849,-0.0032362643594789093,True,False,3,recoverable,False
24.633333333332576,2956,6,33,24,33,PLAYING,0.270481675863266,0.00010656565427780151,0.0846334844827652,-0.031875503506642706,0.0013029823559492946,-0.0032315048736604596,True,False,3,recoverable,False
24.69999999999924,2964,6,33,24,33,PLAYING,0.2713436782360077,8.566677570343018e-05,0.08474498987197876,-0.031666947553412136,0.0015842109214440426,-0.0032312448006774582,True,False,3,recoverable,False
24.766666666665902,2972,6,33,24,33,PLAYING,0.2722319960594177,6.279349327087402e-05,0.08484463393688202,-0.03146961013338842,0.0018665450555323609,-0.0032204407274991037,True,False,3,recoverable,False
24.833333333332565,2980,6,34,26,34,PLAYING,0.27222222089767456,6.473809480667114e-05,0.08482477068901062,-0.03149267355885581,0.0017803611485491394,-0.0032227151857757157,True,False,3,recoverable,False
24.899999999999228,2988,7,35,26,35,PLAYING,0.2744866609573364,0.0005897283554077148,0.08239691704511642,-0.03870269327974929,-7.763904040022716e-05,-0.003573716295020097,True,False,3,recoverable,False
24.96666666666589,2996,7,35,26,35,PLAYING,0.2783515751361847,0.001111738383769989,0.07925494015216827,-0.046982631075995845,-0.00247280189751369,-0.003876760940557583,True,False,3,recoverable,False
25.033333333332553,3004,7,36,27,36,PLAYING,0.2849574089050293,0.001025170087814331,0.07290598750114441,-0.06265440942995669,-0.006289649582543583,-0.007628034821154247,True,False,4,recoverable,False
25.099999999999216,3012,7,36,27,36,PLAYING,0.2893410921096802,0.0012669116258621216,0.06703326851129532,-0.08227469711771686,-0.0024267931286750108,-0.010046924477378916,True,False,4,recoverable,False
25.16666666666588,3020,7,36,27,36,PLAYING,0.2891863286495209,0.0015165507793426514,0.06493224948644638,-0.09068989739326272,0.003550811004288031,-0.010720969981453075,True,False,4,recoverable,False
25.233333333332542,3028,7,37,28,37,PLAYING,0.2889602482318878,0.0016311928629875183,0.06368130445480347,-0.09529239887439629,0.007281647927356824,-0.011145333875403956,True,False,4,recoverable,False
25.299999999999205,3036,7,37,28,37,PLAYING,0.2889682352542877,0.0016841143369674683,0.06286784261465073,-0.09798449351575224,0.009425478979151216,-0.011385299393119962,True,False,4,recoverable,False
25.366666666665868,3044,7,38,29,38,PLAYING,0.2890457510948181,0.001712903380393982,0.06222877651453018,-0.09984687997902264,0.010946217207131702,-0.01155844779253418,True,False,4,recoverable,False
25.43333333333253,3052,7,38,29,38,PLAYING,0.2892310321331024,0.001720137894153595,0.061821818351745605,-0.10088818642088743,0.011731713096987046,-0.011634556585161769,True,False,4,recoverable,False
25.499999999999194,3060,7,38,29,38,PLAYING,0.2894047796726227,0.0017224475741386414,0.06146986037492752,-0.10165163285517412,0.01238471637132326,-0.011701289175946877,True,False,3,recoverable,False
25.566666666665856,3068,7,39,30,39,PLAYING,0.2892816364765167,0.0017200708389282227,0.06125505268573761,-0.10205378190982688,0.012903199381861607,-0.011760847379963683,True,False,4,recoverable,False
25.63333333333252,3076,7,39,30,39,PLAYING,0.2891249358654022,0.0017154589295387268,0.06112544238567352,-0.1022420143309899,0.013241100451794654,-0.011794920733848946,True,False,4,recoverable,False
25.699999999999182,3084,7,40,31,40,PLAYING,0.28901854157447815,0.0017132088541984558,0.06101604551076889,-0.10244144916911803,0.013465470528114556,-0.011817664062582165,True,False,4,recoverable,False
25.766666666665845,3092,7,40,31,40,PLAYING,0.2889277935028076,0.0017132461071014404,0.06089937686920166,-0.10270743039422263,0.013670587231964064,-0.011841163465496251,True,False,4,recoverable,False
25.833333333332508,3100,7,41,32,41,PLAYING,0.2876294255256653,0.0016834735870361328,0.06018137186765671,-0.10327895511870437,0.017328062439931922,-0.012243358623379911,True,False,4,recoverable,False
25.89999999999917,3108,7,41,32,41,PLAYING,0.28082820773124695,0.0013450458645820618,0.05577700585126877,-0.10437174496320648,0.038054169107533044,-0.014531744071567269,True,False,4,recoverable,False
25.966666666665834,3116,7,41,32,41,PLAYING,0.27447712421417236,0.0008577033877372742,0.05164424329996109,-0.10023759220678147,0.05318236399993063,-0.015845513067103998,True,False,4,recoverable,False
26.033333333332497,3124,7,41,32,41,PLAYING,0.2697155773639679,0.0004775822162628174,0.04821915179491043,-0.09691434151581664,0.06479013914929925,-0.016730323329727792,True,False,4,recoverable,False
26.09999999999916,3132,7,42,33,42,PLAYING,0.2646438181400299,7.802993059158325e-05,0.04383232444524765,-0.0968515066774315,0.08084664979394263,-0.018235742597261764,True,False,4,recoverable,False
26.166666666665822,3140,7,42,33,42,PLAYING,0.25998061895370483,-0.0002895966172218323,0.03982873260974884,-0.09565064528449681,0.09480075543313701,-0.01941766229313186,True,False,4,recoverable,False
26.233333333332485,3148,7,42,33,42,PLAYING,0.2567770779132843,-0.0005504190921783447,0.03682447224855423,-0.09540618997069605,0.10527357550712467,-0.02034982849034381,True,False,4,recoverable,False
26.299999999999148,3156,7,43,34,43,PLAYING,0.2529188394546509,-0.000898219645023346,0.032825812697410583,-0.09525484994354913,0.11895087775557903,-0.02160955418437108,True,False,4,recoverable,False
26.36666666666581,3164,7,43,34,43,PLAYING,0.24926191568374634,-0.0012177526950836182,0.02907448261976242,-0.09507540592123469,0.13185351820737712,-0.022780732242864875,True,False,4,recoverable,False
26.433333333332474,3172,7,43,34,43,PLAYING,0.2462814599275589,-0.0015100613236427307,0.02575090527534485,-0.09509464846855803,0.14305973412071377,-0.023816208624048162,True,False,4,recoverable,False
26.499999999999137,3180,7,44,35,44,PLAYING,0.24594156444072723,-0.0015473812818527222,0.025340184569358826,-0.09515027946333511,0.1440853367848734,-0.023912178399806427,True,False,4,recoverable,False
26.5666666666658,3188,8,45,36,45,PLAYING,0.24598386883735657,-0.001565985381603241,0.02518133819103241,-0.09540223474742211,0.1440701143010334,-0.02395522331346051,True,False,4,recoverable,False
26.633333333332462,3196,8,45,36,45,PLAYING,0.24611641466617584,-0.0015648528933525085,0.025192037224769592,-0.09550187232354644,0.14358290168884272,-0.02394373160181838,True,False,4,recoverable,False
26.699999999999125,3204,8,45,36,45,PLAYING,0.2462899088859558,-0.0015658661723136902,0.025233805179595947,-0.09575044149916068,0.14267538773000624,-0.023900423188413813,True,False,4,recoverable,False
26.766666666665788,3212,8,45,36,45,PLAYING,0.24649523198604584,-0.0015632659196853638,0.025321342051029205,-0.09609679712705045,0.14154502144802608,-0.023861183348959602,True,False,4,recoverable,False
26.83333333333245,3220,8,45,36,45,PLAYING,0.2467232048511505,-0.0015572160482406616,0.025427810847759247,-0.09651035634913606,0.14026268121254323,-0.023831164949637943,True,False,4,recoverable,False
26.899999999999114,3228,8,45,36,45,PLAYING,0.2469499111175537,-0.001554057002067566,0.02553769201040268,-0.0969965779660661,0.13891660302809303,-0.023805108406534985,True,False,4,recoverable,False
26.966666666665777,3236,8,45,36,45,PLAYING,0.24715541303157806,-0.0015418678522109985,0.025635823607444763,-0.09746743716496756,0.1376084931691496,-0.023761713217002548,True,False,4,recoverable,False
27.03333333333244,3244,8,45,36,45,PLAYING,0.24742506444454193,-0.0015416517853736877,0.02575656771659851,-0.09805679709022046,0.13621450930990814,-0.023729952457846,True,False,4,recoverable,False
27.099999999999103,3252,8,45,36,45,PLAYING,0.24785059690475464,-0.0015285909175872803,0.025975391268730164,-0.09841319427477635,0.1348880150801153,-0.02360325621569259,True,False,4,recoverable,False
27.166666666665765,3260,8,45,36,45,PLAYING,0.24811407923698425,-0.00152675062417984,0.026205003261566162,-0.09853236527546783,0.1339272938606956,-0.023470065590447384,True,False,4,recoverable,False
27.23333333333243,3268,8,45,36,45,PLAYING,0.248373344540596,-0.0015290901064872742,0.026407569646835327,-0.0987432779731657,0.1329257673443238,-0.023351425239511236,True,False,4,recoverable,False
27.29999999999909,3276,8,45,36,45,PLAYING,0.24864666163921356,-0.0015259459614753723,0.026635751128196716,-0.09885326623295933,0.13185663741980053,-0.023209093380468615,True,False,4,recoverable,False
27.366666666665754,3284,8,45,36,45,PLAYING,0.24886906147003174,-0.0015213638544082642,0.02686222642660141,-0.09896854369846507,0.13088195555977053,-0.023089836896698947,True,False,4,recoverable,False
27.433333333332417,3292,8,45,36,45,PLAYING,0.24898535013198853,-0.00151931494474411,0.027048006653785706,-0.09915047867660573,0.12993244776056745,-0.02297586783718868,True,False,4,recoverable,False
27.49999999999908,3300,8,45,36,45,PLAYING,0.24900364875793457,-0.0015214979648590088,0.02716817706823349,-0.09948980649055121,0.12899440435814816,-0.022909085223407233,True,False,4,recoverable,False
27.566666666665743,3308,8,45,36,45,PLAYING,0.24894224107265472,-0.001526162028312683,0.027252234518527985,-0.10002896075668542,0.12796798715672636,-0.02287564268576609,True,False,4,recoverable,False
27.633333333332406,3316,8,45,36,45,PLAYING,0.24880941212177277,-0.0015315338969230652,0.027347765862941742,-0.10050854800722189,0.12701751744700104,-0.022815189990869567,True,False,4,recoverable,False
27.69999999999907,3324,8,45,36,45,PLAYING,0.24858331680297852,-0.0015422701835632324,0.027407005429267883,-0.10112969955527748,0.12612505505314547,-0.022791386517706964,True,False,4,recoverable,False
27.76666666666573,3332,8,45,36,45,PLAYING,0.2483537495136261,-0.0015415102243423462,0.027500346302986145,-0.10166167302559115,0.12524215773391534,-0.0227780504044226,True,False,4,recoverable,False
27.833333333332394,3340,8,45,36,45,PLAYING,0.24807432293891907,-0.0015501677989959717,0.027586519718170166,-0.10219939817467974,0.12444713778311468,-0.022741140232328077,True,False,4,recoverable,False
27.899999999999057,3348,8,45,36,45,PLAYING,0.2477390468120575,-0.0015554726123809814,0.027659781277179718,-0.10272772728380256,0.12373024874099259,-0.022725284186768793,True,False,4,recoverable,False
27.96666666666572,3356,8,45,36,45,PLAYING,0.24739235639572144,-0.001559041440486908,0.027740053832530975,-0.1032639025102741,0.12298916647184818,-0.02270322153193122,True,False,4,recoverable,False
28.033333333332383,3364,8,45,36,45,PLAYING,0.2470586895942688,-0.0015597715973854065,0.02782328426837921,-0.1037796105874101,0.1222504014133147,-0.022707696402239005,True,False,4,recoverable,False
28.099999999999046,3372,8,45,36,45,PLAYING,0.24665263295173645,-0.0015503838658332825,0.027913667261600494,-0.10430064797649577,0.12159243196044281,-0.022742015084480417,True,False,4,recoverable,False
28.16666666666571,3380,8,45,36,45,PLAYING,0.24621540307998657,-0.0015388205647468567,0.02800031006336212,-0.10478828335363691,0.12092501233152499,-0.02276677600272127,True,False,4,recoverable,False
28.23333333333237,3388,8,45,36,45,PLAYING,0.24578851461410522,-0.0015335902571678162,0.028082281351089478,-0.10525967637380321,0.12027096897868278,-0.022782248306206596,True,False,4,recoverable,False
28.299999999999034,3396,8,45,36,45,PLAYING,0.245330810546875,-0.0015246644616127014,0.028158441185951233,-0.10569322082868536,0.11965620424732062,-0.022799828530829937,True,False,4,recoverable,False
28.366666666665697,3404,8,45,36,45,PLAYING,0.24488762021064758,-0.0015185177326202393,0.028238192200660706,-0.106126288819576,0.11901996637189455,-0.02280369434747393,True,False,4,recoverable,False
28.43333333333236,3412,8,45,36,45,PLAYING,0.24435646831989288,-0.001507885754108429,0.028317488729953766,-0.1065311029108484,0.11845762108077905,-0.022820191025205567,True,False,4,recoverable,False
28.499999999999023,3420,8,45,36,45,PLAYING,0.2438466101884842,-0.001499079167842865,0.02838834375143051,-0.10696261906679173,0.11786184802101292,-0.022836021194580024,True,False,4,recoverable,False
28.566666666665686,3428,8,45,36,45,PLAYING,0.24328869581222534,-0.0014881640672683716,0.028467819094657898,-0.10735730683758395,0.11728300538944025,-0.02284794125814073,True,False,4,recoverable,False
28.63333333333235,3436,8,45,36,45,PLAYING,0.24271102249622345,-0.0014762654900550842,0.02855049818754196,-0.10781572739474518,0.11669967656791973,-0.02286902407408643,True,False,4,recoverable,False
28.69999999999901,3444,8,45,36,45,PLAYING,0.2421310544013977,-0.0014669150114059448,0.02862570434808731,-0.10824159134365062,0.11610037776229361,-0.02287923407440799,True,False,4,recoverable,False
28.766666666665675,3452,8,45,36,45,PLAYING,0.2415299117565155,-0.001458384096622467,0.02869163453578949,-0.10862516194715825,0.11551054080584489,-0.022879094170127057,True,False,4,recoverable,False
28.833333333332337,3460,8,45,36,45,PLAYING,0.2409452348947525,-0.0014478936791419983,0.028751812875270844,-0.10893889192996209,0.11495147065850478,-0.022861299701741035,True,False,4,recoverable,False
28.899999999999,3468,8,45,36,45,IDLE,0.24037469923496246,-0.0014443472027778625,0.028792940080165863,-0.10911920326792368,0.11440655641652067,-0.022803580928468407,True,False,4,recoverable,False
28.899999999999,3468,8,45,36,45,IDLE,0.24037469923496246,-0.0014443472027778625,0.028792940080165863,-0.10911920326792368,0.11440655641652067,-0.022803580928468407,True,False,4,recoverable,False
