sim_time_s,sim_step,macro_state,subphase,profile_id,phase_elapsed_s,profile_fraction,command_epoch,base_x_m,base_y_m,base_z_m,base_roll_rad,base_pitch_rad,base_yaw_rad,active_leg,geometry_support_candidate_count,robot_state_finite,joint_limit_violation,stability_state,retry_count,controller_terminal,controller_terminal_outcome
1.5666666666666635,188,,,fsm50-gate-c-successful-recording-profiles-v1,,,,-0.003989968448877335,-0.000993184745311737,0.09901051968336105,-3.8795075004099296e-05,-0.012018071330770567,0.0030498701370338887,,4,True,False,stable,0,False,
1.63333333333333,196,S1_APPROACH_AND_PRE_FR_SHIFT,PRELOAD,v003_20260805_224517_157723_manual:S1_APPROACH_AND_PRE_FR_SHIFT:PRIMARY_PROFILE:segments-0-6,0.04166666666666652,0.0030909990108830034,1,-0.0038465075194835663,-0.0008559748530387878,0.09857597202062607,-0.0014353510587144416,-0.013976740043091025,0.00307403361815123,FR,4,True,False,recoverable,0,False,RUNNING
1.6999999999999964,204,S1_APPROACH_AND_PRE_FR_SHIFT,PRELOAD,v003_20260805_224517_157723_manual:S1_APPROACH_AND_PRE_FR_SHIFT:PRIMARY_PROFILE:segments-0-6,0.10833333333333295,0.00803659742829581,1,-0.0042555201798677444,-0.00020509213209152222,0.09758162498474121,-0.008119730047947736,-0.019822448940114503,0.003197455721996669,FR,4,True,False,recoverable,0,False,RUNNING
1.7666666666666628,212,S1_APPROACH_AND_PRE_FR_SHIFT,PRELOAD,v003_20260805_224517_157723_manual:S1_APPROACH_AND_PRE_FR_SHIFT:PRIMARY_PROFILE:segments-0-6,0.17499999999999938,0.012982195845708614,3,-0.005236504599452019,0.0009454116225242615,0.09617659449577332,-0.020084391948990497,-0.029154544165598643,0.0034980750681067063,FR,3,True,False,recoverable,0,False,RUNNING
1.8333333333333293,220,S1_APPROACH_AND_PRE_FR_SHIFT,PRELOAD,v003_20260805_224517_157723_manual:S1_APPROACH_AND_PRE_FR_SHIFT:PRIMARY_PROFILE:segments-0-6,0.2416666666666658,0.01792779426312142,4,-0.006416987627744675,0.0018006786704063416,0.09518522024154663,-0.029136814903289062,-0.03528200310492889,0.003801544213797678,FR,2,True,False,recoverable,0,False,RUNNING
1.8999999999999957,228,S1_APPROACH_AND_PRE_FR_SHIFT,PRELOAD,v003_20260805_224517_157723_manual:S1_APPROACH_AND_PRE_FR_SHIFT:PRIMARY_PROFILE:segments-0-6,0.30833333333333224,0.022873392680534226,5,-0.006775286048650742,0.0019938871264457703,0.09493125975131989,-0.03121022247491193,-0.036664011697009544,0.00387893704680974,FR,2,True,False,recoverable,0,False,RUNNING
1.9666666666666621,236,S1_APPROACH_AND_PRE_FR_SHIFT,PRELOAD,v003_20260805_224517_157723_manual:S1_APPROACH_AND_PRE_FR_SHIFT:PRIMARY_PROFILE:segments-0-6,0.37499999999999867,0.02781899109794703,5,-0.006527382880449295,0.0017011910676956177,0.0952255055308342,-0.02812708703174197,-0.03445630838252431,0.0037689756463861685,FR,2,True,False,recoverable,0,False,RUNNING
2.0333333333333288,244,S1_APPROACH_AND_PRE_FR_SHIFT,PRELOAD,v003_20260805_224517_157723_manual:S1_APPROACH_AND_PRE_FR_SHIFT:PRIMARY_PROFILE:segments-0-6,0.4416666666666653,0.032764589515359856,6,-0.005739295855164528,0.0008051097393035889,0.09614621847867966,-0.01871190393142455,-0.02770720468643259,0.0034697510561191225,FR,2,True,False,recoverable,0,False,RUNNING
2.099999999999995,252,S1_APPROACH_AND_PRE_FR_SHIFT,ADVANCE,v003_20260805_224517_157723_manual:S1_APPROACH_AND_PRE_FR_SHIFT:PRIMARY_PROFILE:segments-0-6,0.5083333333333317,0.03771018793277266,7,-0.004416404291987419,-0.00025554001331329346,0.09734806418418884,-0.007674768667362198,-0.019647581102062602,0.0032000461676478242,FR,2,True,False,recoverable,0,False,RUNNING
2.1666666666666616,260,S1_APPROACH_AND_PRE_FR_SHIFT,ADVANCE,v003_20260805_224517_157723_manual:S1_APPROACH_AND_PRE_FR_SHIFT:PRIMARY_PROFILE:segments-0-6,0.5749999999999982,0.042655786350185465,7,-0.002983255311846733,-0.0006880536675453186,0.09788083285093307,-0.0032024229081508483,-0.016973895149384525,0.003127194976386422,FR,2,True,False,recoverable,0,False,RUNNING
2.233333333333328,268,S1_APPROACH_AND_PRE_FR_SHIFT,ADVANCE,v003_20260805_224517_157723_manual:S1_APPROACH_AND_PRE_FR_SHIFT:PRIMARY_PROFILE:segments-0-6,0.6416666666666646,0.04760138476759827,7,-0.002008039504289627,-0.0007223114371299744,0.09796451032161713,-0.0028075895511249275,-0.01719821393204989,0.003116682582586072,FR,2,True,False,recoverable,0,False,RUNNING
2.2999999999999945,276,S1_APPROACH_AND_PRE_FR_SHIFT,ADVANCE,v003_20260805_224517_157723_manual:S1_APPROACH_AND_PRE_FR_SHIFT:PRIMARY_PROFILE:segments-0-6,0.708333333333331,0.052546983185011074,7,-0.0012958664447069168,-0.00036966055631637573,0.0976269468665123,-0.006389084551740102,-0.02051373387777637,0.003179812492590781,FR,2,True,False,recoverable,0,False,RUNNING
2.366666666666661,284,S1_APPROACH_AND_PRE_FR_SHIFT,ADVANCE,v003_20260805_224517_157723_manual:S1_APPROACH_AND_PRE_FR_SHIFT:PRIMARY_PROFILE:segments-0-6,0.7749999999999975,0.05749258160242388,7,-0.0008777063339948654,0.00029312819242477417,0.09692615270614624,-0.013258385041348172,-0.026276256659543272,0.00333029480629827,FR,2,True,False,recoverable,0,False,RUNNING
2.4333333333333274,292,S1_APPROACH_AND_PRE_FR_SHIFT,ADVANCE,v003_20260805_224517_157723_manual:S1_APPROACH_AND_PRE_FR_SHIFT:PRIMARY_PROFILE:segments-0-6,0.8416666666666639,0.06243818001983669,7,-0.0006269980221986771,0.0011075958609580994,0.09603553265333176,-0.021781544278714933,-0.033200402963761734,0.0035640889509215914,FR,2,True,False,recoverable,0,False,RUNNING
2.499999999999994,300,S1_APPROACH_AND_PRE_FR_SHIFT,ADVANCE,v003_20260805_224517_157723_manual:S1_APPROACH_AND_PRE_FR_SHIFT:PRIMARY_PROFILE:segments-0-6,0.9083333333333303,0.06738377843724949,7,-0.00031954050064086914,0.0016716420650482178,0.09546410292387009,-0.027751104516319323,-0.03775315486641621,0.0037579461148196684,FR,2,True,False,recoverable,0,False,RUNNING
2.56666666666666,308,S1_APPROACH_AND_PRE_FR_SHIFT,ADVANCE,v003_20260805_224517_157723_manual:S1_APPROACH_AND_PRE_FR_SHIFT:PRIMARY_PROFILE:segments-0-6,0.9749999999999968,0.0723293768546623,7,0.00018092431128025055,0.00215766578912735,0.0949651375412941,-0.03296458005660754,-0.04182657265385304,0.003954602283223113,FR,2,True,False,recoverable,0,False,RUNNING
2.6333333333333266,316,S1_APPROACH_AND_PRE_FR_SHIFT,ADVANCE,v003_20260805_224517_157723_manual:S1_APPROACH_AND_PRE_FR_SHIFT:PRIMARY_PROFILE:segments-0-6,1.0416666666666632,0.07727497527207511,7,0.0007469188421964645,0.002582542598247528,0.0945221409201622,-0.037556228155145865,-0.04544236761015,0.004135579748141352,FR,2,True,False,recoverable,0,False,RUNNING
2.699999999999993,324,S1_APPROACH_AND_PRE_FR_SHIFT,ADVANCE,v003_20260805_224517_157723_manual:S1_APPROACH_AND_PRE_FR_SHIFT:PRIMARY_PROFILE:segments-0-6,1.1083333333333296,0.08222057368948792,7,0.0014409329742193222,0.002945646643638611,0.09412422776222229,-0.041523282875655064,-0.048625994530016634,0.004302805784354765,FR,2,True,False,recoverable,0,False,RUNNING
2.7666666666666595,332,S1_APPROACH_AND_PRE_FR_SHIFT,ADVANCE,v003_20260805_224517_157723_manual:S1_APPROACH_AND_PRE_FR_SHIFT:PRIMARY_PROFILE:segments-0-6,1.174999999999996,0.08716617210690071,7,0.0021863002330064774,0.0032801032066345215,0.09373922646045685,-0.045222579073197086,-0.0516174823396516,0.004469270168176714,FR,2,True,False,recoverable,0,False,RUNNING
2.833333333333326,340,S1_APPROACH_AND_PRE_FR_SHIFT,ADVANCE,v003_20260805_224517_157723_manual:S1_APPROACH_AND_PRE_FR_SHIFT:PRIMARY_PROFILE:segments-0-6,1.2416666666666625,0.09211177052431352,7,0.0029612109065055847,0.0035888105630874634,0.09336487948894501,-0.048633647289102654,-0.05437182607070692,0.004613028288166733,FR,2,True,False,recoverable,0,False,RUNNING
2.8999999999999924,348,S1_APPROACH_AND_PRE_FR_SHIFT,ADVANCE,v003_20260805_224517_157723_manual:S1_APPROACH_AND_PRE_FR_SHIFT:PRIMARY_PROFILE:segments-0-6,1.308333333333329,0.09705736894172633,7,0.003781992942094803,0.00386635959148407,0.09300153702497482,-0.051760323485800855,-0.05693500193413552,0.00475071573804938,FR,2,True,False,recoverable,0,False,RUNNING
2.966666666666659,356,S1_APPROACH_AND_PRE_FR_SHIFT,ADVANCE,v003_20260805_224517_157723_manual:S1_APPROACH_AND_PRE_FR_SHIFT:PRIMARY_PROFILE:segments-0-6,1.3749999999999953,0.10200296735913914,7,0.004503555595874786,0.004214055836200714,0.09255393594503403,-0.05568898291937142,-0.06001849674937029,0.004932594788019748,FR,2,True,False,recoverable,0,False,RUNNING
3.033333333333325,364,S1_APPROACH_AND_PRE_FR_SHIFT,ADVANCE,v003_20260805_224517_157723_manual:S1_APPROACH_AND_PRE_FR_SHIFT:PRIMARY_PROFILE:segments-0-6,1.4416666666666618,0.10694856577655194,7,0.004756605252623558,0.005046866834163666,0.09154592454433441,-0.06497555584906733,-0.06699784641327551,0.005479658547692339,FR,2,True,False,recoverable,0,False,RUNNING
3.0999999999999917,372,S1_APPROACH_AND_PRE_FR_SHIFT,ADVANCE,v003_20260805_224517_157723_manual:S1_APPROACH_AND_PRE_FR_SHIFT:PRIMARY_PROFILE:segments-0-6,1.5083333333333282,0.11189416419396475,7,0.004981596022844315,0.006224937736988068,0.09014609456062317,-0.07818748695484984,-0.07698625441226133,0.006404826835470449,FR,2,True,False,recoverable,0,False,RUNNING
3.166666666666658,380,S1_APPROACH_AND_PRE_FR_SHIFT,ADVANCE,v003_20260805_224517_157723_manual:S1_APPROACH_AND_PRE_FR_SHIFT:PRIMARY_PROFILE:segments-0-6,1.5749999999999946,0.11683976261137755,7,0.004853518679738045,0.007606156170368195,0.0884571447968483,-0.09400104239214985,-0.0886812453618513,0.007682642382698752,FR,2,True,False,recoverable,0,False,RUNNING
3.2333333333333245,388,S1_APPROACH_AND_PRE_FR_SHIFT,ADVANCE,v003_20260805_224517_157723_manual:S1_APPROACH_AND_PRE_FR_SHIFT:PRIMARY_PROFILE:segments-0-6,1.641666666666661,0.12178536102879035,7,0.004275286570191383,0.009520232677459717,0.08606118708848953,-0.1165233105828912,-0.10514743694780233,0.00981049400339806,FR,2,True,False,recoverable,0,False,RUNNING
3.299999999999991,396,S1_APPROACH_AND_PRE_FR_SHIFT,ADVANCE,v003_20260805_224517_157723_manual:S1_APPROACH_AND_PRE_FR_SHIFT:PRIMARY_PROFILE:segments-0-6,1.7083333333333275,0.12673095944620316,7,0.0035879332572221756,0.012001194059848785,0.08285582065582275,-0.14668236166515952,-0.12721224336009168,0.013260567409034453,FR,3,True,False,recoverable,0,False,RUNNING
3.3666666666666574,404,S1_APPROACH_AND_PRE_FR_SHIFT,ADVANCE,v003_20260805_224517_157723_manual:S1_APPROACH_AND_PRE_FR_SHIFT:PRIMARY_PROFILE:segments-0-6,1.774999999999994,0.13167655786361596,7,0.0030839480459690094,0.013370446860790253,0.08106096088886261,-0.16379586387787523,-0.13869573224062723,0.015644724357243386,FR,3,True,False,recoverable,0,False,RUNNING
3.433333333333324,412,S1_APPROACH_AND_PRE_FR_SHIFT,ADVANCE,v003_20260805_224517_157723_manual:S1_APPROACH_AND_PRE_FR_SHIFT:PRIMARY_PROFILE:segments-0-6,1.8416666666666603,0.13662215628102878,7,0.003971986472606659,0.013388648629188538,0.0810142531991005,-0.16392644252664765,-0.13823366428974923,0.01568642234445452,FR,3,True,False,recoverable,0,False,RUNNING
3.4999999999999902,420,S1_APPROACH_AND_PRE_FR_SHIFT,ADVANCE,v003_20260805_224517_157723_manual:S1_APPROACH_AND_PRE_FR_SHIFT:PRIMARY_PROFILE:segments-0-6,1.9083333333333268,0.14156775469844157,7,0.004909040406346321,0.01341354101896286,0.08095855265855789,-0.1641037004323116,-0.13776622340899072,0.015730698374987907,FR,3,True,False,recoverable,0,False,RUNNING
3.5666666666666567,428,S1_APPROACH_AND_PRE_FR_SHIFT,ADVANCE,v003_20260805_224517_157723_manual:S1_APPROACH_AND_PRE_FR_SHIFT:PRIMARY_PROFILE:segments-0-6,1.9749999999999932,0.1465133531158544,7,0.005878027528524399,0.013437934219837189,0.08088216185569763,-0.1643941627105884,-0.13732711803904812,0.01578797534384111,FR,3,True,False,recoverable,0,False,RUNNING
3.633333333333323,436,S1_APPROACH_AND_PRE_FR_SHIFT,ADVANCE,v003_20260805_224517_157723_manual:S1_APPROACH_AND_PRE_FR_SHIFT:PRIMARY_PROFILE:segments-0-6,2.04166666666666,0.15145895153326722,7,0.006857387721538544,0.013461016118526459,0.08078467845916748,-0.1647006832636854,-0.13687492777548083,0.015853722247572137,FR,3,True,False,recoverable,0,False,RUNNING
3.6999999999999895,444,S1_APPROACH_AND_PRE_FR_SHIFT,ADVANCE,v003_20260805_224517_157723_manual:S1_APPROACH_AND_PRE_FR_SHIFT:PRIMARY_PROFILE:segments-0-6,2.1083333333333263,0.15640454995068,7,0.007805155590176582,0.013485811650753021,0.08066558837890625,-0.16500197032266278,-0.13634772199626177,0.015886828642453735,FR,3,True,False,recoverable,0,False,RUNNING
3.766666666666656,452,S1_APPROACH_AND_PRE_FR_SHIFT,ADVANCE,v003_20260805_224517_157723_manual:S1_APPROACH_AND_PRE_FR_SHIFT:PRIMARY_PROFILE:segments-0-6,2.1749999999999927,0.1613501483680928,7,0.008817886933684349,0.013497285544872284,0.08053676784038544,-0.16549109266988352,-0.1361132067209451,0.015929716001008804,FR,3,True,False,recoverable,0,False,RUNNING
3.8333333333333224,460,S1_APPROACH_AND_PRE_FR_SHIFT,ADVANCE,v003_20260805_224517_157723_manual:S1_APPROACH_AND_PRE_FR_SHIFT:PRIMARY_PROFILE:segments-0-6,2.241666666666659,0.16629574678550563,7,0.009404519572854042,0.0135321244597435,0.0806189700961113,-0.16597582113526407,-0.13630037666106679,0.015996963611307938,FR,3,True,False,recoverable,0,False,RUNNING
3.899999999999989,468,S1_APPROACH_AND_PRE_FR_SHIFT,ADVANCE,v003_20260805_224517_157723_manual:S1_APPROACH_AND_PRE_FR_SHIFT:PRIMARY_PROFILE:segments-0-6,2.3083333333333256,0.17124134520291842,7,0.010112226009368896,0.01356765627861023,0.08069943636655807,-0.16636192028270244,-0.13657328225491486,0.01599651482486161,FR,3,True,False,recoverable,0,False,RUNNING
3.9666666666666552,476,S1_APPROACH_AND_PRE_FR_SHIFT,ADVANCE,v003_20260805_224517_157723_manual:S1_APPROACH_AND_PRE_FR_SHIFT:PRIMARY_PROFILE:segments-0-6,2.374999999999992,0.17618694362033124,7,0.010861610993742943,0.013584978878498077,0.08077716827392578,-0.16668981654993598,-0.13687127142667066,0.01607703402022108,FR,3,True,False,recoverable,0,False,RUNNING
4.0333333333333234,484,S1_APPROACH_AND_PRE_FR_SHIFT,ADVANCE,v003_20260805_224517_157723_manual:S1_APPROACH_AND_PRE_FR_SHIFT:PRIMARY_PROFILE:segments-0-6,2.4416666666666593,0.1811325420377441,7,0.011674851179122925,0.013601236045360565,0.08084500581026077,-0.16701549956141318,-0.13719951803273606,0.016131794512013815,FR,3,True,False,recoverable,0,False,RUNNING
4.099999999999993,492,S1_APPROACH_AND_PRE_FR_SHIFT,ADVANCE,v003_20260805_224517_157723_manual:S1_APPROACH_AND_PRE_FR_SHIFT:PRIMARY_PROFILE:segments-0-6,2.5083333333333293,0.18607814045515716,7,0.012467171996831894,0.01361963152885437,0.0808892771601677,-0.16741499908428997,-0.1375492091683028,0.016180845615079684,FR,3,True,False,recoverable,0,False,RUNNING
4.166666666666663,500,S1_APPROACH_AND_PRE_FR_SHIFT,ADVANCE,v003_20260805_224517_157723_manual:S1_APPROACH_AND_PRE_FR_SHIFT:PRIMARY_PROFILE:segments-0-6,2.5749999999999993,0.19102373887257024,7,0.013302359730005264,0.013637945055961609,0.08090866357088089,-0.16784654485293415,-0.13795286095092818,0.016270921717766836,FR,3,True,False,recoverable,0,False,RUNNING
4.233333333333333,508,S1_APPROACH_AND_PRE_FR_SHIFT,ADVANCE,v003_20260805_224517_157723_manual:S1_APPROACH_AND_PRE_FR_SHIFT:PRIMARY_PROFILE:segments-0-6,2.6416666666666693,0.1959693372899833,7,0.01416565291583538,0.013676203787326813,0.08092360198497772,-0.16838685632986672,-0.1384254819376844,0.016295049090406154,FR,3,True,False,recoverable,0,False,RUNNING
4.300000000000003,516,S1_APPROACH_AND_PRE_FR_SHIFT,ADVANCE,v003_20260805_224517_157723_manual:S1_APPROACH_AND_PRE_FR_SHIFT:PRIMARY_PROFILE:segments-0-6,2.7083333333333393,0.20091493570739638,7,0.01509132795035839,0.013704448938369751,0.0809456929564476,-0.16870911135372,-0.1388030823488169,0.016272487404118675,FR,3,True,False,recoverable,0,False,RUNNING
4.366666666666673,524,S1_APPROACH_AND_PRE_FR_SHIFT,ADVANCE,v003_20260805_224517_157723_manual:S1_APPROACH_AND_PRE_FR_SHIFT:PRIMARY_PROFILE:segments-0-6,2.7750000000000092,0.20586053412480945,7,0.01602662354707718,0.013732217252254486,0.0809376910328865,-0.1692030033116809,-0.13929419955548225,0.016322583872956816,FR,3,True,False,recoverable,0,False,RUNNING
4.433333333333343,532,S1_APPROACH_AND_PRE_FR_SHIFT,ADVANCE,v003_20260805_224517_157723_manual:S1_APPROACH_AND_PRE_FR_SHIFT:PRIMARY_PROFILE:segments-0-6,2.841666666666679,0.21080613254222252,7,0.016980981454253197,0.013746313750743866,0.0809202715754509,-0.16960167426295597,-0.13969504481095893,0.016343407895234547,FR,3,True,False,recoverable,0,False,RUNNING
4.500000000000013,540,S1_APPROACH_AND_PRE_FR_SHIFT,ADVANCE,v003_20260805_224517_157723_manual:S1_APPROACH_AND_PRE_FR_SHIFT:PRIMARY_PROFILE:segments-0-6,2.908333333333349,0.2157517309596356,7,0.01793142594397068,0.013753361999988556,0.08087804913520813,-0.17004510330600334,-0.14017880262585466,0.016345495025809377,FR,3,True,False,recoverable,0,False,RUNNING
4.566666666666683,548,S1_APPROACH_AND_PRE_FR_SHIFT,ADVANCE,v003_20260805_224517_157723_manual:S1_APPROACH_AND_PRE_FR_SHIFT:PRIMARY_PROFILE:segments-0-6,2.975000000000019,0.22069732937704867,7,0.018838269636034966,0.013815082609653473,0.08081312477588654,-0.17057715450913313,-0.14065820261121212,0.016524342782415585,FR,3,True,False,recoverable,0,False,RUNNING
4.633333333333353,556,S1_APPROACH_AND_PRE_FR_SHIFT,ADVANCE,v003_20260805_224517_157723_manual:S1_APPROACH_AND_PRE_FR_SHIFT:PRIMARY_PROFILE:segments-0-6,3.041666666666689,0.22564292779446174,7,0.01980605721473694,0.01384752243757248,0.08077177405357361,-0.1705384479581127,-0.1407790967067244,0.01658302900836835,FR,3,True,False,recoverable,0,False,RUNNING
4.700000000000023,564,S1_APPROACH_AND_PRE_FR_SHIFT,ADVANCE,v003_20260805_224517_157723_manual:S1_APPROACH_AND_PRE_FR_SHIFT:PRIMARY_PROFILE:segments-0-6,3.108333333333359,0.2305885262118748,7,0.020784255117177963,0.013813428580760956,0.08075104653835297,-0.17000117544415178,-0.14047555097001324,0.016500640018909156,FR,3,True,False,recoverable,0,False,RUNNING
4.766666666666693,572,S1_APPROACH_AND_PRE_FR_SHIFT,ADVANCE,v003_20260805_224517_157723_manual:S1_APPROACH_AND_PRE_FR_SHIFT:PRIMARY_PROFILE:segments-0-6,3.175000000000029,0.23553412462928786,7,0.021819980815052986,0.013802841305732727,0.0807136818766594,-0.16952194761421158,-0.14025042681377944,0.01647109586388163,FR,3,True,False,recoverable,0,False,RUNNING
4.833333333333363,580,S1_APPROACH_AND_PRE_FR_SHIFT,ADVANCE,v003_20260805_224517_157723_manual:S1_APPROACH_AND_PRE_FR_SHIFT:PRIMARY_PROFILE:segments-0-6,3.241666666666699,0.24047972304670093,7,0.022920813411474228,0.013781078159809113,0.08067526668310165,-0.168815438771125,-0.1399696891621503,0.016569589552652378,FR,3,True,False,recoverable,0,False,RUNNING
4.900000000000033,588,S1_APPROACH_AND_PRE_FR_SHIFT,ADVANCE,v003_20260805_224517_157723_manual:S1_APPROACH_AND_PRE_FR_SHIFT:PRIMARY_PROFILE:segments-0-6,3.308333333333369,0.245425321464114,7,0.023997418582439423,0.01374080777168274,0.0805857926607132,-0.16833012419199606,-0.13969370494115416,0.016463402336664747,FR,3,True,False,recoverable,0,False,RUNNING
4.966666666666703,596,S1_APPROACH_AND_PRE_FR_SHIFT,ADVANCE,v003_20260805_224517_157723_manual:S1_APPROACH_AND_PRE_FR_SHIFT:PRIMARY_PROFILE:segments-0-6,3.375000000000039,0.2503709198815271,7,0.02516929619014263,0.013681605458259583,0.08047550171613693,-0.1677736381532979,-0.13943113119293934,0.016434375629489476,FR,3,True,False,recoverable,0,False,RUNNING
5.033333333333373,604,S1_APPROACH_AND_PRE_FR_SHIFT,ADVANCE,v003_20260805_224517_157723_manual:S1_APPROACH_AND_PRE_FR_SHIFT:PRIMARY_PROFILE:segments-0-6,3.441666666666709,0.25531651829894014,7,0.026382729411125183,0.013621047139167786,0.08034393191337585,-0.1671090606687322,-0.13912180553290865,0.016347620535766917,FR,3,True,False,recoverable,0,False,RUNNING
5.100000000000043,612,S1_APPROACH_AND_PRE_FR_SHIFT,ADVANCE,v003_20260805_224517_157723_manual:S1_APPROACH_AND_PRE_FR_SHIFT:PRIMARY_PROFILE:segments-0-6,3.508333333333379,0.2602621167163532,7,0.02755998820066452,0.01356562227010727,0.08020836859941483,-0.1665982124332871,-0.13870158791488724,0.016287640783143587,FR,3,True,False,recoverable,0,False,RUNNING
5.166666666666713,620,S1_APPROACH_AND_PRE_FR_SHIFT,ADVANCE,v003_20260805_224517_157723_manual:S1_APPROACH_AND_PRE_FR_SHIFT:PRIMARY_PROFILE:segments-0-6,3.575000000000049,0.2652077151337663,7,0.028462592512369156,0.013590514659881592,0.08008190244436264,-0.1671192591336141,-0.13826797222590856,0.016285053466137744,FR,3,True,False,recoverable,0,False,RUNNING
5.233333333333383,628,S1_APPROACH_AND_PRE_FR_SHIFT,ADVANCE,v003_20260805_224517_157723_manual:S1_APPROACH_AND_PRE_FR_SHIFT:PRIMARY_PROFILE:segments-0-6,3.641666666666719,0.27015331355117933,7,0.029146689921617508,0.013604134321212769,0.08010705560445786,-0.16748133033298582,-0.13813797060030716,0.016281074350078292,FR,3,True,False,recoverable,0,False,RUNNING
5.300000000000053,636,S1_APPROACH_AND_PRE_FR_SHIFT,ADVANCE,v003_20260805_224517_157723_manual:S1_APPROACH_AND_PRE_FR_SHIFT:PRIMARY_PROFILE:segments-0-6,3.708333333333389,0.27509891196859243,7,0.029780251905322075,0.013625659048557281,0.08020885288715363,-0.16777982587847368,-0.13829286608320843,0.016387807831437777,FR,3,True,False,recoverable,0,False,RUNNING
5.366666666666723,644,S1_APPROACH_AND_PRE_FR_SHIFT,ADVANCE,v003_20260805_224517_157723_manual:S1_APPROACH_AND_PRE_FR_SHIFT:PRIMARY_PROFILE:segments-0-6,3.775000000000059,0.2800445103860055,7,0.030528083443641663,0.013653583824634552,0.0802915096282959,-0.1682926087208971,-0.1386162927348152,0.016416182102102394,FR,3,True,False,recoverable,0,False,RUNNING
5.433333333333393,652,S1_APPROACH_AND_PRE_FR_SHIFT,ADVANCE,v003_20260805_224517_157723_manual:S1_APPROACH_AND_PRE_FR_SHIFT:PRIMARY_PROFILE:segments-0-6,3.841666666666729,0.2849901088034186,7,0.03129198029637337,0.013671822845935822,0.08036871999502182,-0.16873488112044538,-0.1389360795935422,0.016455530038331435,FR,3,True,False,recoverable,0,False,RUNNING
5.500000000000063,660,S1_APPROACH_AND_PRE_FR_SHIFT,ADVANCE,v003_20260805_224517_157723_manual:S1_APPROACH_AND_PRE_FR_SHIFT:PRIMARY_PROFILE:segments-0-6,3.908333333333399,0.2899357072208316,7,0.03210847079753876,0.013630203902721405,0.08052307367324829,-0.1684170817926315,-0.13869560217543936,0.0163865395165592,FR,3,True,False,recoverable,0,False,RUNNING
5.566666666666733,668,S1_APPROACH_AND_PRE_FR_SHIFT,ADVANCE,v003_20260805_224517_157723_manual:S1_APPROACH_AND_PRE_FR_SHIFT:PRIMARY_PROFILE:segments-0-6,3.975000000000069,0.2948813056382447,7,0.032952580600976944,0.01359046995639801,0.08065047860145569,-0.16824668818269342,-0.13857493329740814,0.0163702498237747,FR,3,True,False,recoverable,0,False,RUNNING
5.633333333333403,676,S1_APPROACH_AND_PRE_FR_SHIFT,ADVANCE,v003_20260805_224517_157723_manual:S1_APPROACH_AND_PRE_FR_SHIFT:PRIMARY_PROFILE:segments-0-6,4.041666666666739,0.29982690405565776,7,0.033832211047410965,0.013565793633460999,0.08076503872871399,-0.16806660411541746,-0.13848064057521525,0.016383830507834273,FR,3,True,False,recoverable,0,False,RUNNING
5.700000000000073,684,S1_APPROACH_AND_PRE_FR_SHIFT,ADVANCE,v003_20260805_224517_157723_manual:S1_APPROACH_AND_PRE_FR_SHIFT:PRIMARY_PROFILE:segments-0-6,4.108333333333409,0.30477250247307086,7,0.03470942750573158,0.013524644076824188,0.08086369931697845,-0.16797401521012348,-0.13841888532263702,0.016413884988558204,FR,3,True,False,recoverable,0,False,RUNNING
5.766666666666743,692,S1_APPROACH_AND_PRE_FR_SHIFT,ADVANCE,v003_20260805_224517_157723_manual:S1_APPROACH_AND_PRE_FR_SHIFT:PRIMARY_PROFILE:segments-0-6,4.175000000000079,0.3097181008904839,7,0.03562828525900841,0.013492301106452942,0.0809648260474205,-0.16769677686065762,-0.13823297711181556,0.016279028206089546,FR,3,True,False,recoverable,0,False,RUNNING
5.833333333333413,700,S1_APPROACH_AND_PRE_FR_SHIFT,ADVANCE,v003_20260805_224517_157723_manual:S1_APPROACH_AND_PRE_FR_SHIFT:PRIMARY_PROFILE:segments-0-6,4.241666666666749,0.31466369930789695,7,0.03656752035021782,0.013465546071529388,0.08104096353054047,-0.1675817626579731,-0.13818335458365064,0.016149860581799187,FR,3,True,False,recoverable,0,False,RUNNING
5.900000000000083,708,S1_APPROACH_AND_PRE_FR_SHIFT,ADVANCE,v003_20260805_224517_157723_manual:S1_APPROACH_AND_PRE_FR_SHIFT:PRIMARY_PROFILE:segments-0-6,4.308333333333419,0.31960929772531005,7,0.03752646595239639,0.013431213796138763,0.08109636604785919,-0.16751505387358534,-0.1381694274435509,0.016044210167466287,FR,3,True,False,recoverable,0,False,RUNNING
5.966666666666753,716,S1_APPROACH_AND_PRE_FR_SHIFT,ADVANCE,v003_20260805_224517_157723_manual:S1_APPROACH_AND_PRE_FR_SHIFT:PRIMARY_PROFILE:segments-0-6,4.375000000000089,0.3245548961427231,7,0.038514118641614914,0.013387396931648254,0.08114591985940933,-0.1672821656685287,-0.13800917926390982,0.01590966687111407,FR,3,True,False,recoverable,0,False,RUNNING
6.033333333333423,724,S1_APPROACH_AND_PRE_FR_SHIFT,ADVANCE,v003_20260805_224517_157723_manual:S1_APPROACH_AND_PRE_FR_SHIFT:PRIMARY_PROFILE:segments-0-6,4.441666666666759,0.3295004945601362,7,0.03950168564915657,0.013348966836929321,0.08116954565048218,-0.1671639718341679,-0.137920613207521,0.015869875632881492,FR,3,True,False,recoverable,0,False,RUNNING
6.100000000000093,732,S1_APPROACH_AND_PRE_FR_SHIFT,ADVANCE,v003_20260805_224517_157723_manual:S1_APPROACH_AND_PRE_FR_SHIFT:PRIMARY_PROFILE:segments-0-6,4.508333333333429,0.33444609297754924,7,0.04051155969500542,0.013283319771289825,0.08118648082017899,-0.16698388181588894,-0.13781140925730287,0.015776286664816213,FR,3,True,False,recoverable,0,False,RUNNING
6.166666666666763,740,S1_APPROACH_AND_PRE_FR_SHIFT,ADVANCE,v003_20260805_224517_157723_manual:S1_APPROACH_AND_PRE_FR_SHIFT:PRIMARY_PROFILE:segments-0-6,4.575000000000099,0.33939169139496234,7,0.0415605865418911,0.013272158801555634,0.08116898685693741,-0.16671813599120733,-0.1376756836100336,0.015813859917504447,FR,3,True,False,recoverable,0,False,RUNNING
6.233333333333433,748,S1_APPROACH_AND_PRE_FR_SHIFT,ADVANCE,v003_20260805_224517_157723_manual:S1_APPROACH_AND_PRE_FR_SHIFT:PRIMARY_PROFILE:segments-0-6,4.641666666666769,0.3443372898123754,7,0.04261697456240654,0.013270005583763123,0.08112436532974243,-0.1665506984450887,-0.1375704883665765,0.015836727613685205,FR,3,True,False,recoverable,0,False,RUNNING
6.300000000000103,756,S1_APPROACH_AND_PRE_FR_SHIFT,ADVANCE,v003_20260805_224517_157723_manual:S1_APPROACH_AND_PRE_FR_SHIFT:PRIMARY_PROFILE:segments-0-6,4.708333333333439,0.3492828882297885,7,0.04368883743882179,0.013270765542984009,0.08105134963989258,-0.16647652187633097,-0.13748663090852947,0.01587004626047782,FR,3,True,False,recoverable,0,False,RUNNING
6.366666666666773,764,S1_APPROACH_AND_PRE_FR_SHIFT,ADVANCE,v003_20260805_224517_157723_manual:S1_APPROACH_AND_PRE_FR_SHIFT:PRIMARY_PROFILE:segments-0-6,4.775000000000109,0.3542284866472015,7,0.044777512550354004,0.013267531991004944,0.0809657946228981,-0.16620783614737014,-0.1372758634667128,0.015824344235060565,FR,3,True,False,recoverable,0,False,RUNNING
6.433333333333443,772,S1_APPROACH_AND_PRE_FR_SHIFT,ADVANCE,v003_20260805_224517_157723_manual:S1_APPROACH_AND_PRE_FR_SHIFT:PRIMARY_PROFILE:segments-0-6,4.841666666666779,0.3591740850646146,7,0.04592113569378853,0.01326044648885727,0.0808430090546608,-0.16601924522493153,-0.13714184687617129,0.015817291808741026,FR,3,True,False,recoverable,0,False,RUNNING
6.500000000000113,780,S1_APPROACH_AND_PRE_FR_SHIFT,ADVANCE,v003_20260805_224517_157723_manual:S1_APPROACH_AND_PRE_FR_SHIFT:PRIMARY_PROFILE:segments-0-6,4.908333333333449,0.36411968348202767,7,0.047098007053136826,0.013245970010757446,0.08068631589412689,-0.16587538373997823,-0.1370476551055356,0.015831792298149683,FR,3,True,False,recoverable,0,False,RUNNING
6.566666666666783,788,S1_APPROACH_AND_PRE_FR_SHIFT,ADVANCE,v003_20260805_224517_157723_manual:S1_APPROACH_AND_PRE_FR_SHIFT:PRIMARY_PROFILE:segments-0-6,4.975000000000119,0.3690652818994407,7,0.04826866090297699,0.013219736516475677,0.08051645010709763,-0.16555806071583623,-0.13677997443304157,0.015769509867497228,FR,3,True,False,recoverable,0,False,RUNNING
6.633333333333453,796,S1_APPROACH_AND_PRE_FR_SHIFT,ADVANCE,v003_20260805_224517_157723_manual:S1_APPROACH_AND_PRE_FR_SHIFT:PRIMARY_PROFILE:segments-0-6,5.041666666666789,0.3740108803168538,7,0.049483343958854675,0.013196036219596863,0.08029845356941223,-0.16526981116625186,-0.13657236684962806,0.015798671622934364,FR,3,True,False,recoverable,0,False,RUNNING
6.700000000000123,804,S1_APPROACH_AND_PRE_FR_SHIFT,ADVANCE,v003_20260805_224517_157723_manual:S1_APPROACH_AND_PRE_FR_SHIFT:PRIMARY_PROFILE:segments-0-6,5.108333333333459,0.37895647873426686,7,0.050541095435619354,0.013186775147914886,0.08012053370475769,-0.1655769087277597,-0.13630040300955895,0.015873280996674174,FR,3,True,False,recoverable,0,False,RUNNING
6.766666666666793,812,S1_APPROACH_AND_PRE_FR_SHIFT,ADVANCE,v003_20260805_224517_157723_manual:S1_APPROACH_AND_PRE_FR_SHIFT:PRIMARY_PROFILE:segments-0-6,5.175000000000129,0.38390207715167995,7,0.05117982625961304,0.013220861554145813,0.08012866973876953,-0.16623916442821418,-0.13638360247668432,0.015929363297610067,FR,3,True,False,recoverable,0,False,RUNNING
6.833333333333463,820,S1_APPROACH_AND_PRE_FR_SHIFT,ADVANCE,v003_20260805_224517_157723_manual:S1_APPROACH_AND_PRE_FR_SHIFT:PRIMARY_PROFILE:segments-0-6,5.241666666666799,0.388847675569093,7,0.051953788846731186,0.013271935284137726,0.08011431246995926,-0.1669544542201145,-0.13661849836580117,0.01597261495271954,FR,3,True,False,recoverable,0,False,RUNNING
6.900000000000133,828,S1_APPROACH_AND_PRE_FR_SHIFT,ADVANCE,v003_20260805_224517_157723_manual:S1_APPROACH_AND_PRE_FR_SHIFT:PRIMARY_PROFILE:segments-0-6,5.308333333333469,0.3937932739865061,7,0.052788130939006805,0.013313308358192444,0.08009050041437149,-0.16764097226044203,-0.13687268237076905,0.016074097955377127,FR,3,True,False,recoverable,0,False,RUNNING
6.966666666666803,836,S1_APPROACH_AND_PRE_FR_SHIFT,ADVANCE,v003_20260805_224517_157723_manual:S1_APPROACH_AND_PRE_FR_SHIFT:PRIMARY_PROFILE:segments-0-6,5.3750000000001386,0.39873887240391914,7,0.05368783324956894,0.013341538608074188,0.0800689235329628,-0.16825577980514678,-0.13707221761223937,0.016104341857365336,FR,3,True,False,recoverable,0,False,RUNNING
7.033333333333473,844,S1_APPROACH_AND_PRE_FR_SHIFT,ADVANCE,v003_20260805_224517_157723_manual:S1_APPROACH_AND_PRE_FR_SHIFT:PRIMARY_PROFILE:segments-0-6,5.4416666666668085,0.40368447082133224,7,0.05461908131837845,0.01329772174358368,0.08011444658041,-0.1680228908320043,-0.1366713909128739,0.016070204450245817,FR,3,True,False,recoverable,0,False,RUNNING
7.100000000000143,852,S1_APPROACH_AND_PRE_FR_SHIFT,ADVANCE,v003_20260805_224517_157723_manual:S1_APPROACH_AND_PRE_FR_SHIFT:PRIMARY_PROFILE:segments-0-6,5.5083333333334785,0.4086300692387453,7,0.05561548471450806,0.01326434314250946,0.08013376593589783,-0.16798835431990555,-0.13638471814056158,0.016071287823852094,FR,3,True,False,recoverable,0,False,RUNNING
7.166666666666813,860,S1_APPROACH_AND_PRE_FR_SHIFT,ADVANCE,v003_20260805_224517_157723_manual:S1_APPROACH_AND_PRE_FR_SHIFT:PRIMARY_PROFILE:segments-0-6,5.5750000000001485,0.4135756676561584,7,0.05661092698574066,0.013213269412517548,0.08014386892318726,-0.16779965332595245,-0.13599151386279873,0.016043717786885466,FR,3,True,False,recoverable,0,False,RUNNING
7.233333333333483,868,S1_APPROACH_AND_PRE_FR_SHIFT,ADVANCE,v003_20260805_224517_157723_manual:S1_APPROACH_AND_PRE_FR_SHIFT:PRIMARY_PROFILE:segments-0-6,5.6416666666668185,0.41852126607357143,7,0.05736492574214935,0.013183295726776123,0.08024004101753235,-0.1676434379702703,-0.13586866645242476,0.015946185690711635,FR,3,True,False,recoverable,0,False,RUNNING
7.300000000000153,876,S1_APPROACH_AND_PRE_FR_SHIFT,ADVANCE,v003_20260805_224517_157723_manual:S1_APPROACH_AND_PRE_FR_SHIFT:PRIMARY_PROFILE:segments-0-6,5.7083333333334885,0.4234668644909845,7,0.058094508945941925,0.013174697756767273,0.0803823173046112,-0.16749979119279512,-0.13592745442027288,0.01595454783816707,FR,3,True,False,recoverable,0,False,RUNNING
7.366666666666823,884,S1_APPROACH_AND_PRE_FR_SHIFT,ADVANCE,v003_20260805_224517_157723_manual:S1_APPROACH_AND_PRE_FR_SHIFT:PRIMARY_PROFILE:segments-0-6,5.7750000000001585,0.4284124629083976,7,0.05888702720403671,0.013161756098270416,0.08051130920648575,-0.16736690831993603,-0.13606772377130635,0.01601888722014404,FR,3,True,False,recoverable,0,False,RUNNING
7.4333333333334926,892,S1_APPROACH_AND_PRE_FR_SHIFT,ADVANCE,v003_20260805_224517_157723_manual:S1_APPROACH_AND_PRE_FR_SHIFT:PRIMARY_PROFILE:segments-0-6,5.841666666666828,0.4333580613258106,7,0.059686943888664246,0.013155817985534668,0.0806223675608635,-0.16734153736520604,-0.1362909752286274,0.0160282963706969,FR,3,True,False,recoverable,0,False,RUNNING
7.5000000000001625,900,S1_APPROACH_AND_PRE_FR_SHIFT,ADVANCE,v003_20260805_224517_157723_manual:S1_APPROACH_AND_PRE_FR_SHIFT:PRIMARY_PROFILE:segments-0-6,5.908333333333498,0.4383036597432237,7,0.06054658442735672,0.013118423521518707,0.08074241876602173,-0.1670555413391303,-0.13641120021581493,0.016087918588277978,FR,3,True,False,recoverable,0,False,RUNNING
7.5666666666668325,908,S1_APPROACH_AND_PRE_FR_SHIFT,ADVANCE,v003_20260805_224517_157723_manual:S1_APPROACH_AND_PRE_FR_SHIFT:PRIMARY_PROFILE:segments-0-6,5.975000000000168,0.44324925816063676,7,0.06143204867839813,0.013104081153869629,0.08082932978868484,-0.16706865411029453,-0.13672409339974853,0.01613160484439907,FR,3,True,False,recoverable,0,False,RUNNING
7.6333333333335025,916,S1_APPROACH_AND_PRE_FR_SHIFT,ADVANCE,v003_20260805_224517_157723_manual:S1_APPROACH_AND_PRE_FR_SHIFT:PRIMARY_PROFILE:segments-0-6,6.041666666666838,0.44819485657804986,7,0.06237263232469559,0.013078853487968445,0.08093048632144928,-0.16682738676634443,-0.13691705411056668,0.016125751800587344,FR,3,True,False,recoverable,0,False,RUNNING
7.7000000000001725,924,S1_APPROACH_AND_PRE_FR_SHIFT,ADVANCE,v003_20260805_224517_157723_manual:S1_APPROACH_AND_PRE_FR_SHIFT:PRIMARY_PROFILE:segments-0-6,6.108333333333508,0.4531404549954629,7,0.06330378353595734,0.013065077364444733,0.08101365715265274,-0.16653573612974668,-0.1370636887873811,0.016043837943775174,FR,3,True,False,recoverable,0,False,RUNNING
7.7666666666668425,932,S1_APPROACH_AND_PRE_FR_SHIFT,ADVANCE,v003_20260805_224517_157723_manual:S1_APPROACH_AND_PRE_FR_SHIFT:PRIMARY_PROFILE:segments-0-6,6.175000000000178,0.458086053412876,7,0.06426738202571869,0.013048902153968811,0.08107297867536545,-0.16639834847390209,-0.137372566445393,0.015946741700448953,FR,3,True,False,recoverable,0,False,RUNNING
7.8333333333335124,940,S1_APPROACH_AND_PRE_FR_SHIFT,ADVANCE,v003_20260805_224517_157723_manual:S1_APPROACH_AND_PRE_FR_SHIFT:PRIMARY_PROFILE:segments-0-6,6.241666666666848,0.46303165183028905,7,0.06520585715770721,0.01304016262292862,0.0810997486114502,-0.16622261400442798,-0.13761660099472436,0.01589239151220351,FR,3,True,False,recoverable,0,False,RUNNING
7.900000000000182,948,S1_APPROACH_AND_PRE_FR_SHIFT,ADVANCE,v003_20260805_224517_157723_manual:S1_APPROACH_AND_PRE_FR_SHIFT:PRIMARY_PROFILE:segments-0-6,6.308333333333518,0.46797725024770215,7,0.06619811058044434,0.013012386858463287,0.08112207800149918,-0.1659476995376163,-0.13779166305545118,0.01582262639362492,FR,3,True,False,recoverable,0,False,RUNNING
7.966666666666852,956,S1_APPROACH_AND_PRE_FR_SHIFT,ADVANCE,v003_20260805_224517_157723_manual:S1_APPROACH_AND_PRE_FR_SHIFT:PRIMARY_PROFILE:segments-0-6,6.375000000000188,0.4729228486651152,7,0.06718620657920837,0.012996137142181396,0.08111515641212463,-0.1657908630229003,-0.13804073574391604,0.015726091055162875,FR,3,True,False,recoverable,0,False,RUNNING
8.033333333333518,964,S1_APPROACH_AND_PRE_FR_SHIFT,ADVANCE,v003_20260805_224517_157723_manual:S1_APPROACH_AND_PRE_FR_SHIFT:PRIMARY_PROFILE:segments-0-6,6.441666666666855,0.477868447082528,7,0.0682113915681839,0.01298891007900238,0.08108703047037125,-0.1655391028812536,-0.1383016235694192,0.01564032556957803,FR,3,True,False,recoverable,0,False,RUNNING
8.10000000000018,972,S1_APPROACH_AND_PRE_FR_SHIFT,ADVANCE,v003_20260805_224517_157723_manual:S1_APPROACH_AND_PRE_FR_SHIFT:PRIMARY_PROFILE:segments-0-6,6.508333333333518,0.48281404549994056,7,0.06925858557224274,0.012979380786418915,0.08103470504283905,-0.16536811751137642,-0.13862339596549875,0.015612042367670744,FR,3,True,False,recoverable,0,False,RUNNING
8.166666666666844,980,S1_APPROACH_AND_PRE_FR_SHIFT,ADVANCE,v003_20260805_224517_157723_manual:S1_APPROACH_AND_PRE_FR_SHIFT:PRIMARY_PROFILE:segments-0-6,6.5750000000001805,0.4877596439173531,7,0.07030384242534637,0.012973472476005554,0.08098331093788147,-0.16503391053680644,-0.13881029066720338,0.015636230225578626,FR,3,True,False,recoverable,0,False,RUNNING
8.233333333333507,988,S1_APPROACH_AND_PRE_FR_SHIFT,ADVANCE,v003_20260805_224517_157723_manual:S1_APPROACH_AND_PRE_FR_SHIFT:PRIMARY_PROFILE:segments-0-6,6.641666666666843,0.49270524233476565,7,0.07137784361839294,0.012924529612064362,0.08095549792051315,-0.16414440063029467,-0.13859430402286418,0.015606317323969209,FR,3,True,False,recoverable,0,False,RUNNING
8.30000000000017,996,S1_APPROACH_AND_PRE_FR_SHIFT,ADVANCE,v003_20260805_224517_157723_manual:S1_APPROACH_AND_PRE_FR_SHIFT:PRIMARY_PROFILE:segments-0-6,6.708333333333506,0.4976508407521782,7,0.07222691178321838,0.012927405536174774,0.08095016330480576,-0.1640182744478045,-0.13823682442787646,0.015620216542751484,FR,3,True,False,recoverable,0,False,RUNNING
8.366666666666832,1004,S1_APPROACH_AND_PRE_FR_SHIFT,ADVANCE,v003_20260805_224517_157723_manual:S1_APPROACH_AND_PRE_FR_SHIFT:PRIMARY_PROFILE:segments-0-6,6.775000000000169,0.5025964391695907,7,0.07308626174926758,0.01294911652803421,0.08093161135911942,-0.16414556032057964,-0.13790078070674947,0.015675158832982778,FR,3,True,False,recoverable,0,False,RUNNING
8.433333333333495,1012,S1_APPROACH_AND_PRE_FR_SHIFT,ADVANCE,v003_20260805_224517_157723_manual:S1_APPROACH_AND_PRE_FR_SHIFT:PRIMARY_PROFILE:segments-0-6,6.841666666666832,0.5075420375870032,7,0.0739474892616272,0.012987345457077026,0.08088471740484238,-0.1643215225982613,-0.13758779630221527,0.01576239207992088,FR,3,True,False,recoverable,0,False,RUNNING
8.500000000000158,1020,S1_APPROACH_AND_PRE_FR_SHIFT,ADVANCE,v003_20260805_224517_157723_manual:S1_APPROACH_AND_PRE_FR_SHIFT:PRIMARY_PROFILE:segments-0-6,6.908333333333495,0.5124876360044158,7,0.0749460756778717,0.013004273176193237,0.08082848787307739,-0.16450168040370863,-0.13730043163045122,0.015799553798929958,FR,3,True,False,recoverable,0,False,RUNNING
8.566666666666821,1028,S1_APPROACH_AND_PRE_FR_SHIFT,ADVANCE,v003_20260805_224517_157723_manual:S1_APPROACH_AND_PRE_FR_SHIFT:PRIMARY_PROFILE:segments-0-6,6.975000000000158,0.5174332344218283,7,0.07598042488098145,0.013023726642131805,0.08075413852930069,-0.16456672084371016,-0.13694943476810584,0.01581316004605748,FR,3,True,False,recoverable,0,False,RUNNING
8.633333333333484,1036,S1_APPROACH_AND_PRE_FR_SHIFT,ADVANCE,v003_20260805_224517_157723_manual:S1_APPROACH_AND_PRE_FR_SHIFT:PRIMARY_PROFILE:segments-0-6,7.041666666666821,0.5223788328392409,7,0.0770530253648758,0.013009652495384216,0.08065221458673477,-0.16474592617003747,-0.13661301217504823,0.015789472207003618,FR,3,True,False,recoverable,0,False,RUNNING
8.700000000000147,1044,S1_APPROACH_AND_PRE_FR_SHIFT,ADVANCE,v003_20260805_224517_157723_manual:S1_APPROACH_AND_PRE_FR_SHIFT:PRIMARY_PROFILE:segments-0-6,7.1083333333334835,0.5273244312566534,7,0.07816232740879059,0.01303621381521225,0.08052827417850494,-0.16491874227095546,-0.13633070180590406,0.01586572127629691,FR,3,True,False,recoverable,0,False,RUNNING
8.76666666666681,1052,S1_APPROACH_AND_PRE_FR_SHIFT,ADVANCE,v003_20260805_224517_157723_manual:S1_APPROACH_AND_PRE_FR_SHIFT:PRIMARY_PROFILE:segments-0-6,7.175000000000146,0.532270029674066,7,0.07921431958675385,0.013043299317359924,0.08043354749679565,-0.16517488542463804,-0.13615122260616172,0.015924229867883326,FR,3,True,False,recoverable,0,False,RUNNING
8.833333333333472,1060,S1_APPROACH_AND_PRE_FR_SHIFT,ADVANCE,v003_20260805_224517_157723_manual:S1_APPROACH_AND_PRE_FR_SHIFT:PRIMARY_PROFILE:segments-0-6,7.241666666666809,0.5372156280914785,7,0.07986253499984741,0.013060234487056732,0.08052026480436325,-0.1653247590997732,-0.136363888157563,0.015968852527743438,FR,3,True,False,recoverable,0,False,RUNNING
8.900000000000135,1068,S1_APPROACH_AND_PRE_FR_SHIFT,ADVANCE,v003_20260805_224517_157723_manual:S1_APPROACH_AND_PRE_FR_SHIFT:PRIMARY_PROFILE:segments-0-6,7.308333333333472,0.5421612265088911,7,0.08066626638174057,0.01306181401014328,0.0805983617901802,-0.1654396632110991,-0.13664907937843487,0.015989699027601147,FR,3,True,False,recoverable,0,False,RUNNING
8.966666666666798,1076,S1_APPROACH_AND_PRE_FR_SHIFT,ADVANCE,v003_20260805_224517_157723_manual:S1_APPROACH_AND_PRE_FR_SHIFT:PRIMARY_PROFILE:segments-0-6,7.375000000000135,0.5471068249263036,7,0.08152149617671967,0.013060636818408966,0.08066915720701218,-0.16556844881927563,-0.1370297300865118,0.016028007163526602,FR,3,True,False,recoverable,0,False,RUNNING
9.033333333333461,1084,S1_APPROACH_AND_PRE_FR_SHIFT,ADVANCE,v003_20260805_224517_157723_manual:S1_APPROACH_AND_PRE_FR_SHIFT:PRIMARY_PROFILE:segments-0-6,7.441666666666798,0.5520524233437162,7,0.08239451050758362,0.01306018978357315,0.08072642236948013,-0.1657918475049852,-0.13745004899527632,0.016064713296327037,FR,3,True,False,recoverable,0,False,RUNNING
9.100000000000124,1092,S1_APPROACH_AND_PRE_FR_SHIFT,ADVANCE,v003_20260805_224517_157723_manual:S1_APPROACH_AND_PRE_FR_SHIFT:PRIMARY_PROFILE:segments-0-6,7.508333333333461,0.5569980217611287,7,0.08320695161819458,0.013081073760986328,0.08077706396579742,-0.16625791508900623,-0.13783048729822414,0.016134867909022837,FR,3,True,False,recoverable,0,False,RUNNING
9.166666666666787,1100,S1_APPROACH_AND_PRE_FR_SHIFT,ADVANCE,v003_20260805_224517_157723_manual:S1_APPROACH_AND_PRE_FR_SHIFT:PRIMARY_PROFILE:segments-0-6,7.575000000000124,0.5619436201785412,7,0.08406704664230347,0.013109773397445679,0.0808200016617775,-0.16675445578370765,-0.138251594280536,0.01618129919325995,FR,3,True,False,recoverable,0,False,RUNNING
9.23333333333345,1108,S1_APPROACH_AND_PRE_FR_SHIFT,ADVANCE,v003_20260805_224517_157723_manual:S1_APPROACH_AND_PRE_FR_SHIFT:PRIMARY_PROFILE:segments-0-6,7.6416666666667865,0.5668892185959538,7,0.08494788408279419,0.01310061663389206,0.08085401356220245,-0.16702938950470977,-0.13854308636492874,0.016240014518341995,FR,3,True,False,recoverable,0,False,RUNNING
9.300000000000113,1116,S1_APPROACH_AND_PRE_FR_SHIFT,ADVANCE,v003_20260805_224517_157723_manual:S1_APPROACH_AND_PRE_FR_SHIFT:PRIMARY_PROFILE:segments-0-6,7.708333333333449,0.5718348170133662,7,0.08582067489624023,0.013122618198394775,0.08085133880376816,-0.16751875641497216,-0.13900513433642905,0.01630121053107398,FR,3,True,False,recoverable,0,False,RUNNING
9.366666666666775,1124,S1_APPROACH_AND_PRE_FR_SHIFT,ADVANCE,v003_20260805_224517_157723_manual:S1_APPROACH_AND_PRE_FR_SHIFT:PRIMARY_PROFILE:segments-0-6,7.775000000000112,0.5767804154307788,7,0.08666321635246277,0.013162985444068909,0.08084925264120102,-0.16785533034149205,-0.1392950844053158,0.016192481614833547,FR,3,True,False,recoverable,0,False,RUNNING
9.433333333333438,1132,S1_APPROACH_AND_PRE_FR_SHIFT,ADVANCE,v003_20260805_224517_157723_manual:S1_APPROACH_AND_PRE_FR_SHIFT:PRIMARY_PROFILE:segments-0-6,7.841666666666775,0.5817260138481913,7,0.08761650323867798,0.013121597468852997,0.08091994374990463,-0.16731302551052282,-0.13900509590891758,0.016008922333634643,FR,3,True,False,recoverable,0,False,RUNNING
9.500000000000101,1140,S1_APPROACH_AND_PRE_FR_SHIFT,ADVANCE,v003_20260805_224517_157723_manual:S1_APPROACH_AND_PRE_FR_SHIFT:PRIMARY_PROFILE:segments-0-6,7.908333333333438,0.5866716122656039,7,0.08859295397996902,0.013100236654281616,0.08095383644104004,-0.16700311511627958,-0.13887606361177937,0.015874548634313514,FR,3,True,False,recoverable,0,False,RUNNING
9.566666666666764,1148,S1_APPROACH_AND_PRE_FR_SHIFT,ADVANCE,v003_20260805_224517_157723_manual:S1_APPROACH_AND_PRE_FR_SHIFT:PRIMARY_PROFILE:segments-0-6,7.975000000000101,0.5916172106830164,7,0.08961042016744614,0.013086780905723572,0.08098588138818741,-0.1664469946150053,-0.13858900304469857,0.015695453641298283,FR,3,True,False,recoverable,0,False,RUNNING
9.633333333333427,1156,S1_APPROACH_AND_PRE_FR_SHIFT,ADVANCE,v003_20260805_224517_157723_manual:S1_APPROACH_AND_PRE_FR_SHIFT:PRIMARY_PROFILE:segments-0-6,8.041666666666764,0.596562809100429,7,0.09064118564128876,0.013076424598693848,0.08097954094409943,-0.16611459469970485,-0.13842956731834674,0.015557548151348438,FR,3,True,False,recoverable,0,False,RUNNING
9.70000000000009,1164,S1_APPROACH_AND_PRE_FR_SHIFT,ADVANCE,v003_20260805_224517_157723_manual:S1_APPROACH_AND_PRE_FR_SHIFT:PRIMARY_PROFILE:segments-0-6,8.108333333333427,0.6015084075178415,7,0.09168900549411774,0.01306082308292389,0.0809730589389801,-0.16555160468447655,-0.13813371584666276,0.015483330559165459,FR,3,True,False,recoverable,0,False,RUNNING
9.766666666666753,1172,S1_APPROACH_AND_PRE_FR_SHIFT,ADVANCE,v003_20260805_224517_157723_manual:S1_APPROACH_AND_PRE_FR_SHIFT:PRIMARY_PROFILE:segments-0-6,8.17500000000009,0.6064540059352541,7,0.09278025478124619,0.013043664395809174,0.08093275874853134,-0.16508464053568878,-0.13790258189868768,0.015316082710518097,FR,3,True,False,recoverable,0,False,RUNNING
9.833333333333416,1180,S1_APPROACH_AND_PRE_FR_SHIFT,ADVANCE,v003_20260805_224517_157723_manual:S1_APPROACH_AND_PRE_FR_SHIFT:PRIMARY_PROFILE:segments-0-6,8.241666666666752,0.6113996043526666,7,0.09392330050468445,0.013028047978878021,0.08086766302585602,-0.1646547268294091,-0.137739073467787,0.01514756000644721,FR,3,True,False,recoverable,0,False,RUNNING
9.900000000000079,1188,S1_APPROACH_AND_PRE_FR_SHIFT,ADVANCE,v003_20260805_224517_157723_manual:S1_APPROACH_AND_PRE_FR_SHIFT:PRIMARY_PROFILE:segments-0-6,8.308333333333415,0.6163452027700792,7,0.0950632244348526,0.013014785945415497,0.08078709989786148,-0.1641174706328296,-0.13750403370827297,0.015092351216687552,FR,3,True,False,recoverable,0,False,RUNNING
9.966666666666741,1196,S1_APPROACH_AND_PRE_FR_SHIFT,ADVANCE,v003_20260805_224517_157723_manual:S1_APPROACH_AND_PRE_FR_SHIFT:PRIMARY_PROFILE:segments-0-6,8.375000000000078,0.6212908011874917,7,0.0961027592420578,0.013007067143917084,0.08071699738502502,-0.16375013072426967,-0.1371543879855482,0.015056766249655532,FR,3,True,False,recoverable,0,False,RUNNING
10.033333333333404,1204,S1_APPROACH_AND_PRE_FR_SHIFT,ADVANCE,v003_20260805_224517_157723_manual:S1_APPROACH_AND_PRE_FR_SHIFT:PRIMARY_PROFILE:segments-0-6,8.441666666666741,0.6262363996049043,7,0.0967329815030098,0.013035006821155548,0.08077944815158844,-0.16422627934265432,-0.13722912815120183,0.015013688278356679,FR,3,True,False,recoverable,0,False,RUNNING
10.100000000000067,1212,S1_APPROACH_AND_PRE_FR_SHIFT,ADVANCE,v003_20260805_224517_157723_manual:S1_APPROACH_AND_PRE_FR_SHIFT:PRIMARY_PROFILE:segments-0-6,8.508333333333404,0.6311819980223168,7,0.09743738174438477,0.01306101679801941,0.08085974305868149,-0.16448945433052634,-0.13717380527109438,0.014919431852097181,FR,3,True,False,recoverable,0,False,RUNNING
10.16666666666673,1220,S1_APPROACH_AND_PRE_FR_SHIFT,ADVANCE,v003_20260805_224517_157723_manual:S1_APPROACH_AND_PRE_FR_SHIFT:PRIMARY_PROFILE:segments-0-6,8.575000000000067,0.6361275964397294,7,0.09826865792274475,0.013100393116474152,0.08090873807668686,-0.16499476044144176,-0.13743282610520538,0.014891613211317798,FR,3,True,False,recoverable,0,False,RUNNING
10.233333333333393,1228,S1_APPROACH_AND_PRE_FR_SHIFT,ADVANCE,v003_20260805_224517_157723_manual:S1_APPROACH_AND_PRE_FR_SHIFT:PRIMARY_PROFILE:segments-0-6,8.64166666666673,0.6410731948571419,7,0.09912353754043579,0.013117879629135132,0.08096553385257721,-0.16533824553067283,-0.13753545660322233,0.014859648387632563,FR,3,True,False,recoverable,0,False,RUNNING
10.300000000000056,1236,S1_APPROACH_AND_PRE_FR_SHIFT,ADVANCE,v003_20260805_224517_157723_manual:S1_APPROACH_AND_PRE_FR_SHIFT:PRIMARY_PROFILE:segments-0-6,8.708333333333393,0.6460187932745545,7,0.09999755024909973,0.01315377652645111,0.08101017028093338,-0.16574494913694957,-0.13769118458522037,0.014959886111537497,FR,3,True,False,recoverable,0,False,RUNNING
10.366666666666719,1244,S1_APPROACH_AND_PRE_FR_SHIFT,ADVANCE,v003_20260805_224517_157723_manual:S1_APPROACH_AND_PRE_FR_SHIFT:PRIMARY_PROFILE:segments-0-6,8.775000000000055,0.650964391691967,7,0.10090667009353638,0.013187006115913391,0.08102645725011826,-0.1662240073484541,-0.13789996394026333,0.01492897812782189,FR,3,True,False,recoverable,0,False,RUNNING
10.433333333333382,1252,S1_APPROACH_AND_PRE_FR_SHIFT,ADVANCE,v003_20260805_224517_157723_manual:S1_APPROACH_AND_PRE_FR_SHIFT:PRIMARY_PROFILE:segments-0-6,8.841666666666718,0.6559099901093796,7,0.10182205587625504,0.013186663389205933,0.08103626221418381,-0.16666187205963984,-0.13809914742397744,0.014951258416521793,FR,3,True,False,recoverable,0,False,RUNNING
10.500000000000044,1260,S1_APPROACH_AND_PRE_FR_SHIFT,ADVANCE,v003_20260805_224517_157723_manual:S1_APPROACH_AND_PRE_FR_SHIFT:PRIMARY_PROFILE:segments-0-6,8.908333333333381,0.660855588526792,7,0.1027730256319046,0.013201296329498291,0.08102304488420486,-0.1671754517568049,-0.13831554634172954,0.01495370387726583,FR,3,True,False,recoverable,0,False,RUNNING
10.566666666666707,1268,S1_APPROACH_AND_PRE_FR_SHIFT,ADVANCE,v003_20260805_224517_157723_manual:S1_APPROACH_AND_PRE_FR_SHIFT:PRIMARY_PROFILE:segments-0-6,8.975000000000044,0.6658011869442046,7,0.10371430218219757,0.01322084665298462,0.08099295943975449,-0.16767333533340503,-0.138509027741469,0.014982457314420052,FR,3,True,False,recoverable,0,False,RUNNING
10.63333333333337,1276,S1_APPROACH_AND_PRE_FR_SHIFT,ADVANCE,v003_20260805_224517_157723_manual:S1_APPROACH_AND_PRE_FR_SHIFT:PRIMARY_PROFILE:segments-0-6,9.041666666666707,0.6707467853616171,7,0.10471399128437042,0.013258039951324463,0.08094074577093124,-0.1681679933893001,-0.1387156767486669,0.015040518957881192,FR,3,True,False,recoverable,0,False,RUNNING
10.700000000000033,1284,S1_APPROACH_AND_PRE_FR_SHIFT,ADVANCE,v003_20260805_224517_157723_manual:S1_APPROACH_AND_PRE_FR_SHIFT:PRIMARY_PROFILE:segments-0-6,9.10833333333337,0.6756923837790297,7,0.10570952296257019,0.013241209089756012,0.0809388980269432,-0.16802494035773452,-0.13838351404641888,0.015037695012109298,FR,3,True,False,recoverable,0,False,RUNNING
10.766666666666696,1292,S1_APPROACH_AND_PRE_FR_SHIFT,ADVANCE,v003_20260805_224517_157723_manual:S1_APPROACH_AND_PRE_FR_SHIFT:PRIMARY_PROFILE:segments-0-6,9.175000000000033,0.6806379821964422,7,0.10676608979701996,0.013218484818935394,0.08092697709798813,-0.1677470139838814,-0.137995834491411,0.014996948102140332,FR,3,True,False,recoverable,0,False,RUNNING
10.833333333333359,1300,S1_APPROACH_AND_PRE_FR_SHIFT,ADVANCE,v003_20260805_224517_157723_manual:S1_APPROACH_AND_PRE_FR_SHIFT:PRIMARY_PROFILE:segments-0-6,9.241666666666696,0.6855835806138547,7,0.1078493744134903,0.013202764093875885,0.0808875635266304,-0.16753730693031416,-0.13764867704990194,0.014947265263694687,FR,3,True,False,recoverable,0,False,RUNNING
10.900000000000022,1308,S1_APPROACH_AND_PRE_FR_SHIFT,ADVANCE,v003_20260805_224517_157723_manual:S1_APPROACH_AND_PRE_FR_SHIFT:PRIMARY_PROFILE:segments-0-6,9.308333333333358,0.6905291790312673,7,0.10895242542028427,0.013182021677494049,0.08082323521375656,-0.16730408171019387,-0.13729103704551182,0.014934918219529825,FR,3,True,False,recoverable,0,False,RUNNING
10.966666666666685,1316,S1_APPROACH_AND_PRE_FR_SHIFT,ADVANCE,v003_20260805_224517_157723_manual:S1_APPROACH_AND_PRE_FR_SHIFT:PRIMARY_PROFILE:segments-0-6,9.375000000000021,0.6954747774486798,7,0.11006085574626923,0.01315665990114212,0.08074537664651871,-0.1670372406745522,-0.13691699034111487,0.014824637654607096,FR,3,True,False,recoverable,0,False,RUNNING
11.033333333333347,1324,S1_APPROACH_AND_PRE_FR_SHIFT,ADVANCE,v003_20260805_224517_157723_manual:S1_APPROACH_AND_PRE_FR_SHIFT:PRIMARY_PROFILE:segments-0-6,9.441666666666684,0.7004203758660924,7,0.11120156943798065,0.01315566897392273,0.08063806593418121,-0.16683880803813003,-0.1366001936427768,0.014708029481906904,FR,3,True,False,recoverable,0,False,RUNNING
11.10000000000001,1332,S1_APPROACH_AND_PRE_FR_SHIFT,ADVANCE,v003_20260805_224517_157723_manual:S1_APPROACH_AND_PRE_FR_SHIFT:PRIMARY_PROFILE:segments-0-6,9.508333333333347,0.7053659742835049,7,0.11200609058141708,0.013143107295036316,0.08073961734771729,-0.1665230447661257,-0.13664774172937608,0.01456287359749853,FR,3,True,False,recoverable,0,False,RUNNING
11.166666666666673,1340,S1_APPROACH_AND_PRE_FR_SHIFT,ADVANCE,v003_20260805_224517_157723_manual:S1_APPROACH_AND_PRE_FR_SHIFT:PRIMARY_PROFILE:segments-0-6,9.57500000000001,0.7103115727009175,7,0.11286887526512146,0.013151533901691437,0.08080906420946121,-0.1663686253003445,-0.13685980784250668,0.01443993211889795,FR,3,True,False,recoverable,0,False,RUNNING
11.233333333333336,1348,S1_APPROACH_AND_PRE_FR_SHIFT,ADVANCE,v003_20260805_224517_157723_manual:S1_APPROACH_AND_PRE_FR_SHIFT:PRIMARY_PROFILE:segments-0-6,9.641666666666673,0.71525717111833,7,0.11378958821296692,0.013123683631420135,0.08088582754135132,-0.1660335161340558,-0.13700804208054235,0.014309222234960546,FR,3,True,False,recoverable,0,False,RUNNING
11.299999999999999,1356,S1_APPROACH_AND_PRE_FR_SHIFT,ADVANCE,v003_20260805_224517_157723_manual:S1_APPROACH_AND_PRE_FR_SHIFT:PRIMARY_PROFILE:segments-0-6,9.708333333333336,0.7202027695357426,7,0.11476577073335648,0.013107210397720337,0.08094354718923569,-0.1657374733440097,-0.13726219194802813,0.01421707034041719,FR,3,True,False,recoverable,0,False,RUNNING
11.366666666666662,1364,S1_APPROACH_AND_PRE_FR_SHIFT,ADVANCE,v003_20260805_224517_157723_manual:S1_APPROACH_AND_PRE_FR_SHIFT:PRIMARY_PROFILE:segments-0-6,9.774999999999999,0.7251483679531551,7,0.11577180027961731,0.01307666301727295,0.0809747725725174,-0.16543150231019665,-0.1375318409448412,0.01411006644444378,FR,3,True,False,recoverable,0,False,RUNNING
11.433333333333325,1372,S1_APPROACH_AND_PRE_FR_SHIFT,ADVANCE,v003_20260805_224517_157723_manual:S1_APPROACH_AND_PRE_FR_SHIFT:PRIMARY_PROFILE:segments-0-6,9.841666666666661,0.7300939663705677,7,0.11677476018667221,0.013059169054031372,0.08097895234823227,-0.1652321013168282,-0.1378592004337072,0.013949665692596529,FR,3,True,False,recoverable,0,False,RUNNING
11.499999999999988,1380,S1_APPROACH_AND_PRE_FR_SHIFT,ADVANCE,v003_20260805_224517_157723_manual:S1_APPROACH_AND_PRE_FR_SHIFT:PRIMARY_PROFILE:segments-0-6,9.908333333333324,0.7350395647879802,7,0.11780881881713867,0.013028442859649658,0.0809672549366951,-0.16486672404583147,-0.13813709705926824,0.013775221774132238,FR,3,True,False,recoverable,0,False,RUNNING
11.56666666666665,1388,S1_APPROACH_AND_PRE_FR_SHIFT,ADVANCE,v003_20260805_224517_157723_manual:S1_APPROACH_AND_PRE_FR_SHIFT:PRIMARY_PROFILE:segments-0-6,9.974999999999987,0.7399851632053928,7,0.11886586248874664,0.012989811599254608,0.08094343543052673,-0.16447763751293723,-0.13837713128932483,0.0136263622978814,FR,3,True,False,recoverable,0,False,RUNNING
11.633333333333313,1396,S1_APPROACH_AND_PRE_FR_SHIFT,ADVANCE,v003_20260805_224517_157723_manual:S1_APPROACH_AND_PRE_FR_SHIFT:PRIMARY_PROFILE:segments-0-6,10.04166666666665,0.7449307616228052,7,0.11979884654283524,0.01297374814748764,0.08092651516199112,-0.16450240621713938,-0.13851977685848846,0.013507311870504728,FR,3,True,False,recoverable,0,False,RUNNING
11.699999999999976,1404,S1_APPROACH_AND_PRE_FR_SHIFT,ADVANCE,v003_20260805_224517_157723_manual:S1_APPROACH_AND_PRE_FR_SHIFT:PRIMARY_PROFILE:segments-0-6,10.108333333333313,0.7498763600402178,7,0.1206536814570427,0.013011731207370758,0.08089420199394226,-0.16516002144839786,-0.13874085477328005,0.013473927107298299,FR,3,True,False,recoverable,0,False,RUNNING
11.766666666666639,1412,S1_APPROACH_AND_PRE_FR_SHIFT,ADVANCE,v003_20260805_224517_157723_manual:S1_APPROACH_AND_PRE_FR_SHIFT:PRIMARY_PROFILE:segments-0-6,10.174999999999976,0.7548219584576303,7,0.12152387201786041,0.013032056391239166,0.0808587521314621,-0.16565809699444003,-0.1387938048818537,0.013392932770175236,FR,3,True,False,recoverable,0,False,RUNNING
11.833333333333302,1420,S1_APPROACH_AND_PRE_FR_SHIFT,ADVANCE,v003_20260805_224517_157723_manual:S1_APPROACH_AND_PRE_FR_SHIFT:PRIMARY_PROFILE:segments-0-6,10.241666666666639,0.7597675568750429,7,0.1224469467997551,0.013059422373771667,0.08080010116100311,-0.1663218662150594,-0.13902392869272812,0.013350255578806185,FR,3,True,False,recoverable,0,False,RUNNING
11.899999999999965,1428,S1_APPROACH_AND_PRE_FR_SHIFT,ADVANCE,v003_20260805_224517_157723_manual:S1_APPROACH_AND_PRE_FR_SHIFT:PRIMARY_PROFILE:segments-0-6,10.308333333333302,0.7647131552924554,7,0.12340438365936279,0.013113796710968018,0.08073408901691437,-0.16686079693867262,-0.13919494473470953,0.013448558759148337,FR,3,True,False,recoverable,0,False,RUNNING
11.966666666666628,1436,S1_APPROACH_AND_PRE_FR_SHIFT,ADVANCE,v003_20260805_224517_157723_manual:S1_APPROACH_AND_PRE_FR_SHIFT:PRIMARY_PROFILE:segments-0-6,10.374999999999964,0.769658753709868,7,0.12439602613449097,0.013163924217224121,0.08063723146915436,-0.16753814936184336,-0.13938707889163193,0.013586474089726838,FR,3,True,False,recoverable,0,False,RUNNING
12.03333333333329,1444,S1_APPROACH_AND_PRE_FR_SHIFT,ADVANCE,v003_20260805_224517_157723_manual:S1_APPROACH_AND_PRE_FR_SHIFT:PRIMARY_PROFILE:segments-0-6,10.441666666666627,0.7746043521272805,7,0.12538886070251465,0.013182520866394043,0.08053946495056152,-0.16801225205102713,-0.13941421318882433,0.013694926006207303,FR,3,True,False,recoverable,0,False,RUNNING
12.099999999999953,1452,S1_APPROACH_AND_PRE_FR_SHIFT,ADVANCE,v003_20260805_224517_157723_manual:S1_APPROACH_AND_PRE_FR_SHIFT:PRIMARY_PROFILE:segments-0-6,10.50833333333329,0.7795499505446931,7,0.1264481246471405,0.013177432119846344,0.08046144247055054,-0.1679525612846459,-0.139106084396205,0.013680355005348954,FR,3,True,False,recoverable,0,False,RUNNING
12.166666666666616,1460,S1_APPROACH_AND_PRE_FR_SHIFT,ADVANCE,v003_20260805_224517_157723_manual:S1_APPROACH_AND_PRE_FR_SHIFT:PRIMARY_PROFILE:segments-0-6,10.574999999999953,0.7844955489621056,7,0.12752358615398407,0.01315387338399887,0.08036378771066666,-0.1679695329743851,-0.13878917616388345,0.01374952165958081,FR,3,True,False,recoverable,0,False,RUNNING
12.23333333333328,1468,S1_APPROACH_AND_PRE_FR_SHIFT,ADVANCE,v003_20260805_224517_157723_manual:S1_APPROACH_AND_PRE_FR_SHIFT:PRIMARY_PROFILE:segments-0-6,10.641666666666616,0.7894411473795182,7,0.12862831354141235,0.013122431933879852,0.08024350553750992,-0.16791266473850783,-0.1384574871517515,0.013777390818071358,FR,3,True,False,recoverable,0,False,RUNNING
12.299999999999942,1476,S1_APPROACH_AND_PRE_FR_SHIFT,ADVANCE,v003_20260805_224517_157723_manual:S1_APPROACH_AND_PRE_FR_SHIFT:PRIMARY_PROFILE:segments-0-6,10.708333333333279,0.7943867457969307,7,0.12974625825881958,0.013102389872074127,0.08008439093828201,-0.167975344081228,-0.13815386630519436,0.013833056685565495,FR,3,True,False,recoverable,0,False,RUNNING
12.366666666666605,1484,S1_APPROACH_AND_PRE_FR_SHIFT,ADVANCE,v003_20260805_224517_157723_manual:S1_APPROACH_AND_PRE_FR_SHIFT:PRIMARY_PROFILE:segments-0-6,10.774999999999942,0.7993323442143432,7,0.13049650192260742,0.013103753328323364,0.08012974262237549,-0.16798630719271435,-0.13828375103547266,0.013741343971997591,FR,3,True,False,recoverable,0,False,RUNNING
12.433333333333268,1492,S1_APPROACH_AND_PRE_FR_SHIFT,ADVANCE,v003_20260805_224517_157723_manual:S1_APPROACH_AND_PRE_FR_SHIFT:PRIMARY_PROFILE:segments-0-6,10.841666666666605,0.8042779426317558,7,0.13127300143241882,0.013118661940097809,0.08020906895399094,-0.1680319000162719,-0.1386007767608704,0.01367120743678734,FR,3,True,False,recoverable,0,False,RUNNING
12.49999999999993,1500,S1_APPROACH_AND_PRE_FR_SHIFT,ADVANCE,v003_20260805_224517_157723_manual:S1_APPROACH_AND_PRE_FR_SHIFT:PRIMARY_PROFILE:segments-0-6,10.908333333333267,0.8092235410491683,7,0.1320706605911255,0.013133198022842407,0.0802813246846199,-0.1679513896987446,-0.13885798792427712,0.013511247326358842,FR,3,True,False,recoverable,0,False,RUNNING
12.566666666666594,1508,S1_APPROACH_AND_PRE_FR_SHIFT,ADVANCE,v003_20260805_224517_157723_manual:S1_APPROACH_AND_PRE_FR_SHIFT:PRIMARY_PROFILE:segments-0-6,10.97499999999993,0.8141691394665809,7,0.13299289345741272,0.013071499764919281,0.08041122555732727,-0.16725773718938655,-0.1388039793363529,0.013387830743686541,FR,3,True,False,recoverable,0,False,RUNNING
12.633333333333256,1516,S1_APPROACH_AND_PRE_FR_SHIFT,ADVANCE,v003_20260805_224517_157723_manual:S1_APPROACH_AND_PRE_FR_SHIFT:PRIMARY_PROFILE:segments-0-6,11.041666666666593,0.8191147378839934,7,0.13394494354724884,0.013014435768127441,0.08052235096693039,-0.16658446761412318,-0.13879696645149167,0.013250419877759156,FR,3,True,False,recoverable,0,False,RUNNING
12.69999999999992,1524,S1_APPROACH_AND_PRE_FR_SHIFT,ADVANCE,v003_20260805_224517_157723_manual:S1_APPROACH_AND_PRE_FR_SHIFT:PRIMARY_PROFILE:segments-0-6,11.108333333333256,0.824060336301406,7,0.13493266701698303,0.01293943077325821,0.08062922954559326,-0.16577663828080821,-0.1386702429210879,0.013067139382020336,FR,3,True,False,recoverable,0,False,RUNNING
12.766666666666582,1532,S1_APPROACH_AND_PRE_FR_SHIFT,ADVANCE,v003_20260805_224517_157723_manual:S1_APPROACH_AND_PRE_FR_SHIFT:PRIMARY_PROFILE:segments-0-6,11.174999999999919,0.8290059347188184,7,0.13595223426818848,0.012881353497505188,0.08070305734872818,-0.1650671219448286,-0.13868710709878898,0.01290658751394959,FR,3,True,False,recoverable,0,False,RUNNING
12.833333333333245,1540,S1_APPROACH_AND_PRE_FR_SHIFT,ADVANCE,v003_20260805_224517_157723_manual:S1_APPROACH_AND_PRE_FR_SHIFT:PRIMARY_PROFILE:segments-0-6,11.241666666666582,0.833951533136231,7,0.1369960606098175,0.01281806081533432,0.08076422661542892,-0.16425393427003768,-0.13862897721543568,0.012761585661135182,FR,3,True,False,recoverable,0,False,RUNNING
12.899999999999908,1548,S1_APPROACH_AND_PRE_FR_SHIFT,ADVANCE,v003_20260805_224517_157723_manual:S1_APPROACH_AND_PRE_FR_SHIFT:PRIMARY_PROFILE:segments-0-6,11.308333333333245,0.8388971315536435,7,0.13806048035621643,0.0127396360039711,0.08080271631479263,-0.163398310768869,-0.13855332657646025,0.012612301281093185,FR,3,True,False,recoverable,0,False,RUNNING
12.96666666666657,1556,S1_APPROACH_AND_PRE_FR_SHIFT,ADVANCE,v003_20260805_224517_157723_manual:S1_APPROACH_AND_PRE_FR_SHIFT:PRIMARY_PROFILE:segments-0-6,11.374999999999908,0.8438427299710561,7,0.13882195949554443,0.012734808027744293,0.08086095005273819,-0.1634534998612276,-0.13828837736118338,0.012584932112978831,FR,3,True,False,recoverable,0,False,RUNNING
13.033333333333234,1564,S1_APPROACH_AND_PRE_FR_SHIFT,ADVANCE,v003_20260805_224517_157723_manual:S1_APPROACH_AND_PRE_FR_SHIFT:PRIMARY_PROFILE:segments-0-6,11.44166666666657,0.8487883283884686,7,0.13959936797618866,0.012739807367324829,0.08090611547231674,-0.16366211372531048,-0.1380610348917545,0.012562662581380885,FR,3,True,False,recoverable,0,False,RUNNING
13.099999999999897,1572,S1_APPROACH_AND_PRE_FR_SHIFT,ADVANCE,v003_20260805_224517_157723_manual:S1_APPROACH_AND_PRE_FR_SHIFT:PRIMARY_PROFILE:segments-0-6,11.508333333333233,0.8537339268058812,7,0.1404547095298767,0.012751355767250061,0.0809326171875,-0.1639414976763487,-0.13793809360790102,0.012526271830398604,FR,3,True,False,recoverable,0,False,RUNNING
13.16666666666656,1580,S1_APPROACH_AND_PRE_FR_SHIFT,ADVANCE,v003_20260805_224517_157723_manual:S1_APPROACH_AND_PRE_FR_SHIFT:PRIMARY_PROFILE:segments-0-6,11.574999999999896,0.8586795252232937,7,0.14132782816886902,0.012773960828781128,0.08094362169504166,-0.1642374385211507,-0.13778520731918908,0.012450019493075672,FR,3,True,False,recoverable,0,False,RUNNING
13.233333333333222,1588,S1_APPROACH_AND_PRE_FR_SHIFT,ADVANCE,v003_20260805_224517_157723_manual:S1_APPROACH_AND_PRE_FR_SHIFT:PRIMARY_PROFILE:segments-0-6,11.64166666666656,0.8636251236407063,7,0.14224815368652344,0.012797452509403229,0.08095617592334747,-0.16446807567444868,-0.13758064014665286,0.012377854725555765,FR,3,True,False,recoverable,0,False,RUNNING
13.299999999999885,1596,S1_APPROACH_AND_PRE_FR_SHIFT,ADVANCE,v003_20260805_224517_157723_manual:S1_APPROACH_AND_PRE_FR_SHIFT:PRIMARY_PROFILE:segments-0-6,11.708333333333222,0.8685707220581188,7,0.1431426703929901,0.012802943587303162,0.08093731105327606,-0.16480942947608798,-0.13742053539358856,0.012412204178251429,FR,3,True,False,recoverable,0,False,RUNNING
13.366666666666548,1604,S1_APPROACH_AND_PRE_FR_SHIFT,ADVANCE,v003_20260805_224517_157723_manual:S1_APPROACH_AND_PRE_FR_SHIFT:PRIMARY_PROFILE:segments-0-6,11.774999999999885,0.8735163204755314,7,0.1440824270248413,0.012832067906856537,0.08090102672576904,-0.1652374328030209,-0.13735152679514487,0.01249236539832849,FR,3,True,False,recoverable,0,False,RUNNING
13.433333333333211,1612,S1_APPROACH_AND_PRE_FR_SHIFT,ADVANCE,v003_20260805_224517_157723_manual:S1_APPROACH_AND_PRE_FR_SHIFT:PRIMARY_PROFILE:segments-0-6,11.841666666666548,0.8784619188929439,7,0.14504489302635193,0.012839607894420624,0.08086839318275452,-0.16545228825783928,-0.1370546971378443,0.012504572049254998,FR,3,True,False,recoverable,0,False,RUNNING
13.499999999999874,1620,S1_APPROACH_AND_PRE_FR_SHIFT,ADVANCE,v003_20260805_224517_157723_manual:S1_APPROACH_AND_PRE_FR_SHIFT:PRIMARY_PROFILE:segments-0-6,11.90833333333321,0.8834075173103565,7,0.14606574177742004,0.012859001755714417,0.08079574257135391,-0.16589997086812833,-0.13700025165780336,0.012547618877589853,FR,3,True,False,recoverable,0,False,RUNNING
13.566666666666537,1628,S1_APPROACH_AND_PRE_FR_SHIFT,ADVANCE,v003_20260805_224517_157723_manual:S1_APPROACH_AND_PRE_FR_SHIFT:PRIMARY_PROFILE:segments-0-6,11.974999999999874,0.888353115727769,7,0.14708122611045837,0.012898281216621399,0.08071386814117432,-0.16630690415788005,-0.1368348258540135,0.012656898893646658,FR,3,True,False,recoverable,0,False,RUNNING
13.6333333333332,1636,S1_APPROACH_AND_PRE_FR_SHIFT,ADVANCE,v003_20260805_224517_157723_manual:S1_APPROACH_AND_PRE_FR_SHIFT:PRIMARY_PROFILE:segments-0-6,12.041666666666536,0.8932987141451816,7,0.1481277346611023,0.012912161648273468,0.08060113340616226,-0.1666993736307395,-0.13665607830721196,0.012648623046469448,FR,3,True,False,recoverable,0,False,RUNNING
13.699999999999863,1644,S1_APPROACH_AND_PRE_FR_SHIFT,ADVANCE,v003_20260805_224517_157723_manual:S1_APPROACH_AND_PRE_FR_SHIFT:PRIMARY_PROFILE:segments-0-6,12.1083333333332,0.8982443125625941,7,0.1492099165916443,0.012919649481773376,0.08046834170818329,-0.16710180011962553,-0.1364747577744137,0.012676558176195143,FR,3,True,False,recoverable,0,False,RUNNING
13.766666666666525,1652,S1_APPROACH_AND_PRE_FR_SHIFT,ADVANCE,v003_20260805_224517_157723_manual:S1_APPROACH_AND_PRE_FR_SHIFT:PRIMARY_PROFILE:segments-0-6,12.174999999999862,0.9031899109800067,7,0.15030694007873535,0.01293114572763443,0.0803041160106659,-0.1675809410468888,-0.136299585779744,0.012697152092204143,FR,3,True,False,recoverable,0,False,RUNNING
13.833333333333188,1660,S1_APPROACH_AND_PRE_FR_SHIFT,ADVANCE,v003_20260805_224517_157723_manual:S1_APPROACH_AND_PRE_FR_SHIFT:PRIMARY_PROFILE:segments-0-6,12.241666666666525,0.9081355093974192,7,0.15141203999519348,0.01295781135559082,0.08010979741811752,-0.16812183536660188,-0.13616599540097038,0.012722953991128607,FR,3,True,False,recoverable,0,False,RUNNING
13.899999999999851,1668,S1_APPROACH_AND_PRE_FR_SHIFT,ADVANCE,v003_20260805_224517_157723_manual:S1_APPROACH_AND_PRE_FR_SHIFT:PRIMARY_PROFILE:segments-0-6,12.308333333333188,0.9130811078148316,7,0.15217213332653046,0.012978218495845795,0.08016970008611679,-0.1684267268569461,-0.13646889174577329,0.012630814939074732,FR,3,True,False,recoverable,0,False,RUNNING
13.966666666666514,1676,S1_APPROACH_AND_PRE_FR_SHIFT,ADVANCE,v003_20260805_224517_157723_manual:S1_APPROACH_AND_PRE_FR_SHIFT:PRIMARY_PROFILE:segments-0-6,12.37499999999985,0.9180267062322442,7,0.15289096534252167,0.012989155948162079,0.08025303483009338,-0.16886135127216798,-0.13698927419372783,0.01264397733812861,FR,3,True,False,recoverable,0,False,RUNNING
14.033333333333177,1684,S1_APPROACH_AND_PRE_FR_SHIFT,ADVANCE,v003_20260805_224517_157723_manual:S1_APPROACH_AND_PRE_FR_SHIFT:PRIMARY_PROFILE:segments-0-6,12.441666666666514,0.9229723046496567,7,0.15367381274700165,0.013017050921916962,0.08033182471990585,-0.1692657042563349,-0.13751869103993009,0.012582276891611954,FR,3,True,False,recoverable,0,False,RUNNING
14.09999999999984,1692,S1_APPROACH_AND_PRE_FR_SHIFT,ADVANCE,v003_20260805_224517_157723_manual:S1_APPROACH_AND_PRE_FR_SHIFT:PRIMARY_PROFILE:segments-0-6,12.508333333333177,0.9279179030670693,7,0.15449535846710205,0.013004988431930542,0.08047140389680862,-0.16881396034443416,-0.13752867769459762,0.012506882076638758,FR,3,True,False,recoverable,0,False,RUNNING
14.166666666666503,1700,S1_APPROACH_AND_PRE_FR_SHIFT,ADVANCE,v003_20260805_224517_157723_manual:S1_APPROACH_AND_PRE_FR_SHIFT:PRIMARY_PROFILE:segments-0-6,12.57499999999984,0.9328635014844818,7,0.15537235140800476,0.012974798679351807,0.08058983087539673,-0.16836348809373275,-0.13758830447332884,0.01229702315400036,FR,3,True,False,recoverable,0,False,RUNNING
14.233333333333166,1708,S1_APPROACH_AND_PRE_FR_SHIFT,ADVANCE,v003_20260805_224517_157723_manual:S1_APPROACH_AND_PRE_FR_SHIFT:PRIMARY_PROFILE:segments-0-6,12.641666666666502,0.9378090999018944,7,0.15622973442077637,0.01295354962348938,0.08071061968803406,-0.16776212295957565,-0.13753083635057511,0.012117727687798762,FR,3,True,False,recoverable,0,False,RUNNING
14.299999999999828,1716,S1_APPROACH_AND_PRE_FR_SHIFT,ADVANCE,v003_20260805_224517_157723_manual:S1_APPROACH_AND_PRE_FR_SHIFT:PRIMARY_PROFILE:segments-0-6,12.708333333333165,0.9427546983193069,7,0.15717002749443054,0.012927569448947906,0.08081558346748352,-0.16733020871872673,-0.13761394537290658,0.01190739725898652,FR,3,True,False,recoverable,0,False,RUNNING
14.366666666666491,1724,S1_APPROACH_AND_PRE_FR_SHIFT,ADVANCE,v003_20260805_224517_157723_manual:S1_APPROACH_AND_PRE_FR_SHIFT:PRIMARY_PROFILE:segments-0-6,12.774999999999828,0.9477002967367195,7,0.1581093668937683,0.012895382940769196,0.0809025689959526,-0.16688854675525858,-0.1377181814465285,0.01169205584999777,FR,3,True,False,recoverable,0,False,RUNNING
14.433333333333154,1732,S1_APPROACH_AND_PRE_FR_SHIFT,ADVANCE,v003_20260805_224517_157723_manual:S1_APPROACH_AND_PRE_FR_SHIFT:PRIMARY_PROFILE:segments-0-6,12.841666666666491,0.952645895154132,7,0.15903642773628235,0.012876197695732117,0.080978624522686,-0.16636636816435088,-0.13774423754070314,0.011501535141412857,FR,3,True,False,recoverable,0,False,RUNNING
14.499999999999817,1740,S1_APPROACH_AND_PRE_FR_SHIFT,ADVANCE,v003_20260805_224517_157723_manual:S1_APPROACH_AND_PRE_FR_SHIFT:PRIMARY_PROFILE:segments-0-6,12.908333333333154,0.9575914935715446,7,0.1600615680217743,0.012821197509765625,0.08103487640619278,-0.1658881570589292,-0.1378665814362981,0.011314886911051904,FR,3,True,False,recoverable,0,False,RUNNING
14.56666666666648,1748,S1_APPROACH_AND_PRE_FR_SHIFT,ADVANCE,v003_20260805_224517_157723_manual:S1_APPROACH_AND_PRE_FR_SHIFT:PRIMARY_PROFILE:segments-0-6,12.974999999999817,0.9625370919889571,7,0.16106335818767548,0.01277393102645874,0.08106425404548645,-0.16537446214641266,-0.1379691503768245,0.011093907006070273,FR,3,True,False,recoverable,0,False,RUNNING
14.633333333333143,1756,S1_APPROACH_AND_PRE_FR_SHIFT,ADVANCE,v003_20260805_224517_157723_manual:S1_APPROACH_AND_PRE_FR_SHIFT:PRIMARY_PROFILE:segments-0-6,13.04166666666648,0.9674826904063697,7,0.16210541129112244,0.012730002403259277,0.08108221739530563,-0.16478020220998205,-0.1380356194464467,0.010947386041082323,FR,3,True,False,recoverable,0,False,RUNNING
14.699999999999806,1764,S1_APPROACH_AND_PRE_FR_SHIFT,ADVANCE,v003_20260805_224517_157723_manual:S1_APPROACH_AND_PRE_FR_SHIFT:PRIMARY_PROFILE:segments-0-6,13.108333333333142,0.9724282888237822,7,0.16321760416030884,0.012687727808952332,0.08107201009988785,-0.16407452895275082,-0.1380751648244976,0.010753438109913405,FR,3,True,False,recoverable,0,False,RUNNING
14.766666666666469,1772,S1_APPROACH_AND_PRE_FR_SHIFT,ADVANCE,v003_20260805_224517_157723_manual:S1_APPROACH_AND_PRE_FR_SHIFT:PRIMARY_PROFILE:segments-0-6,13.174999999999805,0.9773738872411948,7,0.16433970630168915,0.012644760310649872,0.08102874457836151,-0.1635480590338977,-0.13819309602978144,0.010615174676688433,FR,3,True,False,recoverable,0,False,RUNNING
14.833333333333131,1780,S1_APPROACH_AND_PRE_FR_SHIFT,ADVANCE,v003_20260805_224517_157723_manual:S1_APPROACH_AND_PRE_FR_SHIFT:PRIMARY_PROFILE:segments-0-6,13.241666666666468,0.9823194856586073,7,0.1652245968580246,0.012654244899749756,0.08101993799209595,-0.1637243402430456,-0.13805047615342256,0.01053662107713455,FR,3,True,False,recoverable,0,False,RUNNING
14.899999999999794,1788,S1_APPROACH_AND_PRE_FR_SHIFT,ADVANCE,v003_20260805_224517_157723_manual:S1_APPROACH_AND_PRE_FR_SHIFT:PRIMARY_PROFILE:segments-0-6,13.308333333333131,0.9872650840760199,7,0.16608861088752747,0.01267009973526001,0.08098635077476501,-0.16407382670721993,-0.13793217350904388,0.010478391507340602,FR,3,True,False,recoverable,0,False,RUNNING
14.966666666666457,1796,S1_APPROACH_AND_PRE_FR_SHIFT,ADVANCE,v003_20260805_224517_157723_manual:S1_APPROACH_AND_PRE_FR_SHIFT:PRIMARY_PROFILE:segments-0-6,13.374999999999794,0.9922106824934324,7,0.16707324981689453,0.012688256800174713,0.08094114065170288,-0.16450503501227146,-0.13791904672974692,0.010465887163517968,FR,3,True,False,recoverable,0,False,RUNNING
15.03333333333312,1804,S1_APPROACH_AND_PRE_FR_SHIFT,ADVANCE,v003_20260805_224517_157723_manual:S1_APPROACH_AND_PRE_FR_SHIFT:PRIMARY_PROFILE:segments-0-6,13.441666666666457,0.997156280910845,7,0.16806358098983765,0.012708798050880432,0.08086676895618439,-0.1649611389655603,-0.13791493737065116,0.010418410496929315,FR,3,True,False,recoverable,0,False,RUNNING
15.099999999999783,1812,S2_FR_TRAVERSE,FACE_CLEAR,v003_20260805_224517_157723_manual:S2_FR_TRAVERSE:PRIMARY_PROFILE:segments-7-23,0.0,0.0,8,0.16870270669460297,0.012696094810962677,0.08083143830299377,-0.1650156698438917,-0.13783749262732148,0.010414444768951012,FR,3,True,False,recoverable,0,False,RUNNING
