source_version,source_command_cursor,source_step_index,source_event_index,source_expanded_index,source_command,source_event_time_s,compiler_outcome,plan_event_index,compiled_segment_index,plan_global_command_index,planned_dispatch_time_s,actual_dispatch_time_s,dispatch_lateness_s,servo_target_deg,wheel_target_rad_s,atomic_batch_id,atomic_batch_applied_sim_step,atomic_batch_first_physics_step,atomic_batch_motion_start_skew_s,atomic_batch_ack_valid,atomic_batch_ack_error,command_cursor,segment_cursor,macro_state_cursor
v003_20260805_224517_157723_manual,1,1,0,0,servo rear_left_hip 19.6,3.599999999996726,APPLIED_VIA_PRODUCTION_SEGMENT_BATCH,0,0,1,2.174999999999995,2.233333333333328,0.058333333333333126,"{""rear_left_hip"":19.6}",{},playback-recording-v003_20260805_224517_157723_manual-trial-01-0-1f54dbbd,268,269,0.0,True,,1,0,RECORDING_FAST_REPLAY
v003_20260805_224517_157723_manual,2,1,1,0,servo rear_left_hip 25.9,3.999999999996362,APPLIED_VIA_PRODUCTION_SEGMENT_BATCH,1,1,2,,,,"{""rear_left_hip"":25.9}",{},,,,,False,,2,1,RECORDING_FAST_REPLAY
v003_20260805_224517_157723_manual,3,1,2,0,servo rear_left_hip 28.1,4.19999999999618,APPLIED_VIA_PRODUCTION_SEGMENT_BATCH,2,2,3,,,,"{""rear_left_hip"":28.1}",{},,,,,False,,3,2,RECORDING_FAST_REPLAY
v003_20260805_224517_157723_manual,4,1,3,0,wheel stop,6.199999999994361,SEMANTIC_NOOP_ELIDED_BY_PRODUCTION_COMPILER,,,,,,,{},{},,,,,True,,,,RECORDING_FAST_REPLAY
v003_20260805_224517_157723_manual,5,2,0,0,servo front_right_hip 12.2,2.399999999997817,APPLIED_VIA_PRODUCTION_SEGMENT_BATCH,3,3,4,,,,"{""front_right_hip"":12.2}",{},,,,,False,,4,3,RECORDING_FAST_REPLAY
v003_20260805_224517_157723_manual,6,2,1,0,servo front_right_hip 36.5,2.7999999999974534,APPLIED_VIA_PRODUCTION_SEGMENT_BATCH,4,4,5,,,,"{""front_right_hip"":36.5}",{},,,,,False,,5,4,RECORDING_FAST_REPLAY
v003_20260805_224517_157723_manual,7,2,2,0,servo front_right_hip 43.9,3.1999999999970896,APPLIED_VIA_PRODUCTION_SEGMENT_BATCH,5,5,6,,,,"{""front_right_hip"":43.9}",{},,,,,False,,6,5,RECORDING_FAST_REPLAY
v003_20260805_224517_157723_manual,8,2,3,0,wheel stop,5.399999999995089,SEMANTIC_NOOP_ELIDED_BY_PRODUCTION_COMPILER,,,,,,,{},{},,,,,True,,,,RECORDING_FAST_REPLAY
v003_20260805_224517_157723_manual,9,3,0,0,wheel all 0.300,2.5999999999976353,APPLIED_VIA_PRODUCTION_SEGMENT_BATCH,6,6,7,,,,{},"{""front_left_ankle"":0.3,""front_right_ankle"":0.3,""rear_left_ankle"":0.3,""rear_right_ankle"":0.3}",,,,,False,,7,6,RECORDING_FAST_REPLAY
v003_20260805_224517_157723_manual,10,3,1,0,wheel stop,15.599999999985869,APPLIED_VIA_PRODUCTION_SEGMENT_BATCH,7,7,8,,,,{},"{""front_left_ankle"":0.0,""front_right_ankle"":0.0,""rear_left_ankle"":0.0,""rear_right_ankle"":0.0}",,,,,False,,8,7,RECORDING_FAST_REPLAY
v003_20260805_224517_157723_manual,11,3,2,0,wheel stop,17.39999999998423,SEMANTIC_NOOP_ELIDED_BY_PRODUCTION_COMPILER,,,,,,,{},{},,,,,True,,,,RECORDING_FAST_REPLAY
v003_20260805_224517_157723_manual,12,4,0,0,servo front_right_knee 17.3,2.9333333333306655,APPLIED_VIA_PRODUCTION_SEGMENT_BATCH,8,8,9,,,,"{""front_right_knee"":17.3}",{},,,,,False,,9,8,RECORDING_FAST_REPLAY
v003_20260805_224517_157723_manual,13,4,1,0,servo front_right_knee 24.7,3.3333333333303017,APPLIED_VIA_PRODUCTION_SEGMENT_BATCH,9,9,10,,,,"{""front_right_knee"":24.7}",{},,,,,False,,10,9,RECORDING_FAST_REPLAY
v003_20260805_224517_157723_manual,14,4,2,0,servo front_right_hip 35.5,4.9333333333288465,APPLIED_VIA_PRODUCTION_SEGMENT_BATCH,10,10,11,,,,"{""front_right_hip"":35.5}",{},,,,,False,,11,10,RECORDING_FAST_REPLAY
v003_20260805_224517_157723_manual,15,4,3,0,servo front_right_hip 3.7,5.333333333328483,APPLIED_VIA_PRODUCTION_SEGMENT_BATCH,11,11,12,,,,"{""front_right_hip"":3.7}",{},,,,,False,,12,11,RECORDING_FAST_REPLAY
v003_20260805_224517_157723_manual,16,4,4,0,servo front_right_hip -0.5,5.733333333328119,APPLIED_VIA_PRODUCTION_SEGMENT_BATCH,12,12,13,,,,"{""front_right_hip"":-0.5}",{},,,,,False,,13,12,RECORDING_FAST_REPLAY
v003_20260805_224517_157723_manual,17,4,5,0,servo front_right_hip -2.6,6.133333333327755,APPLIED_VIA_PRODUCTION_SEGMENT_BATCH,13,13,14,,,,"{""front_right_hip"":-2.6}",{},,,,,False,,14,13,RECORDING_FAST_REPLAY
v003_20260805_224517_157723_manual,18,4,6,0,servo front_right_hip 1.6,6.9333333333270275,APPLIED_VIA_PRODUCTION_SEGMENT_BATCH,14,14,15,,,,"{""front_right_hip"":1.6}",{},,,,,False,,15,14,RECORDING_FAST_REPLAY
v003_20260805_224517_157723_manual,19,4,7,0,servo front_right_hip 3.7,7.333333333326664,APPLIED_VIA_PRODUCTION_SEGMENT_BATCH,15,15,16,,,,"{""front_right_hip"":3.7}",{},,,,,False,,16,15,RECORDING_FAST_REPLAY
v003_20260805_224517_157723_manual,20,4,8,0,wheel stop,10.133333333324117,SEMANTIC_NOOP_ELIDED_BY_PRODUCTION_COMPILER,,,,,,,{},{},,,,,True,,,,RECORDING_FAST_REPLAY
v003_20260805_224517_157723_manual,21,5,0,0,servo front_left_hip 0,17.199999999984357,APPLIED_VIA_PRODUCTION_SEGMENT_BATCH,16,16,17,,,,"{""front_left_hip"":0.0}",{},,,,,False,,17,16,RECORDING_FAST_REPLAY
v003_20260805_224517_157723_manual,22,5,0,1,servo front_left_knee -14.5,17.199999999984357,APPLIED_VIA_PRODUCTION_SEGMENT_BATCH,17,16,18,,,,"{""front_left_knee"":-14.5}",{},,,,,False,,18,16,RECORDING_FAST_REPLAY
v003_20260805_224517_157723_manual,23,5,0,2,servo front_right_hip 3.7,17.199999999984357,APPLIED_VIA_PRODUCTION_SEGMENT_BATCH,18,16,19,,,,"{""front_right_hip"":3.7}",{},,,,,False,,19,16,RECORDING_FAST_REPLAY
v003_20260805_224517_157723_manual,24,5,0,3,servo front_right_knee 24.7,17.199999999984357,APPLIED_VIA_PRODUCTION_SEGMENT_BATCH,19,16,20,,,,"{""front_right_knee"":24.7}",{},,,,,False,,20,16,RECORDING_FAST_REPLAY
v003_20260805_224517_157723_manual,25,5,0,4,servo rear_left_hip 28.1,17.199999999984357,APPLIED_VIA_PRODUCTION_SEGMENT_BATCH,20,16,21,,,,"{""rear_left_hip"":28.1}",{},,,,,False,,21,16,RECORDING_FAST_REPLAY
v003_20260805_224517_157723_manual,26,5,0,5,servo rear_left_knee 0,17.199999999984357,APPLIED_VIA_PRODUCTION_SEGMENT_BATCH,21,16,22,,,,"{""rear_left_knee"":0.0}",{},,,,,False,,22,16,RECORDING_FAST_REPLAY
v003_20260805_224517_157723_manual,27,5,0,6,servo rear_right_hip 0,17.199999999984357,APPLIED_VIA_PRODUCTION_SEGMENT_BATCH,22,16,23,,,,"{""rear_right_hip"":0.0}",{},,,,,False,,23,16,RECORDING_FAST_REPLAY
v003_20260805_224517_157723_manual,28,5,0,7,servo rear_right_knee 0,17.199999999984357,APPLIED_VIA_PRODUCTION_SEGMENT_BATCH,23,16,24,,,,"{""rear_right_knee"":0.0}",{},,,,,False,,24,16,RECORDING_FAST_REPLAY
v003_20260805_224517_157723_manual,29,5,0,8,wheel fl -1.05,17.199999999984357,APPLIED_VIA_PRODUCTION_SEGMENT_BATCH,24,16,25,,,,{},"{""front_left_ankle"":-1.05}",,,,,False,,25,16,RECORDING_FAST_REPLAY
v003_20260805_224517_157723_manual,30,5,0,9,wheel fr 0,17.199999999984357,SEMANTIC_NOOP_ELIDED_BY_PRODUCTION_COMPILER,,,,,,,{},{},,,,,True,,,,RECORDING_FAST_REPLAY
v003_20260805_224517_157723_manual,31,5,0,10,wheel rl 0,17.199999999984357,SEMANTIC_NOOP_ELIDED_BY_PRODUCTION_COMPILER,,,,,,,{},{},,,,,True,,,,RECORDING_FAST_REPLAY
v003_20260805_224517_157723_manual,32,5,0,11,wheel rr 0,17.199999999984357,SEMANTIC_NOOP_ELIDED_BY_PRODUCTION_COMPILER,,,,,,,{},{},,,,,True,,,,RECORDING_FAST_REPLAY
v003_20260805_224517_157723_manual,33,5,1,0,wheel stop,18.399999999983265,APPLIED_VIA_PRODUCTION_SEGMENT_BATCH,25,17,26,,,,{},"{""front_left_ankle"":0.0,""front_right_ankle"":0.0,""rear_left_ankle"":0.0,""rear_right_ankle"":0.0}",,,,,False,,26,17,RECORDING_FAST_REPLAY
v003_20260805_224517_157723_manual,34,5,2,0,wheel stop,21.19999999998072,SEMANTIC_NOOP_ELIDED_BY_PRODUCTION_COMPILER,,,,,,,{},{},,,,,True,,,,RECORDING_FAST_REPLAY
v003_20260805_224517_157723_manual,35,6,0,0,wheel all 0.300,2.5999999999976353,APPLIED_VIA_PRODUCTION_SEGMENT_BATCH,26,18,27,,,,{},"{""front_left_ankle"":0.3,""front_right_ankle"":0.3,""rear_left_ankle"":0.3,""rear_right_ankle"":0.3}",,,,,False,,27,18,RECORDING_FAST_REPLAY
v003_20260805_224517_157723_manual,36,6,1,0,wheel stop,6.199999999994361,APPLIED_VIA_PRODUCTION_SEGMENT_BATCH,27,19,28,,,,{},"{""front_left_ankle"":0.0,""front_right_ankle"":0.0,""rear_left_ankle"":0.0,""rear_right_ankle"":0.0}",,,,,False,,28,19,RECORDING_FAST_REPLAY
v003_20260805_224517_157723_manual,37,6,2,0,wheel stop,8.39999999999236,SEMANTIC_NOOP_ELIDED_BY_PRODUCTION_COMPILER,,,,,,,{},{},,,,,True,,,,RECORDING_FAST_REPLAY
v003_20260805_224517_157723_manual,38,7,0,0,servo rear_left_hip 27.0,5.399999999995089,APPLIED_VIA_PRODUCTION_SEGMENT_BATCH,28,20,29,,,,"{""rear_left_hip"":27.0}",{},,,,,False,,29,20,RECORDING_FAST_REPLAY
v003_20260805_224517_157723_manual,39,7,1,0,servo rear_left_hip 16.4,5.799999999994725,APPLIED_VIA_PRODUCTION_SEGMENT_BATCH,29,21,30,,,,"{""rear_left_hip"":16.4}",{},,,,,False,,30,21,RECORDING_FAST_REPLAY
v003_20260805_224517_157723_manual,40,7,2,0,servo rear_left_hip 2.6,6.199999999994361,APPLIED_VIA_PRODUCTION_SEGMENT_BATCH,30,22,31,,,,"{""rear_left_hip"":2.6}",{},,,,,False,,31,22,RECORDING_FAST_REPLAY
v003_20260805_224517_157723_manual,41,7,3,0,servo rear_left_hip 1.6,6.599999999993997,APPLIED_VIA_PRODUCTION_SEGMENT_BATCH,31,23,32,,,,"{""rear_left_hip"":1.6}",{},,,,,False,,32,23,RECORDING_FAST_REPLAY
v003_20260805_224517_157723_manual,42,7,4,0,wheel stop,11.399999999989632,SEMANTIC_NOOP_ELIDED_BY_PRODUCTION_COMPILER,,,,,,,{},{},,,,,True,,,,RECORDING_FAST_REPLAY
v003_20260805_224517_157723_manual,43,8,0,0,servo front_left_knee -25.1,8.799999999991996,APPLIED_VIA_PRODUCTION_SEGMENT_BATCH,32,24,33,,,,"{""front_left_knee"":-25.1}",{},,,,,False,,33,24,RECORDING_FAST_REPLAY
v003_20260805_224517_157723_manual,44,8,1,0,servo front_left_knee -28.2,9.199999999991633,APPLIED_VIA_PRODUCTION_SEGMENT_BATCH,33,25,34,,,,"{""front_left_knee"":-28.2}",{},,,,,False,,34,25,RECORDING_FAST_REPLAY
v003_20260805_224517_157723_manual,45,8,2,0,servo front_left_knee -29.3,9.599999999991269,APPLIED_VIA_PRODUCTION_SEGMENT_BATCH,34,26,35,,,,"{""front_left_knee"":-29.3}",{},,,,,False,,35,26,RECORDING_FAST_REPLAY
v003_20260805_224517_157723_manual,46,8,3,0,servo front_left_hip 2.6,10.799999999990177,APPLIED_VIA_PRODUCTION_SEGMENT_BATCH,35,27,36,,,,"{""front_left_hip"":2.6}",{},,,,,False,,36,27,RECORDING_FAST_REPLAY
v003_20260805_224517_157723_manual,47,8,4,0,servo front_left_hip 34.4,11.199999999989814,APPLIED_VIA_PRODUCTION_SEGMENT_BATCH,36,28,37,,,,"{""front_left_hip"":34.4}",{},,,,,False,,37,28,RECORDING_FAST_REPLAY
v003_20260805_224517_157723_manual,48,8,5,0,servo front_left_hip 47.1,11.59999999998945,APPLIED_VIA_PRODUCTION_SEGMENT_BATCH,37,29,38,,,,"{""front_left_hip"":47.1}",{},,,,,False,,38,29,RECORDING_FAST_REPLAY
v003_20260805_224517_157723_manual,49,8,6,0,servo front_left_hip 53.5,11.999999999989086,APPLIED_VIA_PRODUCTION_SEGMENT_BATCH,38,30,39,,,,"{""front_left_hip"":53.5}",{},,,,,False,,39,30,RECORDING_FAST_REPLAY
v003_20260805_224517_157723_manual,50,8,7,0,wheel stop,14.199999999987085,SEMANTIC_NOOP_ELIDED_BY_PRODUCTION_COMPILER,,,,,,,{},{},,,,,True,,,,RECORDING_FAST_REPLAY
v003_20260805_224517_157723_manual,51,9,0,0,servo front_left_knee -12.4,2.9333333333306655,APPLIED_VIA_PRODUCTION_SEGMENT_BATCH,39,31,40,,,,"{""front_left_knee"":-12.4}",{},,,,,False,,40,31,RECORDING_FAST_REPLAY
v003_20260805_224517_157723_manual,52,9,1,0,servo front_left_knee -8.1,3.3333333333303017,APPLIED_VIA_PRODUCTION_SEGMENT_BATCH,40,32,41,,,,"{""front_left_knee"":-8.1}",{},,,,,False,,41,32,RECORDING_FAST_REPLAY
v003_20260805_224517_157723_manual,53,9,2,0,servo front_left_hip 41.8,4.666666666662422,APPLIED_VIA_PRODUCTION_SEGMENT_BATCH,41,33,42,,,,"{""front_left_hip"":41.8}",{},,,,,False,,42,33,RECORDING_FAST_REPLAY
v003_20260805_224517_157723_manual,54,9,3,0,servo front_left_hip 34.4,5.066666666662059,APPLIED_VIA_PRODUCTION_SEGMENT_BATCH,42,34,43,,,,"{""front_left_hip"":34.4}",{},,,,,False,,43,34,RECORDING_FAST_REPLAY
v003_20260805_224517_157723_manual,55,9,4,0,servo front_left_hip 33.4,5.466666666661695,APPLIED_VIA_PRODUCTION_SEGMENT_BATCH,43,35,44,,,,"{""front_left_hip"":33.4}",{},,,,,False,,44,35,RECORDING_FAST_REPLAY
v003_20260805_224517_157723_manual,56,9,5,0,servo front_left_hip 30.2,7.599999999993088,APPLIED_VIA_PRODUCTION_SEGMENT_BATCH,44,36,45,,,,"{""front_left_hip"":30.2}",{},,,,,False,,45,36,RECORDING_FAST_REPLAY
v003_20260805_224517_157723_manual,57,9,6,0,servo front_left_hip 28.1,7.999999999992724,APPLIED_VIA_PRODUCTION_SEGMENT_BATCH,45,37,46,,,,"{""front_left_hip"":28.1}",{},,,,,False,,46,37,RECORDING_FAST_REPLAY
v003_20260805_224517_157723_manual,58,9,7,0,wheel stop,10.59999999999036,SEMANTIC_NOOP_ELIDED_BY_PRODUCTION_COMPILER,,,,,,,{},{},,,,,True,,,,RECORDING_FAST_REPLAY
v003_20260805_224517_157723_manual,59,10,0,0,wheel all 0.300,2.199999999997999,APPLIED_VIA_PRODUCTION_SEGMENT_BATCH,46,38,47,,,,{},"{""front_left_ankle"":0.3,""front_right_ankle"":0.3,""rear_left_ankle"":0.3,""rear_right_ankle"":0.3}",,,,,False,,47,38,RECORDING_FAST_REPLAY
v003_20260805_224517_157723_manual,60,10,1,0,wheel stop,34.46666666663532,APPLIED_VIA_PRODUCTION_SEGMENT_BATCH,47,39,48,,,,{},"{""front_left_ankle"":0.0,""front_right_ankle"":0.0,""rear_left_ankle"":0.0,""rear_right_ankle"":0.0}",,,,,False,,48,39,RECORDING_FAST_REPLAY
v003_20260805_224517_157723_manual,61,10,2,0,wheel stop,36.79999999996653,SEMANTIC_NOOP_ELIDED_BY_PRODUCTION_COMPILER,,,,,,,{},{},,,,,True,,,,RECORDING_FAST_REPLAY
v003_20260805_224517_157723_manual,62,11,0,0,servo front_left_hip 28.1,14.199999999987085,APPLIED_VIA_PRODUCTION_SEGMENT_BATCH,48,40,49,,,,"{""front_left_hip"":28.1}",{},,,,,False,,49,40,RECORDING_FAST_REPLAY
v003_20260805_224517_157723_manual,63,11,0,1,servo front_left_knee -8.1,14.199999999987085,APPLIED_VIA_PRODUCTION_SEGMENT_BATCH,49,40,50,,,,"{""front_left_knee"":-8.1}",{},,,,,False,,50,40,RECORDING_FAST_REPLAY
v003_20260805_224517_157723_manual,64,11,0,2,servo front_right_hip 3.7,14.199999999987085,APPLIED_VIA_PRODUCTION_SEGMENT_BATCH,50,40,51,,,,"{""front_right_hip"":3.7}",{},,,,,False,,51,40,RECORDING_FAST_REPLAY
v003_20260805_224517_157723_manual,65,11,0,3,servo front_right_knee -10.2,14.199999999987085,APPLIED_VIA_PRODUCTION_SEGMENT_BATCH,51,40,52,,,,"{""front_right_knee"":-10.2}",{},,,,,False,,52,40,RECORDING_FAST_REPLAY
v003_20260805_224517_157723_manual,66,11,0,4,servo rear_left_hip 1.6,14.199999999987085,APPLIED_VIA_PRODUCTION_SEGMENT_BATCH,52,40,53,,,,"{""rear_left_hip"":1.6}",{},,,,,False,,53,40,RECORDING_FAST_REPLAY
v003_20260805_224517_157723_manual,67,11,0,5,servo rear_left_knee 0,14.199999999987085,APPLIED_VIA_PRODUCTION_SEGMENT_BATCH,53,40,54,,,,"{""rear_left_knee"":0.0}",{},,,,,False,,54,40,RECORDING_FAST_REPLAY
v003_20260805_224517_157723_manual,68,11,0,6,servo rear_right_hip 0,14.199999999987085,APPLIED_VIA_PRODUCTION_SEGMENT_BATCH,54,40,55,,,,"{""rear_right_hip"":0.0}",{},,,,,False,,55,40,RECORDING_FAST_REPLAY
v003_20260805_224517_157723_manual,69,11,0,7,servo rear_right_knee 0,14.199999999987085,APPLIED_VIA_PRODUCTION_SEGMENT_BATCH,55,40,56,,,,"{""rear_right_knee"":0.0}",{},,,,,False,,56,40,RECORDING_FAST_REPLAY
v003_20260805_224517_157723_manual,70,11,0,8,wheel fl 0,14.199999999987085,SEMANTIC_NOOP_ELIDED_BY_PRODUCTION_COMPILER,,,,,,,{},{},,,,,True,,,,RECORDING_FAST_REPLAY
v003_20260805_224517_157723_manual,71,11,0,9,wheel fr -2.09,14.199999999987085,APPLIED_VIA_PRODUCTION_SEGMENT_BATCH,56,40,57,,,,{},"{""front_right_ankle"":-2.09}",,,,,False,,57,40,RECORDING_FAST_REPLAY
v003_20260805_224517_157723_manual,72,11,0,10,wheel rl 0,14.199999999987085,SEMANTIC_NOOP_ELIDED_BY_PRODUCTION_COMPILER,,,,,,,{},{},,,,,True,,,,RECORDING_FAST_REPLAY
v003_20260805_224517_157723_manual,73,11,0,11,wheel rr 0,14.199999999987085,SEMANTIC_NOOP_ELIDED_BY_PRODUCTION_COMPILER,,,,,,,{},{},,,,,True,,,,RECORDING_FAST_REPLAY
v003_20260805_224517_157723_manual,74,11,1,0,wheel stop,15.599999999985812,APPLIED_VIA_PRODUCTION_SEGMENT_BATCH,57,41,58,,,,{},"{""front_left_ankle"":0.0,""front_right_ankle"":0.0,""rear_left_ankle"":0.0,""rear_right_ankle"":0.0}",,,,,False,,58,41,RECORDING_FAST_REPLAY
v003_20260805_224517_157723_manual,75,11,2,0,wheel stop,19.99999999998181,SEMANTIC_NOOP_ELIDED_BY_PRODUCTION_COMPILER,,,,,,,{},{},,,,,True,,,,RECORDING_FAST_REPLAY
v003_20260805_224517_157723_manual,76,12,0,0,servo rear_right_knee -4.9,4.9999999999954525,APPLIED_VIA_PRODUCTION_SEGMENT_BATCH,58,42,59,,,,"{""rear_right_knee"":-4.9}",{},,,,,False,,59,42,RECORDING_FAST_REPLAY
v003_20260805_224517_157723_manual,77,12,1,0,servo rear_right_knee -26.1,5.199999999995271,APPLIED_VIA_PRODUCTION_SEGMENT_BATCH,59,43,60,,,,"{""rear_right_knee"":-26.1}",{},,,,,False,,60,43,RECORDING_FAST_REPLAY
v003_20260805_224517_157723_manual,78,12,2,0,servo rear_right_knee -37.8,5.399999999995089,APPLIED_VIA_PRODUCTION_SEGMENT_BATCH,60,44,61,,,,"{""rear_right_knee"":-37.8}",{},,,,,False,,61,44,RECORDING_FAST_REPLAY
v003_20260805_224517_157723_manual,79,12,3,0,servo rear_right_knee -39.9,5.599999999994907,APPLIED_VIA_PRODUCTION_SEGMENT_BATCH,61,45,62,,,,"{""rear_right_knee"":-39.9}",{},,,,,False,,62,45,RECORDING_FAST_REPLAY
v003_20260805_224517_157723_manual,80,12,4,0,servo rear_right_knee -40.9,6.199999999994361,APPLIED_VIA_PRODUCTION_SEGMENT_BATCH,62,46,63,,,,"{""rear_right_knee"":-40.9}",{},,,,,False,,63,46,RECORDING_FAST_REPLAY
v003_20260805_224517_157723_manual,81,12,5,0,servo rear_right_hip -0.5,8.39999999999236,APPLIED_VIA_PRODUCTION_SEGMENT_BATCH,63,47,64,,,,"{""rear_right_hip"":-0.5}",{},,,,,False,,64,47,RECORDING_FAST_REPLAY
v003_20260805_224517_157723_manual,82,12,6,0,servo rear_right_hip -6.9,8.39999999999236,APPLIED_VIA_PRODUCTION_SEGMENT_BATCH,64,48,65,,,,"{""rear_right_hip"":-6.9}",{},,,,,False,,65,48,RECORDING_FAST_REPLAY
v003_20260805_224517_157723_manual,83,12,7,0,servo rear_right_hip -16.4,8.599999999992178,APPLIED_VIA_PRODUCTION_SEGMENT_BATCH,65,49,66,,,,"{""rear_right_hip"":-16.4}",{},,,,,False,,66,49,RECORDING_FAST_REPLAY
v003_20260805_224517_157723_manual,84,12,8,0,servo rear_right_hip -17.5,8.799999999991996,APPLIED_VIA_PRODUCTION_SEGMENT_BATCH,66,50,67,,,,"{""rear_right_hip"":-17.5}",{},,,,,False,,67,50,RECORDING_FAST_REPLAY
v003_20260805_224517_157723_manual,85,12,9,0,servo rear_right_hip -23.8,8.999999999991815,APPLIED_VIA_PRODUCTION_SEGMENT_BATCH,67,51,68,,,,"{""rear_right_hip"":-23.8}",{},,,,,False,,68,51,RECORDING_FAST_REPLAY
v003_20260805_224517_157723_manual,86,12,10,0,servo rear_right_hip -28.1,9.199999999991633,APPLIED_VIA_PRODUCTION_SEGMENT_BATCH,68,52,69,,,,"{""rear_right_hip"":-28.1}",{},,,,,False,,69,52,RECORDING_FAST_REPLAY
v003_20260805_224517_157723_manual,87,12,11,0,servo rear_right_hip -31.2,9.39999999999145,APPLIED_VIA_PRODUCTION_SEGMENT_BATCH,69,53,70,,,,"{""rear_right_hip"":-31.2}",{},,,,,False,,70,53,RECORDING_FAST_REPLAY
v003_20260805_224517_157723_manual,88,12,12,0,wheel stop,12.399999999988722,SEMANTIC_NOOP_ELIDED_BY_PRODUCTION_COMPILER,,,,,,,{},{},,,,,True,,,,RECORDING_FAST_REPLAY
v003_20260805_224517_157723_manual,89,13,0,0,wheel all 0.300,1.1333333333323026,APPLIED_VIA_PRODUCTION_SEGMENT_BATCH,70,54,71,,,,{},"{""front_left_ankle"":0.3,""front_right_ankle"":0.3,""rear_left_ankle"":0.3,""rear_right_ankle"":0.3}",,,,,False,,71,54,RECORDING_FAST_REPLAY
v003_20260805_224517_157723_manual,90,13,1,0,wheel stop,8.133333333325936,APPLIED_VIA_PRODUCTION_SEGMENT_BATCH,71,55,72,,,,{},"{""front_left_ankle"":0.0,""front_right_ankle"":0.0,""rear_left_ankle"":0.0,""rear_right_ankle"":0.0}",,,,,False,,72,55,RECORDING_FAST_REPLAY
v003_20260805_224517_157723_manual,91,13,2,0,wheel stop,9.933333333324299,SEMANTIC_NOOP_ELIDED_BY_PRODUCTION_COMPILER,,,,,,,{},{},,,,,True,,,,RECORDING_FAST_REPLAY
v003_20260805_224517_157723_manual,92,14,0,0,servo front_left_hip 28.1,12.733333333321752,APPLIED_VIA_PRODUCTION_SEGMENT_BATCH,72,56,73,,,,"{""front_left_hip"":28.1}",{},,,,,False,,73,56,RECORDING_FAST_REPLAY
v003_20260805_224517_157723_manual,93,14,0,1,servo front_left_knee -8.1,12.733333333321752,APPLIED_VIA_PRODUCTION_SEGMENT_BATCH,73,56,74,,,,"{""front_left_knee"":-8.1}",{},,,,,False,,74,56,RECORDING_FAST_REPLAY
v003_20260805_224517_157723_manual,94,14,0,2,servo front_right_hip 19.6,12.733333333321752,APPLIED_VIA_PRODUCTION_SEGMENT_BATCH,74,56,75,,,,"{""front_right_hip"":19.6}",{},,,,,False,,75,56,RECORDING_FAST_REPLAY
v003_20260805_224517_157723_manual,95,14,0,3,servo front_right_knee 16.2,12.733333333321752,APPLIED_VIA_PRODUCTION_SEGMENT_BATCH,75,56,76,,,,"{""front_right_knee"":16.2}",{},,,,,False,,76,56,RECORDING_FAST_REPLAY
v003_20260805_224517_157723_manual,96,14,0,4,servo rear_left_hip 1.6,12.733333333321752,APPLIED_VIA_PRODUCTION_SEGMENT_BATCH,76,56,77,,,,"{""rear_left_hip"":1.6}",{},,,,,False,,77,56,RECORDING_FAST_REPLAY
v003_20260805_224517_157723_manual,97,14,0,5,servo rear_left_knee 0,12.733333333321752,APPLIED_VIA_PRODUCTION_SEGMENT_BATCH,77,56,78,,,,"{""rear_left_knee"":0.0}",{},,,,,False,,78,56,RECORDING_FAST_REPLAY
v003_20260805_224517_157723_manual,98,14,0,6,servo rear_right_hip -31.2,12.733333333321752,APPLIED_VIA_PRODUCTION_SEGMENT_BATCH,78,56,79,,,,"{""rear_right_hip"":-31.2}",{},,,,,False,,79,56,RECORDING_FAST_REPLAY
v003_20260805_224517_157723_manual,99,14,0,7,servo rear_right_knee -40.9,12.733333333321752,APPLIED_VIA_PRODUCTION_SEGMENT_BATCH,79,56,80,,,,"{""rear_right_knee"":-40.9}",{},,,,,False,,80,56,RECORDING_FAST_REPLAY
v003_20260805_224517_157723_manual,100,14,0,8,wheel fl 0,12.733333333321752,SEMANTIC_NOOP_ELIDED_BY_PRODUCTION_COMPILER,,,,,,,{},{},,,,,True,,,,RECORDING_FAST_REPLAY
v003_20260805_224517_157723_manual,101,14,0,9,wheel fr 2.0944,12.733333333321752,APPLIED_VIA_PRODUCTION_SEGMENT_BATCH,80,56,81,,,,{},"{""front_right_ankle"":2.0943951023931953}",,,,,False,,81,56,RECORDING_FAST_REPLAY
v003_20260805_224517_157723_manual,102,14,0,10,wheel rl 0,12.733333333321752,SEMANTIC_NOOP_ELIDED_BY_PRODUCTION_COMPILER,,,,,,,{},{},,,,,True,,,,RECORDING_FAST_REPLAY
v003_20260805_224517_157723_manual,103,14,0,11,wheel rr 0,12.733333333321752,SEMANTIC_NOOP_ELIDED_BY_PRODUCTION_COMPILER,,,,,,,{},{},,,,,True,,,,RECORDING_FAST_REPLAY
v003_20260805_224517_157723_manual,104,14,1,0,wheel stop,14.333333333320297,APPLIED_VIA_PRODUCTION_SEGMENT_BATCH,81,57,82,,,,{},"{""front_left_ankle"":0.0,""front_right_ankle"":0.0,""rear_left_ankle"":0.0,""rear_right_ankle"":0.0}",,,,,False,,82,57,RECORDING_FAST_REPLAY
v003_20260805_224517_157723_manual,105,14,2,0,wheel stop,17.733333333317205,SEMANTIC_NOOP_ELIDED_BY_PRODUCTION_COMPILER,,,,,,,{},{},,,,,True,,,,RECORDING_FAST_REPLAY
v003_20260805_224517_157723_manual,106,15,0,0,servo front_right_hip 23.8,1.8000000000229193,APPLIED_VIA_PRODUCTION_SEGMENT_BATCH,82,58,83,,,,"{""front_right_hip"":23.8}",{},,,,,False,,83,58,RECORDING_FAST_REPLAY
v003_20260805_224517_157723_manual,107,15,1,0,servo front_right_hip 27.0,2.000000000025466,APPLIED_VIA_PRODUCTION_SEGMENT_BATCH,83,59,84,,,,"{""front_right_hip"":27.0}",{},,,,,False,,84,59,RECORDING_FAST_REPLAY
v003_20260805_224517_157723_manual,108,15,2,0,servo front_right_hip 29.1,2.800000000035652,APPLIED_VIA_PRODUCTION_SEGMENT_BATCH,84,60,85,,,,"{""front_right_hip"":29.1}",{},,,,,False,,85,60,RECORDING_FAST_REPLAY
v003_20260805_224517_157723_manual,109,15,3,0,servo front_right_hip 30.2,3.800000000048385,APPLIED_VIA_PRODUCTION_SEGMENT_BATCH,85,61,86,,,,"{""front_right_hip"":30.2}",{},,,,,False,,86,61,RECORDING_FAST_REPLAY
v003_20260805_224517_157723_manual,110,15,4,0,wheel stop,6.200000000078944,SEMANTIC_NOOP_ELIDED_BY_PRODUCTION_COMPILER,,,,,,,{},{},,,,,True,,,,RECORDING_FAST_REPLAY
v003_20260805_224517_157723_manual,111,16,0,0,servo front_left_hip 5.8,15.06666666685851,APPLIED_VIA_PRODUCTION_SEGMENT_BATCH,86,62,87,,,,"{""front_left_hip"":5.8}",{},,,,,False,,87,62,RECORDING_FAST_REPLAY
v003_20260805_224517_157723_manual,112,16,0,1,servo front_left_knee -28.2,15.06666666685851,APPLIED_VIA_PRODUCTION_SEGMENT_BATCH,87,62,88,,,,"{""front_left_knee"":-28.2}",{},,,,,False,,88,62,RECORDING_FAST_REPLAY
v003_20260805_224517_157723_manual,113,16,0,2,servo front_right_hip 30.2,15.06666666685851,APPLIED_VIA_PRODUCTION_SEGMENT_BATCH,88,62,89,,,,"{""front_right_hip"":30.2}",{},,,,,False,,89,62,RECORDING_FAST_REPLAY
v003_20260805_224517_157723_manual,114,16,0,3,servo front_right_knee 16.2,15.06666666685851,APPLIED_VIA_PRODUCTION_SEGMENT_BATCH,89,62,90,,,,"{""front_right_knee"":16.2}",{},,,,,False,,90,62,RECORDING_FAST_REPLAY
v003_20260805_224517_157723_manual,115,16,0,4,servo rear_left_hip 1.6,15.06666666685851,APPLIED_VIA_PRODUCTION_SEGMENT_BATCH,90,62,91,,,,"{""rear_left_hip"":1.6}",{},,,,,False,,91,62,RECORDING_FAST_REPLAY
v003_20260805_224517_157723_manual,116,16,0,5,servo rear_left_knee 0,15.06666666685851,APPLIED_VIA_PRODUCTION_SEGMENT_BATCH,91,62,92,,,,"{""rear_left_knee"":0.0}",{},,,,,False,,92,62,RECORDING_FAST_REPLAY
v003_20260805_224517_157723_manual,117,16,0,6,servo rear_right_hip -31.2,15.06666666685851,APPLIED_VIA_PRODUCTION_SEGMENT_BATCH,92,62,93,,,,"{""rear_right_hip"":-31.2}",{},,,,,False,,93,62,RECORDING_FAST_REPLAY
v003_20260805_224517_157723_manual,118,16,0,7,servo rear_right_knee -40.9,15.06666666685851,APPLIED_VIA_PRODUCTION_SEGMENT_BATCH,93,62,94,,,,"{""rear_right_knee"":-40.9}",{},,,,,False,,94,62,RECORDING_FAST_REPLAY
v003_20260805_224517_157723_manual,119,16,0,8,wheel fl -1.96,15.06666666685851,APPLIED_VIA_PRODUCTION_SEGMENT_BATCH,94,62,95,,,,{},"{""front_left_ankle"":-1.96}",,,,,False,,95,62,RECORDING_FAST_REPLAY
v003_20260805_224517_157723_manual,120,16,0,9,wheel fr 0,15.06666666685851,SEMANTIC_NOOP_ELIDED_BY_PRODUCTION_COMPILER,,,,,,,{},{},,,,,True,,,,RECORDING_FAST_REPLAY
v003_20260805_224517_157723_manual,121,16,0,10,wheel rl 0,15.06666666685851,SEMANTIC_NOOP_ELIDED_BY_PRODUCTION_COMPILER,,,,,,,{},{},,,,,True,,,,RECORDING_FAST_REPLAY
v003_20260805_224517_157723_manual,122,16,0,11,wheel rr 0,15.06666666685851,SEMANTIC_NOOP_ELIDED_BY_PRODUCTION_COMPILER,,,,,,,{},{},,,,,True,,,,RECORDING_FAST_REPLAY
v003_20260805_224517_157723_manual,123,16,1,0,wheel stop,16.066666666871242,APPLIED_VIA_PRODUCTION_SEGMENT_BATCH,95,63,96,,,,{},"{""front_left_ankle"":0.0,""front_right_ankle"":0.0,""rear_left_ankle"":0.0,""rear_right_ankle"":0.0}",,,,,False,,96,63,RECORDING_FAST_REPLAY
v003_20260805_224517_157723_manual,124,16,2,0,wheel stop,21.066666666934907,SEMANTIC_NOOP_ELIDED_BY_PRODUCTION_COMPILER,,,,,,,{},{},,,,,True,,,,RECORDING_FAST_REPLAY
v003_20260805_224517_157723_manual,125,17,0,0,servo front_left_hip -25.9,15.933333333536211,APPLIED_VIA_PRODUCTION_SEGMENT_BATCH,96,64,97,,,,"{""front_left_hip"":-25.9}",{},,,,,False,,97,64,RECORDING_FAST_REPLAY
v003_20260805_224517_157723_manual,126,17,0,1,servo front_left_knee -38.8,15.933333333536211,APPLIED_VIA_PRODUCTION_SEGMENT_BATCH,97,64,98,,,,"{""front_left_knee"":-38.8}",{},,,,,False,,98,64,RECORDING_FAST_REPLAY
v003_20260805_224517_157723_manual,127,17,0,2,servo front_right_hip 30.2,15.933333333536211,APPLIED_VIA_PRODUCTION_SEGMENT_BATCH,98,64,99,,,,"{""front_right_hip"":30.2}",{},,,,,False,,99,64,RECORDING_FAST_REPLAY
v003_20260805_224517_157723_manual,128,17,0,3,servo front_right_knee 16.2,15.933333333536211,APPLIED_VIA_PRODUCTION_SEGMENT_BATCH,99,64,100,,,,"{""front_right_knee"":16.2}",{},,,,,False,,100,64,RECORDING_FAST_REPLAY
v003_20260805_224517_157723_manual,129,17,0,4,servo rear_left_hip 1.6,15.933333333536211,APPLIED_VIA_PRODUCTION_SEGMENT_BATCH,100,64,101,,,,"{""rear_left_hip"":1.6}",{},,,,,False,,101,64,RECORDING_FAST_REPLAY
v003_20260805_224517_157723_manual,130,17,0,5,servo rear_left_knee 0,15.933333333536211,APPLIED_VIA_PRODUCTION_SEGMENT_BATCH,101,64,102,,,,"{""rear_left_knee"":0.0}",{},,,,,False,,102,64,RECORDING_FAST_REPLAY
v003_20260805_224517_157723_manual,131,17,0,6,servo rear_right_hip -31.2,15.933333333536211,APPLIED_VIA_PRODUCTION_SEGMENT_BATCH,102,64,103,,,,"{""rear_right_hip"":-31.2}",{},,,,,False,,103,64,RECORDING_FAST_REPLAY
v003_20260805_224517_157723_manual,132,17,0,7,servo rear_right_knee -40.9,15.933333333536211,APPLIED_VIA_PRODUCTION_SEGMENT_BATCH,103,64,104,,,,"{""rear_right_knee"":-40.9}",{},,,,,False,,104,64,RECORDING_FAST_REPLAY
v003_20260805_224517_157723_manual,133,17,0,8,wheel fl -1.19,15.933333333536211,APPLIED_VIA_PRODUCTION_SEGMENT_BATCH,104,64,105,,,,{},"{""front_left_ankle"":-1.19}",,,,,False,,105,64,RECORDING_FAST_REPLAY
v003_20260805_224517_157723_manual,134,17,0,9,wheel fr 0,15.933333333536211,SEMANTIC_NOOP_ELIDED_BY_PRODUCTION_COMPILER,,,,,,,{},{},,,,,True,,,,RECORDING_FAST_REPLAY
v003_20260805_224517_157723_manual,135,17,0,10,wheel rl 0,15.933333333536211,SEMANTIC_NOOP_ELIDED_BY_PRODUCTION_COMPILER,,,,,,,{},{},,,,,True,,,,RECORDING_FAST_REPLAY
v003_20260805_224517_157723_manual,136,17,0,11,wheel rr 0,15.933333333536211,SEMANTIC_NOOP_ELIDED_BY_PRODUCTION_COMPILER,,,,,,,{},{},,,,,True,,,,RECORDING_FAST_REPLAY
v003_20260805_224517_157723_manual,137,17,1,0,wheel stop,17.266666666886522,APPLIED_VIA_PRODUCTION_SEGMENT_BATCH,105,65,106,,,,{},"{""front_left_ankle"":0.0,""front_right_ankle"":0.0,""rear_left_ankle"":0.0,""rear_right_ankle"":0.0}",,,,,False,,106,65,RECORDING_FAST_REPLAY
v003_20260805_224517_157723_manual,138,17,2,0,wheel stop,22.000000000280124,SEMANTIC_NOOP_ELIDED_BY_PRODUCTION_COMPILER,,,,,,,{},{},,,,,True,,,,RECORDING_FAST_REPLAY
v003_20260805_224517_157723_manual,139,18,0,0,servo rear_left_knee 4.6,1.7333333333554037,APPLIED_VIA_PRODUCTION_SEGMENT_BATCH,106,66,107,,,,"{""rear_left_knee"":4.6}",{},,,,,False,,107,66,RECORDING_FAST_REPLAY
v003_20260805_224517_157723_manual,140,18,1,0,servo rear_left_knee 10.9,1.9333333333579503,APPLIED_VIA_PRODUCTION_SEGMENT_BATCH,107,67,108,,,,"{""rear_left_knee"":10.9}",{},,,,,False,,108,67,RECORDING_FAST_REPLAY
v003_20260805_224517_157723_manual,141,18,2,0,servo rear_left_knee 13.1,2.133333333360497,APPLIED_VIA_PRODUCTION_SEGMENT_BATCH,108,68,109,,,,"{""rear_left_knee"":13.1}",{},,,,,False,,109,68,RECORDING_FAST_REPLAY
v003_20260805_224517_157723_manual,142,18,3,0,servo rear_left_knee 17.3,2.4666666666980746,APPLIED_VIA_PRODUCTION_SEGMENT_BATCH,109,69,110,,,,"{""rear_left_knee"":17.3}",{},,,,,False,,110,69,RECORDING_FAST_REPLAY
v003_20260805_224517_157723_manual,143,18,4,0,servo rear_left_knee 18.4,2.666666666700621,APPLIED_VIA_PRODUCTION_SEGMENT_BATCH,110,70,111,,,,"{""rear_left_knee"":18.4}",{},,,,,False,,111,70,RECORDING_FAST_REPLAY
v003_20260805_224517_157723_manual,144,18,5,0,servo rear_left_knee 19.4,3.0666666667057143,APPLIED_VIA_PRODUCTION_SEGMENT_BATCH,111,71,112,,,,"{""rear_left_knee"":19.4}",{},,,,,False,,112,71,RECORDING_FAST_REPLAY
v003_20260805_224517_157723_manual,145,18,6,0,servo rear_left_knee 20.5,3.266666666708261,APPLIED_VIA_PRODUCTION_SEGMENT_BATCH,112,72,113,,,,"{""rear_left_knee"":20.5}",{},,,,,False,,113,72,RECORDING_FAST_REPLAY
v003_20260805_224517_157723_manual,146,18,7,0,servo rear_left_knee 21.5,3.4666666667108075,APPLIED_VIA_PRODUCTION_SEGMENT_BATCH,113,73,114,,,,"{""rear_left_knee"":21.5}",{},,,,,False,,114,73,RECORDING_FAST_REPLAY
v003_20260805_224517_157723_manual,147,18,8,0,servo rear_left_knee 22.6,3.666666666713354,APPLIED_VIA_PRODUCTION_SEGMENT_BATCH,114,74,115,,,,"{""rear_left_knee"":22.6}",{},,,,,False,,115,74,RECORDING_FAST_REPLAY
v003_20260805_224517_157723_manual,148,18,9,0,servo rear_left_knee 25.8,3.8666666667159006,APPLIED_VIA_PRODUCTION_SEGMENT_BATCH,115,75,116,,,,"{""rear_left_knee"":25.8}",{},,,,,False,,116,75,RECORDING_FAST_REPLAY
v003_20260805_224517_157723_manual,149,18,10,0,wheel stop,6.733333333419068,SEMANTIC_NOOP_ELIDED_BY_PRODUCTION_COMPILER,,,,,,,{},{},,,,,True,,,,RECORDING_FAST_REPLAY
v003_20260805_224517_157723_manual,150,19,0,0,servo rear_left_hip -1.6,1.133333333347764,APPLIED_VIA_PRODUCTION_SEGMENT_BATCH,116,76,117,,,,"{""rear_left_hip"":-1.6}",{},,,,,False,,117,76,RECORDING_FAST_REPLAY
v003_20260805_224517_157723_manual,151,19,1,0,servo rear_left_hip -12.2,1.133333333347764,APPLIED_VIA_PRODUCTION_SEGMENT_BATCH,117,77,118,,,,"{""rear_left_hip"":-12.2}",{},,,,,False,,118,77,RECORDING_FAST_REPLAY
v003_20260805_224517_157723_manual,152,19,2,0,servo rear_left_hip -17.5,1.3333333333503106,APPLIED_VIA_PRODUCTION_SEGMENT_BATCH,118,78,119,,,,"{""rear_left_hip"":-17.5}",{},,,,,False,,119,78,RECORDING_FAST_REPLAY
v003_20260805_224517_157723_manual,153,19,3,0,wheel stop,3.533333333378323,SEMANTIC_NOOP_ELIDED_BY_PRODUCTION_COMPILER,,,,,,,{},{},,,,,True,,,,RECORDING_FAST_REPLAY
v003_20260805_224517_157723_manual,154,20,0,0,servo rear_left_hip -16.4,4.533333333391056,APPLIED_VIA_PRODUCTION_SEGMENT_BATCH,119,79,120,,,,"{""rear_left_hip"":-16.4}",{},,,,,False,,120,79,RECORDING_FAST_REPLAY
v003_20260805_224517_157723_manual,155,20,1,0,servo rear_left_hip -14.3,4.533333333391056,APPLIED_VIA_PRODUCTION_SEGMENT_BATCH,120,80,121,,,,"{""rear_left_hip"":-14.3}",{},,,,,False,,121,80,RECORDING_FAST_REPLAY
v003_20260805_224517_157723_manual,156,20,2,0,servo rear_left_hip 11.1,4.7333333333936025,APPLIED_VIA_PRODUCTION_SEGMENT_BATCH,121,81,122,,,,"{""rear_left_hip"":11.1}",{},,,,,False,,122,81,RECORDING_FAST_REPLAY
v003_20260805_224517_157723_manual,157,20,3,0,servo rear_left_hip 13.2,4.933333333396149,APPLIED_VIA_PRODUCTION_SEGMENT_BATCH,122,82,123,,,,"{""rear_left_hip"":13.2}",{},,,,,False,,123,82,RECORDING_FAST_REPLAY
v003_20260805_224517_157723_manual,158,20,4,0,servo rear_left_hip 15.4,5.133333333398696,APPLIED_VIA_PRODUCTION_SEGMENT_BATCH,123,83,124,,,,"{""rear_left_hip"":15.4}",{},,,,,False,,124,83,RECORDING_FAST_REPLAY
v003_20260805_224517_157723_manual,159,20,5,0,servo rear_left_hip 16.4,5.333333333401242,APPLIED_VIA_PRODUCTION_SEGMENT_BATCH,124,84,125,,,,"{""rear_left_hip"":16.4}",{},,,,,False,,125,84,RECORDING_FAST_REPLAY
v003_20260805_224517_157723_manual,160,20,6,0,servo rear_left_knee 22.6,7.1333333334241615,APPLIED_VIA_PRODUCTION_SEGMENT_BATCH,125,85,126,,,,"{""rear_left_knee"":22.6}",{},,,,,False,,126,85,RECORDING_FAST_REPLAY
v003_20260805_224517_157723_manual,161,20,7,0,servo rear_left_knee 2.5,7.333333333426708,APPLIED_VIA_PRODUCTION_SEGMENT_BATCH,126,86,127,,,,"{""rear_left_knee"":2.5}",{},,,,,False,,127,86,RECORDING_FAST_REPLAY
v003_20260805_224517_157723_manual,162,20,8,0,servo rear_left_knee -12.4,7.533333333429255,APPLIED_VIA_PRODUCTION_SEGMENT_BATCH,127,87,128,,,,"{""rear_left_knee"":-12.4}",{},,,,,False,,128,87,RECORDING_FAST_REPLAY
v003_20260805_224517_157723_manual,163,20,9,0,servo rear_left_knee -15.5,7.733333333431801,APPLIED_VIA_PRODUCTION_SEGMENT_BATCH,128,88,129,,,,"{""rear_left_knee"":-15.5}",{},,,,,False,,129,88,RECORDING_FAST_REPLAY
v003_20260805_224517_157723_manual,164,20,10,0,servo rear_left_knee -16.6,7.933333333434348,APPLIED_VIA_PRODUCTION_SEGMENT_BATCH,129,89,130,,,,"{""rear_left_knee"":-16.6}",{},,,,,False,,130,89,RECORDING_FAST_REPLAY
v003_20260805_224517_157723_manual,165,20,11,0,wheel stop,11.133333333475093,SEMANTIC_NOOP_ELIDED_BY_PRODUCTION_COMPILER,,,,,,,{},{},,,,,True,,,,RECORDING_FAST_REPLAY
v003_20260805_224517_157723_manual,166,21,0,0,servo rear_left_hip 9.0,1.9333333333579503,APPLIED_VIA_PRODUCTION_SEGMENT_BATCH,130,90,131,,,,"{""rear_left_hip"":9.0}",{},,,,,False,,131,90,RECORDING_FAST_REPLAY
v003_20260805_224517_157723_manual,167,21,1,0,servo rear_left_hip 0.5,2.133333333360497,APPLIED_VIA_PRODUCTION_SEGMENT_BATCH,131,91,132,,,,"{""rear_left_hip"":0.5}",{},,,,,False,,132,91,RECORDING_FAST_REPLAY
v003_20260805_224517_157723_manual,168,21,2,0,servo rear_left_hip -5.8,2.3333333333630435,APPLIED_VIA_PRODUCTION_SEGMENT_BATCH,132,92,133,,,,"{""rear_left_hip"":-5.8}",{},,,,,False,,133,92,RECORDING_FAST_REPLAY
v003_20260805_224517_157723_manual,169,21,3,0,servo rear_left_hip -9.0,2.53333333336559,APPLIED_VIA_PRODUCTION_SEGMENT_BATCH,133,93,134,,,,"{""rear_left_hip"":-9.0}",{},,,,,False,,134,93,RECORDING_FAST_REPLAY
v003_20260805_224517_157723_manual,170,21,4,0,servo rear_left_hip -12.2,2.7333333333681367,APPLIED_VIA_PRODUCTION_SEGMENT_BATCH,134,94,135,,,,"{""rear_left_hip"":-12.2}",{},,,,,False,,135,94,RECORDING_FAST_REPLAY
v003_20260805_224517_157723_manual,171,21,5,0,servo rear_left_hip -14.3,2.9333333333706832,APPLIED_VIA_PRODUCTION_SEGMENT_BATCH,135,95,136,,,,"{""rear_left_hip"":-14.3}",{},,,,,False,,136,95,RECORDING_FAST_REPLAY
v003_20260805_224517_157723_manual,172,21,6,0,servo rear_left_hip -17.5,3.13333333337323,APPLIED_VIA_PRODUCTION_SEGMENT_BATCH,136,96,137,,,,"{""rear_left_hip"":-17.5}",{},,,,,False,,137,96,RECORDING_FAST_REPLAY
v003_20260805_224517_157723_manual,173,21,7,0,servo rear_left_hip -19.6,3.3333333333757764,APPLIED_VIA_PRODUCTION_SEGMENT_BATCH,137,97,138,,,,"{""rear_left_hip"":-19.6}",{},,,,,False,,138,97,RECORDING_FAST_REPLAY
v003_20260805_224517_157723_manual,174,21,8,0,servo rear_left_hip -21.7,3.533333333378323,APPLIED_VIA_PRODUCTION_SEGMENT_BATCH,138,98,139,,,,"{""rear_left_hip"":-21.7}",{},,,,,False,,139,98,RECORDING_FAST_REPLAY
v003_20260805_224517_157723_manual,175,21,9,0,servo rear_left_hip -23.8,3.7333333333808696,APPLIED_VIA_PRODUCTION_SEGMENT_BATCH,139,99,140,,,,"{""rear_left_hip"":-23.8}",{},,,,,False,,140,99,RECORDING_FAST_REPLAY
v003_20260805_224517_157723_manual,176,21,10,0,servo rear_left_hip -25.9,3.933333333383416,APPLIED_VIA_PRODUCTION_SEGMENT_BATCH,140,100,141,,,,"{""rear_left_hip"":-25.9}",{},,,,,False,,141,100,RECORDING_FAST_REPLAY
v003_20260805_224517_157723_manual,177,21,11,0,servo rear_left_hip -28.1,4.333333333388509,APPLIED_VIA_PRODUCTION_SEGMENT_BATCH,141,101,142,,,,"{""rear_left_hip"":-28.1}",{},,,,,False,,142,101,RECORDING_FAST_REPLAY
v003_20260805_224517_157723_manual,178,21,12,0,wheel stop,6.666666666751553,SEMANTIC_NOOP_ELIDED_BY_PRODUCTION_COMPILER,,,,,,,{},{},,,,,True,,,,RECORDING_FAST_REPLAY
v003_20260805_224517_157723_manual,179,22,0,0,wheel all 0.300,1.0666666666802485,APPLIED_VIA_PRODUCTION_SEGMENT_BATCH,142,102,143,,,,{},"{""front_left_ankle"":0.3,""front_right_ankle"":0.3,""rear_left_ankle"":0.3,""rear_right_ankle"":0.3}",,,,,False,,143,102,RECORDING_FAST_REPLAY
v003_20260805_224517_157723_manual,180,22,1,0,wheel stop,12.266666666822857,APPLIED_VIA_PRODUCTION_SEGMENT_BATCH,143,103,144,,,,{},"{""front_left_ankle"":0.0,""front_right_ankle"":0.0,""rear_left_ankle"":0.0,""rear_right_ankle"":0.0}",,,,,False,,144,103,RECORDING_FAST_REPLAY
v003_20260805_224517_157723_manual,181,22,2,0,wheel stop,14.066666666845776,SEMANTIC_NOOP_ELIDED_BY_PRODUCTION_COMPILER,,,,,,,{},{},,,,,True,,,,RECORDING_FAST_REPLAY
v003_20260805_224517_157723_manual,182,23,0,0,servo front_left_hip 0.5,15.533333333531118,APPLIED_VIA_PRODUCTION_SEGMENT_BATCH,144,104,145,,,,"{""front_left_hip"":0.5}",{},,,,,False,,145,104,RECORDING_FAST_REPLAY
v003_20260805_224517_157723_manual,183,23,0,1,servo front_left_knee -0.7,15.533333333531118,APPLIED_VIA_PRODUCTION_SEGMENT_BATCH,145,104,146,,,,"{""front_left_knee"":-0.7}",{},,,,,False,,146,104,RECORDING_FAST_REPLAY
v003_20260805_224517_157723_manual,184,23,0,2,servo front_right_hip 30.2,15.533333333531118,APPLIED_VIA_PRODUCTION_SEGMENT_BATCH,146,104,147,,,,"{""front_right_hip"":30.2}",{},,,,,False,,147,104,RECORDING_FAST_REPLAY
v003_20260805_224517_157723_manual,185,23,0,3,servo front_right_knee 16.2,15.533333333531118,APPLIED_VIA_PRODUCTION_SEGMENT_BATCH,147,104,148,,,,"{""front_right_knee"":16.2}",{},,,,,False,,148,104,RECORDING_FAST_REPLAY
v003_20260805_224517_157723_manual,186,23,0,4,servo rear_left_hip -28.1,15.533333333531118,APPLIED_VIA_PRODUCTION_SEGMENT_BATCH,148,104,149,,,,"{""rear_left_hip"":-28.1}",{},,,,,False,,149,104,RECORDING_FAST_REPLAY
v003_20260805_224517_157723_manual,187,23,0,5,servo rear_left_knee -16.6,15.533333333531118,APPLIED_VIA_PRODUCTION_SEGMENT_BATCH,149,104,150,,,,"{""rear_left_knee"":-16.6}",{},,,,,False,,150,104,RECORDING_FAST_REPLAY
v003_20260805_224517_157723_manual,188,23,0,6,servo rear_right_hip -31.2,15.533333333531118,APPLIED_VIA_PRODUCTION_SEGMENT_BATCH,150,104,151,,,,"{""rear_right_hip"":-31.2}",{},,,,,False,,151,104,RECORDING_FAST_REPLAY
v003_20260805_224517_157723_manual,189,23,0,7,servo rear_right_knee -40.9,15.533333333531118,APPLIED_VIA_PRODUCTION_SEGMENT_BATCH,151,104,152,,,,"{""rear_right_knee"":-40.9}",{},,,,,False,,152,104,RECORDING_FAST_REPLAY
v003_20260805_224517_157723_manual,190,23,0,8,wheel fl 1.93,15.533333333531118,APPLIED_VIA_PRODUCTION_SEGMENT_BATCH,152,104,153,,,,{},"{""front_left_ankle"":1.93}",,,,,False,,153,104,RECORDING_FAST_REPLAY
v003_20260805_224517_157723_manual,191,23,0,9,wheel fr 0,15.533333333531118,SEMANTIC_NOOP_ELIDED_BY_PRODUCTION_COMPILER,,,,,,,{},{},,,,,True,,,,RECORDING_FAST_REPLAY
v003_20260805_224517_157723_manual,192,23,0,10,wheel rl 0,15.533333333531118,SEMANTIC_NOOP_ELIDED_BY_PRODUCTION_COMPILER,,,,,,,{},{},,,,,True,,,,RECORDING_FAST_REPLAY
v003_20260805_224517_157723_manual,193,23,0,11,wheel rr 0,15.533333333531118,SEMANTIC_NOOP_ELIDED_BY_PRODUCTION_COMPILER,,,,,,,{},{},,,,,True,,,,RECORDING_FAST_REPLAY
v003_20260805_224517_157723_manual,194,23,1,0,wheel stop,16.733333333546398,APPLIED_VIA_PRODUCTION_SEGMENT_BATCH,153,105,154,,,,{},"{""front_left_ankle"":0.0,""front_right_ankle"":0.0,""rear_left_ankle"":0.0,""rear_right_ankle"":0.0}",,,,,False,,154,105,RECORDING_FAST_REPLAY
v003_20260805_224517_157723_manual,195,23,2,0,wheel stop,19.266666666911988,SEMANTIC_NOOP_ELIDED_BY_PRODUCTION_COMPILER,,,,,,,{},{},,,,,True,,,,RECORDING_FAST_REPLAY
v003_20260805_224517_157723_manual,196,24,0,0,servo front_right_hip 29.1,2.266666666695528,APPLIED_VIA_PRODUCTION_SEGMENT_BATCH,154,106,155,,,,"{""front_right_hip"":29.1}",{},,,,,False,,155,106,RECORDING_FAST_REPLAY
v003_20260805_224517_157723_manual,197,24,1,0,servo front_right_hip 19.6,2.4666666666980746,APPLIED_VIA_PRODUCTION_SEGMENT_BATCH,155,107,156,,,,"{""front_right_hip"":19.6}",{},,,,,False,,156,107,RECORDING_FAST_REPLAY
v003_20260805_224517_157723_manual,198,24,2,0,servo front_right_hip 17.5,2.666666666700621,APPLIED_VIA_PRODUCTION_SEGMENT_BATCH,156,108,157,,,,"{""front_right_hip"":17.5}",{},,,,,False,,157,108,RECORDING_FAST_REPLAY
v003_20260805_224517_157723_manual,199,24,3,0,servo front_right_hip 15.4,2.8666666667031677,APPLIED_VIA_PRODUCTION_SEGMENT_BATCH,157,109,158,,,,"{""front_right_hip"":15.4}",{},,,,,False,,158,109,RECORDING_FAST_REPLAY
v003_20260805_224517_157723_manual,200,24,4,0,servo front_right_hip 13.2,3.4666666667108075,APPLIED_VIA_PRODUCTION_SEGMENT_BATCH,158,110,159,,,,"{""front_right_hip"":13.2}",{},,,,,False,,159,110,RECORDING_FAST_REPLAY
v003_20260805_224517_157723_manual,201,24,5,0,servo front_right_hip 11.1,3.666666666713354,APPLIED_VIA_PRODUCTION_SEGMENT_BATCH,159,111,160,,,,"{""front_right_hip"":11.1}",{},,,,,False,,160,111,RECORDING_FAST_REPLAY
v003_20260805_224517_157723_manual,202,24,6,0,wheel stop,5.466666666736273,SEMANTIC_NOOP_ELIDED_BY_PRODUCTION_COMPILER,,,,,,,{},{},,,,,True,,,,RECORDING_FAST_REPLAY
