version,step_count,command_count,hash_valid,snapshot_full_valid_count,snapshot_count,full_success,first_failure_phase,FR_lift_success,FR_place_success,FL_lift_success,FL_place_success,RR_lift_success,RR_place_success,RL_lift_success,RL_place_success,final_recovery_success,maximum_roll_rad,maximum_pitch_rad,minimum_support_margin_m,maximum_contact_drift_m,loaded_front_face_wheel_rotation_rad,replay_evidence,comments
v003_20260805_224517_157723_manual,24,136,True,16,48,NOT_EVALUATED,NOT_EVALUATED,NOT_EVALUATED,NOT_EVALUATED,NOT_EVALUATED,NOT_EVALUATED,NOT_EVALUATED,NOT_EVALUATED,NOT_EVALUATED,NOT_EVALUATED,NOT_EVALUATED,,,,,,PENDING_CLEAN_FAST_REPLAY,environment.json absent; locked from baseline+metadata; no standalone recording/replay telemetry; no video/screenshot in version folder
v005_20260805_225441_439112_manual,22,139,True,44,44,NOT_EVALUATED,NOT_EVALUATED,NOT_EVALUATED,NOT_EVALUATED,NOT_EVALUATED,NOT_EVALUATED,NOT_EVALUATED,NOT_EVALUATED,NOT_EVALUATED,NOT_EVALUATED,NOT_EVALUATED,,,,,,PENDING_CLEAN_FAST_REPLAY,environment.json absent; locked from baseline+metadata; no standalone recording/replay telemetry; no video/screenshot in version folder
v006_20260805_233948_654778_manual,22,135,True,44,44,NOT_EVALUATED,NOT_EVALUATED,NOT_EVALUATED,NOT_EVALUATED,NOT_EVALUATED,NOT_EVALUATED,NOT_EVALUATED,NOT_EVALUATED,NOT_EVALUATED,NOT_EVALUATED,NOT_EVALUATED,,,,,,PENDING_CLEAN_FAST_REPLAY,environment.json absent; locked from baseline+metadata; no standalone recording/replay telemetry; no video/screenshot in version folder
v007_20260806_190636_100857_manual,21,113,True,42,42,NOT_EVALUATED,NOT_EVALUATED,NOT_EVALUATED,NOT_EVALUATED,NOT_EVALUATED,NOT_EVALUATED,NOT_EVALUATED,NOT_EVALUATED,NOT_EVALUATED,NOT_EVALUATED,NOT_EVALUATED,,,,,,PENDING_CLEAN_FAST_REPLAY,environment.json absent; locked from baseline+metadata; no standalone recording/replay telemetry; no video/screenshot in version folder
v008_20260806_211408_578700_manual,23,142,True,46,46,NOT_EVALUATED,NOT_EVALUATED,NOT_EVALUATED,NOT_EVALUATED,NOT_EVALUATED,NOT_EVALUATED,NOT_EVALUATED,NOT_EVALUATED,NOT_EVALUATED,NOT_EVALUATED,NOT_EVALUATED,,,,,,PENDING_CLEAN_FAST_REPLAY,environment.json absent; locked from baseline+metadata; no standalone recording/replay telemetry; no video/screenshot in version folder
v009_20260806_215232_433234_manual,23,154,True,46,46,NOT_EVALUATED,NOT_EVALUATED,NOT_EVALUATED,NOT_EVALUATED,NOT_EVALUATED,NOT_EVALUATED,NOT_EVALUATED,NOT_EVALUATED,NOT_EVALUATED,NOT_EVALUATED,NOT_EVALUATED,,,,,,PENDING_CLEAN_FAST_REPLAY,environment.json absent; locked from baseline+metadata; no standalone recording/replay telemetry; no video/screenshot in version folder
v010_20260806_220745_363972_manual,26,168,True,52,52,NOT_EVALUATED,NOT_EVALUATED,NOT_EVALUATED,NOT_EVALUATED,NOT_EVALUATED,NOT_EVALUATED,NOT_EVALUATED,NOT_EVALUATED,NOT_EVALUATED,NOT_EVALUATED,NOT_EVALUATED,,,,,,PENDING_CLEAN_FAST_REPLAY,environment.json absent; locked from baseline+metadata; no standalone recording/replay telemetry; no video/screenshot in version folder
v011_20260806_223621_672618_manual,28,185,True,56,56,NOT_EVALUATED,NOT_EVALUATED,NOT_EVALUATED,NOT_EVALUATED,NOT_EVALUATED,NOT_EVALUATED,NOT_EVALUATED,NOT_EVALUATED,NOT_EVALUATED,NOT_EVALUATED,NOT_EVALUATED,,,,,,PENDING_CLEAN_FAST_REPLAY,environment.json absent; locked from baseline+metadata; no standalone recording/replay telemetry; no video/screenshot in version folder
v012_20260806_231025_027004_manual,19,118,True,38,38,NOT_EVALUATED,NOT_EVALUATED,NOT_EVALUATED,NOT_EVALUATED,NOT_EVALUATED,NOT_EVALUATED,NOT_EVALUATED,NOT_EVALUATED,NOT_EVALUATED,NOT_EVALUATED,NOT_EVALUATED,,,,,,PENDING_CLEAN_FAST_REPLAY,environment.json absent; locked from baseline+metadata; no standalone recording/replay telemetry; no video/screenshot in version folder
