start_time_s,end_time_s,sample_count,source_version,source_fast_segment,source_step,source_event_indices,support_legs,primary_diagonal,wheel_contact_classes
1.5083333333333304,2.366666666666661,104,v003_20260805_224517_157723_manual,,,[],[],NONE,"{""FL"": ""UNKNOWN"", ""FR"": ""UNKNOWN"", ""RL"": ""UNKNOWN"", ""RR"": ""UNKNOWN""}"
2.3749999999999942,2.6333333333333266,32,v003_20260805_224517_157723_manual,0,1,[0],[],NONE,"{""FL"": ""UNKNOWN"", ""FR"": ""UNKNOWN"", ""RL"": ""UNKNOWN"", ""RR"": ""UNKNOWN""}"
2.64166666666666,2.7666666666666595,16,v003_20260805_224517_157723_manual,1,1,[1],[],NONE,"{""FL"": ""UNKNOWN"", ""FR"": ""UNKNOWN"", ""RL"": ""UNKNOWN"", ""RR"": ""UNKNOWN""}"
2.774999999999993,2.833333333333326,8,v003_20260805_224517_157723_manual,2,1,[2],[],NONE,"{""FL"": ""UNKNOWN"", ""FR"": ""UNKNOWN"", ""RL"": ""UNKNOWN"", ""RR"": ""UNKNOWN""}"
2.8416666666666592,3.033333333333325,24,v003_20260805_224517_157723_manual,3,2,[0],[],NONE,"{""FL"": ""UNKNOWN"", ""FR"": ""UNKNOWN"", ""RL"": ""UNKNOWN"", ""RR"": ""UNKNOWN""}"
3.0416666666666585,3.3666666666666574,40,v003_20260805_224517_157723_manual,4,2,[1],[],NONE,"{""FL"": ""UNKNOWN"", ""FR"": ""UNKNOWN"", ""RL"": ""UNKNOWN"", ""RR"": ""UNKNOWN""}"
3.3749999999999907,3.4999999999999902,16,v003_20260805_224517_157723_manual,5,2,[2],[],NONE,"{""FL"": ""UNKNOWN"", ""FR"": ""UNKNOWN"", ""RL"": ""UNKNOWN"", ""RR"": ""UNKNOWN""}"
3.5083333333333235,16.499999999999705,1560,v003_20260805_224517_157723_manual,6,3,[0],[],NONE,"{""FL"": ""UNKNOWN"", ""FR"": ""UNKNOWN"", ""RL"": ""UNKNOWN"", ""RR"": ""UNKNOWN""}"
16.508333333333038,16.566666666666368,8,v003_20260805_224517_157723_manual,7,3,[1],[],NONE,"{""FL"": ""UNKNOWN"", ""FR"": ""UNKNOWN"", ""RL"": ""UNKNOWN"", ""RR"": ""UNKNOWN""}"
16.5749999999997,16.83333333333302,32,v003_20260805_224517_157723_manual,8,4,[0],[],NONE,"{""FL"": ""UNKNOWN"", ""FR"": ""UNKNOWN"", ""RL"": ""UNKNOWN"", ""RR"": ""UNKNOWN""}"
16.841666666666352,16.966666666666345,16,v003_20260805_224517_157723_manual,9,4,[1],[],NONE,"{""FL"": ""UNKNOWN"", ""FR"": ""UNKNOWN"", ""RL"": ""UNKNOWN"", ""RR"": ""UNKNOWN""}"
16.974999999999678,17.166666666666334,24,v003_20260805_224517_157723_manual,10,4,[2],[],NONE,"{""FL"": ""UNKNOWN"", ""FR"": ""UNKNOWN"", ""RL"": ""UNKNOWN"", ""RR"": ""UNKNOWN""}"
17.174999999999667,17.49999999999965,40,v003_20260805_224517_157723_manual,11,4,[3],[],NONE,"{""FL"": ""UNKNOWN"", ""FR"": ""UNKNOWN"", ""RL"": ""UNKNOWN"", ""RR"": ""UNKNOWN""}"
17.50833333333298,17.633333333332974,16,v003_20260805_224517_157723_manual,12,4,[4],[],NONE,"{""FL"": ""UNKNOWN"", ""FR"": ""UNKNOWN"", ""RL"": ""UNKNOWN"", ""RR"": ""UNKNOWN""}"
17.641666666666307,17.699999999999637,8,v003_20260805_224517_157723_manual,13,4,[5],[],NONE,"{""FL"": ""UNKNOWN"", ""FR"": ""UNKNOWN"", ""RL"": ""UNKNOWN"", ""RR"": ""UNKNOWN""}"
17.70833333333297,17.833333333332963,16,v003_20260805_224517_157723_manual,14,4,[6],[],NONE,"{""FL"": ""UNKNOWN"", ""FR"": ""UNKNOWN"", ""RL"": ""UNKNOWN"", ""RR"": ""UNKNOWN""}"
17.841666666666296,17.96666666666629,16,v003_20260805_224517_157723_manual,15,4,[7],[],NONE,"{""FL"": ""UNKNOWN"", ""FR"": ""UNKNOWN"", ""RL"": ""UNKNOWN"", ""RR"": ""UNKNOWN""}"
17.97499999999962,19.233333333332883,152,v003_20260805_224517_157723_manual,16,5,[0],[],NONE,"{""FL"": ""UNKNOWN"", ""FR"": ""UNKNOWN"", ""RL"": ""UNKNOWN"", ""RR"": ""UNKNOWN""}"
19.241666666666216,19.299999999999546,8,v003_20260805_224517_157723_manual,17,5,[1],[],NONE,"{""FL"": ""UNKNOWN"", ""FR"": ""UNKNOWN"", ""RL"": ""UNKNOWN"", ""RR"": ""UNKNOWN""}"
19.30833333333288,22.89999999999934,432,v003_20260805_224517_157723_manual,18,6,[0],[],NONE,"{""FL"": ""UNKNOWN"", ""FR"": ""UNKNOWN"", ""RL"": ""UNKNOWN"", ""RR"": ""UNKNOWN""}"
22.908333333332674,22.966666666666004,8,v003_20260805_224517_157723_manual,19,6,[1],[],NONE,"{""FL"": ""UNKNOWN"", ""FR"": ""UNKNOWN"", ""RL"": ""UNKNOWN"", ""RR"": ""UNKNOWN""}"
22.974999999999337,23.033333333332667,8,v003_20260805_224517_157723_manual,20,7,[0],[],NONE,"{""FL"": ""UNKNOWN"", ""FR"": ""UNKNOWN"", ""RL"": ""UNKNOWN"", ""RR"": ""UNKNOWN""}"
23.041666666666,23.233333333332656,24,v003_20260805_224517_157723_manual,21,7,[1],[],NONE,"{""FL"": ""UNKNOWN"", ""FR"": ""UNKNOWN"", ""RL"": ""UNKNOWN"", ""RR"": ""UNKNOWN""}"
23.24166666666599,24.2333333333326,120,v003_20260805_224517_157723_manual,22,7,[2],[],NONE,"{""FL"": ""UNKNOWN"", ""FR"": ""UNKNOWN"", ""RL"": ""UNKNOWN"", ""RR"": ""UNKNOWN""}"
24.24166666666593,24.433333333332588,24,v003_20260805_224517_157723_manual,23,7,[3],[],NONE,"{""FL"": ""UNKNOWN"", ""FR"": ""UNKNOWN"", ""RL"": ""UNKNOWN"", ""RR"": ""UNKNOWN""}"
24.44166666666592,24.899999999999228,56,v003_20260805_224517_157723_manual,24,8,[0],[],NONE,"{""FL"": ""UNKNOWN"", ""FR"": ""UNKNOWN"", ""RL"": ""UNKNOWN"", ""RR"": ""UNKNOWN""}"
24.90833333333256,25.033333333332553,16,v003_20260805_224517_157723_manual,25,8,[1],[],NONE,"{""FL"": ""UNKNOWN"", ""FR"": ""UNKNOWN"", ""RL"": ""UNKNOWN"", ""RR"": ""UNKNOWN""}"
25.041666666665886,25.099999999999216,8,v003_20260805_224517_157723_manual,26,8,[2],[],NONE,"{""FL"": ""UNKNOWN"", ""FR"": ""UNKNOWN"", ""RL"": ""UNKNOWN"", ""RR"": ""UNKNOWN""}"
25.10833333333255,25.16666666666588,8,v003_20260805_224517_157723_manual,27,8,[3],[],NONE,"{""FL"": ""UNKNOWN"", ""FR"": ""UNKNOWN"", ""RL"": ""UNKNOWN"", ""RR"": ""UNKNOWN""}"
25.174999999999212,25.699999999999182,64,v003_20260805_224517_157723_manual,28,8,[4],[],NONE,"{""FL"": ""UNKNOWN"", ""FR"": ""UNKNOWN"", ""RL"": ""UNKNOWN"", ""RR"": ""UNKNOWN""}"
25.708333333332515,26.09999999999916,48,v003_20260805_224517_157723_manual,29,8,[5],[],NONE,"{""FL"": ""UNKNOWN"", ""FR"": ""UNKNOWN"", ""RL"": ""UNKNOWN"", ""RR"": ""UNKNOWN""}"
26.108333333332492,26.299999999999148,24,v003_20260805_224517_157723_manual,30,8,[6],[],NONE,"{""FL"": ""UNKNOWN"", ""FR"": ""UNKNOWN"", ""RL"": ""UNKNOWN"", ""RR"": ""UNKNOWN""}"
26.30833333333248,26.5666666666658,32,v003_20260805_224517_157723_manual,31,9,[0],[],NONE,"{""FL"": ""UNKNOWN"", ""FR"": ""UNKNOWN"", ""RL"": ""UNKNOWN"", ""RR"": ""UNKNOWN""}"
26.574999999999132,26.699999999999125,16,v003_20260805_224517_157723_manual,32,9,[1],[],NONE,"{""FL"": ""UNKNOWN"", ""FR"": ""UNKNOWN"", ""RL"": ""UNKNOWN"", ""RR"": ""UNKNOWN""}"
26.708333333332458,27.099999999999103,48,v003_20260805_224517_157723_manual,33,9,[2],[],NONE,"{""FL"": ""UNKNOWN"", ""FR"": ""UNKNOWN"", ""RL"": ""UNKNOWN"", ""RR"": ""UNKNOWN""}"
27.108333333332435,27.29999999999909,24,v003_20260805_224517_157723_manual,34,9,[3],[],NONE,"{""FL"": ""UNKNOWN"", ""FR"": ""UNKNOWN"", ""RL"": ""UNKNOWN"", ""RR"": ""UNKNOWN""}"
27.308333333332424,27.366666666665754,8,v003_20260805_224517_157723_manual,35,9,[4],[],NONE,"{""FL"": ""UNKNOWN"", ""FR"": ""UNKNOWN"", ""RL"": ""UNKNOWN"", ""RR"": ""UNKNOWN""}"
27.374999999999087,27.49999999999908,16,v003_20260805_224517_157723_manual,36,9,[5],[],NONE,"{""FL"": ""UNKNOWN"", ""FR"": ""UNKNOWN"", ""RL"": ""UNKNOWN"", ""RR"": ""UNKNOWN""}"
27.508333333332413,27.566666666665743,8,v003_20260805_224517_157723_manual,37,9,[6],[],NONE,"{""FL"": ""UNKNOWN"", ""FR"": ""UNKNOWN"", ""RL"": ""UNKNOWN"", ""RR"": ""UNKNOWN""}"
27.574999999999076,59.83333333333058,3872,v003_20260805_224517_157723_manual,38,10,[0],[],NONE,"{""FL"": ""UNKNOWN"", ""FR"": ""UNKNOWN"", ""RL"": ""UNKNOWN"", ""RR"": ""UNKNOWN""}"
59.84166666666391,59.89999999999724,8,v003_20260805_224517_157723_manual,39,10,[1],[],NONE,"{""FL"": ""UNKNOWN"", ""FR"": ""UNKNOWN"", ""RL"": ""UNKNOWN"", ""RR"": ""UNKNOWN""}"
59.908333333330575,61.29999999999716,168,v003_20260805_224517_157723_manual,40,11,[0],[],NONE,"{""FL"": ""UNKNOWN"", ""FR"": ""UNKNOWN"", ""RL"": ""UNKNOWN"", ""RR"": ""UNKNOWN""}"
61.308333333330495,61.366666666663825,8,v003_20260805_224517_157723_manual,41,11,[1],[],NONE,"{""FL"": ""UNKNOWN"", ""FR"": ""UNKNOWN"", ""RL"": ""UNKNOWN"", ""RR"": ""UNKNOWN""}"
61.37499999999716,61.49999999999715,16,v003_20260805_224517_157723_manual,42,12,[0],[],NONE,"{""FL"": ""UNKNOWN"", ""FR"": ""UNKNOWN"", ""RL"": ""UNKNOWN"", ""RR"": ""UNKNOWN""}"
61.508333333330484,61.7666666666638,32,v003_20260805_224517_157723_manual,43,12,[1],[],NONE,"{""FL"": ""UNKNOWN"", ""FR"": ""UNKNOWN"", ""RL"": ""UNKNOWN"", ""RR"": ""UNKNOWN""}"
61.774999999997135,61.96666666666379,24,v003_20260805_224517_157723_manual,44,12,[2],[],NONE,"{""FL"": ""UNKNOWN"", ""FR"": ""UNKNOWN"", ""RL"": ""UNKNOWN"", ""RR"": ""UNKNOWN""}"
61.974999999997124,62.033333333330454,8,v003_20260805_224517_157723_manual,45,12,[3],[],NONE,"{""FL"": ""UNKNOWN"", ""FR"": ""UNKNOWN"", ""RL"": ""UNKNOWN"", ""RR"": ""UNKNOWN""}"
62.04166666666379,62.09999999999712,8,v003_20260805_224517_157723_manual,46,12,[4],[],NONE,"{""FL"": ""UNKNOWN"", ""FR"": ""UNKNOWN"", ""RL"": ""UNKNOWN"", ""RR"": ""UNKNOWN""}"
62.10833333333045,62.16666666666378,8,v003_20260805_224517_157723_manual,47,12,[5],[],NONE,"{""FL"": ""UNKNOWN"", ""FR"": ""UNKNOWN"", ""RL"": ""UNKNOWN"", ""RR"": ""UNKNOWN""}"
62.17499999999711,62.43333333333043,32,v003_20260805_224517_157723_manual,48,12,[6],[],NONE,"{""FL"": ""UNKNOWN"", ""FR"": ""UNKNOWN"", ""RL"": ""UNKNOWN"", ""RR"": ""UNKNOWN""}"
62.441666666663764,62.63333333333042,24,v003_20260805_224517_157723_manual,49,12,[7],[],NONE,"{""FL"": ""UNKNOWN"", ""FR"": ""UNKNOWN"", ""RL"": ""UNKNOWN"", ""RR"": ""UNKNOWN""}"
62.64166666666375,62.69999999999708,8,v003_20260805_224517_157723_manual,50,12,[8],[],NONE,"{""FL"": ""UNKNOWN"", ""FR"": ""UNKNOWN"", ""RL"": ""UNKNOWN"", ""RR"": ""UNKNOWN""}"
62.708333333330415,62.83333333333041,16,v003_20260805_224517_157723_manual,51,12,[9],[],NONE,"{""FL"": ""UNKNOWN"", ""FR"": ""UNKNOWN"", ""RL"": ""UNKNOWN"", ""RR"": ""UNKNOWN""}"
62.84166666666374,62.966666666663734,16,v003_20260805_224517_157723_manual,52,12,[10],[],NONE,"{""FL"": ""UNKNOWN"", ""FR"": ""UNKNOWN"", ""RL"": ""UNKNOWN"", ""RR"": ""UNKNOWN""}"
62.97499999999707,63.0333333333304,8,v003_20260805_224517_157723_manual,53,12,[11],[],NONE,"{""FL"": ""UNKNOWN"", ""FR"": ""UNKNOWN"", ""RL"": ""UNKNOWN"", ""RR"": ""UNKNOWN""}"
63.04166666666373,70.03333333333514,840,v003_20260805_224517_157723_manual,54,13,[0],[],NONE,"{""FL"": ""UNKNOWN"", ""FR"": ""UNKNOWN"", ""RL"": ""UNKNOWN"", ""RR"": ""UNKNOWN""}"
70.04166666666848,70.10000000000186,8,v003_20260805_224517_157723_manual,55,13,[1],[],NONE,"{""FL"": ""UNKNOWN"", ""FR"": ""UNKNOWN"", ""RL"": ""UNKNOWN"", ""RR"": ""UNKNOWN""}"
70.1083333333352,71.70000000000313,192,v003_20260805_224517_157723_manual,56,14,[0],[],NONE,"{""FL"": ""UNKNOWN"", ""FR"": ""UNKNOWN"", ""RL"": ""UNKNOWN"", ""RR"": ""UNKNOWN""}"
71.70833333333647,71.76666666666985,8,v003_20260805_224517_157723_manual,57,14,[1],[],NONE,"{""FL"": ""UNKNOWN"", ""FR"": ""UNKNOWN"", ""RL"": ""UNKNOWN"", ""RR"": ""UNKNOWN""}"
71.77500000000319,71.90000000000329,16,v003_20260805_224517_157723_manual,58,15,[0],[],NONE,"{""FL"": ""UNKNOWN"", ""FR"": ""UNKNOWN"", ""RL"": ""UNKNOWN"", ""RR"": ""UNKNOWN""}"
71.90833333333663,72.03333333333673,16,v003_20260805_224517_157723_manual,59,15,[1],[],NONE,"{""FL"": ""UNKNOWN"", ""FR"": ""UNKNOWN"", ""RL"": ""UNKNOWN"", ""RR"": ""UNKNOWN""}"
72.04166666667007,72.10000000000345,8,v003_20260805_224517_157723_manual,60,15,[2],[],NONE,"{""FL"": ""UNKNOWN"", ""FR"": ""UNKNOWN"", ""RL"": ""UNKNOWN"", ""RR"": ""UNKNOWN""}"
72.10833333333679,72.16666666667017,8,v003_20260805_224517_157723_manual,61,15,[3],[],NONE,"{""FL"": ""UNKNOWN"", ""FR"": ""UNKNOWN"", ""RL"": ""UNKNOWN"", ""RR"": ""UNKNOWN""}"
72.17500000000351,73.16666666667096,120,v003_20260805_224517_157723_manual,62,16,[0],[],NONE,"{""FL"": ""UNKNOWN"", ""FR"": ""UNKNOWN"", ""RL"": ""UNKNOWN"", ""RR"": ""UNKNOWN""}"
73.1750000000043,73.23333333333768,8,v003_20260805_224517_157723_manual,63,16,[1],[],NONE,"{""FL"": ""UNKNOWN"", ""FR"": ""UNKNOWN"", ""RL"": ""UNKNOWN"", ""RR"": ""UNKNOWN""}"
73.24166666667102,74.6333333333388,168,v003_20260805_224517_157723_manual,64,17,[0],[],NONE,"{""FL"": ""UNKNOWN"", ""FR"": ""UNKNOWN"", ""RL"": ""UNKNOWN"", ""RR"": ""UNKNOWN""}"
74.64166666667214,74.70000000000552,8,v003_20260805_224517_157723_manual,65,17,[1],[],NONE,"{""FL"": ""UNKNOWN"", ""FR"": ""UNKNOWN"", ""RL"": ""UNKNOWN"", ""RR"": ""UNKNOWN""}"
74.70833333333886,74.83333333333896,16,v003_20260805_224517_157723_manual,66,18,[0],[],NONE,"{""FL"": ""UNKNOWN"", ""FR"": ""UNKNOWN"", ""RL"": ""UNKNOWN"", ""RR"": ""UNKNOWN""}"
74.8416666666723,74.9666666666724,16,v003_20260805_224517_157723_manual,67,18,[1],[],NONE,"{""FL"": ""UNKNOWN"", ""FR"": ""UNKNOWN"", ""RL"": ""UNKNOWN"", ""RR"": ""UNKNOWN""}"
74.97500000000574,75.03333333333912,8,v003_20260805_224517_157723_manual,68,18,[2],[],NONE,"{""FL"": ""UNKNOWN"", ""FR"": ""UNKNOWN"", ""RL"": ""UNKNOWN"", ""RR"": ""UNKNOWN""}"
75.04166666667246,75.16666666667255,16,v003_20260805_224517_157723_manual,69,18,[3],[],NONE,"{""FL"": ""UNKNOWN"", ""FR"": ""UNKNOWN"", ""RL"": ""UNKNOWN"", ""RR"": ""UNKNOWN""}"
75.1750000000059,75.23333333333927,8,v003_20260805_224517_157723_manual,70,18,[4],[],NONE,"{""FL"": ""UNKNOWN"", ""FR"": ""UNKNOWN"", ""RL"": ""UNKNOWN"", ""RR"": ""UNKNOWN""}"
75.24166666667261,75.300000000006,8,v003_20260805_224517_157723_manual,71,18,[5],[],NONE,"{""FL"": ""UNKNOWN"", ""FR"": ""UNKNOWN"", ""RL"": ""UNKNOWN"", ""RR"": ""UNKNOWN""}"
75.30833333333933,75.36666666667271,8,v003_20260805_224517_157723_manual,72,18,[6],[],NONE,"{""FL"": ""UNKNOWN"", ""FR"": ""UNKNOWN"", ""RL"": ""UNKNOWN"", ""RR"": ""UNKNOWN""}"
75.37500000000605,75.43333333333943,8,v003_20260805_224517_157723_manual,73,18,[7],[],NONE,"{""FL"": ""UNKNOWN"", ""FR"": ""UNKNOWN"", ""RL"": ""UNKNOWN"", ""RR"": ""UNKNOWN""}"
75.44166666667277,75.50000000000615,8,v003_20260805_224517_157723_manual,74,18,[8],[],NONE,"{""FL"": ""UNKNOWN"", ""FR"": ""UNKNOWN"", ""RL"": ""UNKNOWN"", ""RR"": ""UNKNOWN""}"
75.5083333333395,75.63333333333959,16,v003_20260805_224517_157723_manual,75,18,[9],[],NONE,"{""FL"": ""UNKNOWN"", ""FR"": ""UNKNOWN"", ""RL"": ""UNKNOWN"", ""RR"": ""UNKNOWN""}"
75.64166666667293,75.70000000000631,8,v003_20260805_224517_157723_manual,76,19,[0],[],NONE,"{""FL"": ""UNKNOWN"", ""FR"": ""UNKNOWN"", ""RL"": ""UNKNOWN"", ""RR"": ""UNKNOWN""}"
75.70833333333965,76.10000000000663,48,v003_20260805_224517_157723_manual,77,19,[1],[],NONE,"{""FL"": ""UNKNOWN"", ""FR"": ""UNKNOWN"", ""RL"": ""UNKNOWN"", ""RR"": ""UNKNOWN""}"
76.10833333333997,76.23333333334007,16,v003_20260805_224517_157723_manual,78,19,[2],[],NONE,"{""FL"": ""UNKNOWN"", ""FR"": ""UNKNOWN"", ""RL"": ""UNKNOWN"", ""RR"": ""UNKNOWN""}"
76.24166666667341,76.30000000000679,8,v003_20260805_224517_157723_manual,79,20,[0],[],NONE,"{""FL"": ""UNKNOWN"", ""FR"": ""UNKNOWN"", ""RL"": ""UNKNOWN"", ""RR"": ""UNKNOWN""}"
76.30833333334013,76.43333333334023,16,v003_20260805_224517_157723_manual,80,20,[1],[],NONE,"{""FL"": ""UNKNOWN"", ""FR"": ""UNKNOWN"", ""RL"": ""UNKNOWN"", ""RR"": ""UNKNOWN""}"
76.44166666667357,76.76666666667383,40,v003_20260805_224517_157723_manual,81,20,[2],[],NONE,"{""FL"": ""UNKNOWN"", ""FR"": ""UNKNOWN"", ""RL"": ""UNKNOWN"", ""RR"": ""UNKNOWN""}"
76.77500000000717,76.83333333334055,8,v003_20260805_224517_157723_manual,82,20,[3],[],NONE,"{""FL"": ""UNKNOWN"", ""FR"": ""UNKNOWN"", ""RL"": ""UNKNOWN"", ""RR"": ""UNKNOWN""}"
76.84166666667389,76.96666666667399,16,v003_20260805_224517_157723_manual,83,20,[4],[],NONE,"{""FL"": ""UNKNOWN"", ""FR"": ""UNKNOWN"", ""RL"": ""UNKNOWN"", ""RR"": ""UNKNOWN""}"
76.97500000000733,77.0333333333407,8,v003_20260805_224517_157723_manual,84,20,[5],[],NONE,"{""FL"": ""UNKNOWN"", ""FR"": ""UNKNOWN"", ""RL"": ""UNKNOWN"", ""RR"": ""UNKNOWN""}"
77.04166666667405,77.16666666667415,16,v003_20260805_224517_157723_manual,85,20,[6],[],NONE,"{""FL"": ""UNKNOWN"", ""FR"": ""UNKNOWN"", ""RL"": ""UNKNOWN"", ""RR"": ""UNKNOWN""}"
77.17500000000749,77.43333333334103,32,v003_20260805_224517_157723_manual,86,20,[7],[],NONE,"{""FL"": ""UNKNOWN"", ""FR"": ""UNKNOWN"", ""RL"": ""UNKNOWN"", ""RR"": ""UNKNOWN""}"
77.44166666667437,77.63333333334118,24,v003_20260805_224517_157723_manual,87,20,[8],[],NONE,"{""FL"": ""UNKNOWN"", ""FR"": ""UNKNOWN"", ""RL"": ""UNKNOWN"", ""RR"": ""UNKNOWN""}"
77.64166666667452,77.76666666667462,16,v003_20260805_224517_157723_manual,88,20,[9],[],NONE,"{""FL"": ""UNKNOWN"", ""FR"": ""UNKNOWN"", ""RL"": ""UNKNOWN"", ""RR"": ""UNKNOWN""}"
77.77500000000796,77.83333333334134,8,v003_20260805_224517_157723_manual,89,20,[10],[],NONE,"{""FL"": ""UNKNOWN"", ""FR"": ""UNKNOWN"", ""RL"": ""UNKNOWN"", ""RR"": ""UNKNOWN""}"
77.84166666667468,78.0333333333415,24,v003_20260805_224517_157723_manual,90,21,[0],[],NONE,"{""FL"": ""UNKNOWN"", ""FR"": ""UNKNOWN"", ""RL"": ""UNKNOWN"", ""RR"": ""UNKNOWN""}"
78.04166666667484,78.30000000000838,32,v003_20260805_224517_157723_manual,91,21,[1],[],NONE,"{""FL"": ""UNKNOWN"", ""FR"": ""UNKNOWN"", ""RL"": ""UNKNOWN"", ""RR"": ""UNKNOWN""}"
78.30833333334172,78.43333333334182,16,v003_20260805_224517_157723_manual,92,21,[2],[],NONE,"{""FL"": ""UNKNOWN"", ""FR"": ""UNKNOWN"", ""RL"": ""UNKNOWN"", ""RR"": ""UNKNOWN""}"
78.44166666667516,78.56666666667526,16,v003_20260805_224517_157723_manual,93,21,[3],[],NONE,"{""FL"": ""UNKNOWN"", ""FR"": ""UNKNOWN"", ""RL"": ""UNKNOWN"", ""RR"": ""UNKNOWN""}"
78.5750000000086,78.63333333334198,8,v003_20260805_224517_157723_manual,94,21,[4],[],NONE,"{""FL"": ""UNKNOWN"", ""FR"": ""UNKNOWN"", ""RL"": ""UNKNOWN"", ""RR"": ""UNKNOWN""}"
78.64166666667532,78.76666666667542,16,v003_20260805_224517_157723_manual,95,21,[5],[],NONE,"{""FL"": ""UNKNOWN"", ""FR"": ""UNKNOWN"", ""RL"": ""UNKNOWN"", ""RR"": ""UNKNOWN""}"
78.77500000000876,78.83333333334214,8,v003_20260805_224517_157723_manual,96,21,[6],[],NONE,"{""FL"": ""UNKNOWN"", ""FR"": ""UNKNOWN"", ""RL"": ""UNKNOWN"", ""RR"": ""UNKNOWN""}"
78.84166666667548,78.96666666667558,16,v003_20260805_224517_157723_manual,97,21,[7],[],NONE,"{""FL"": ""UNKNOWN"", ""FR"": ""UNKNOWN"", ""RL"": ""UNKNOWN"", ""RR"": ""UNKNOWN""}"
78.97500000000892,79.0333333333423,8,v003_20260805_224517_157723_manual,98,21,[8],[],NONE,"{""FL"": ""UNKNOWN"", ""FR"": ""UNKNOWN"", ""RL"": ""UNKNOWN"", ""RR"": ""UNKNOWN""}"
79.04166666667564,79.10000000000902,8,v003_20260805_224517_157723_manual,99,21,[9],[],NONE,"{""FL"": ""UNKNOWN"", ""FR"": ""UNKNOWN"", ""RL"": ""UNKNOWN"", ""RR"": ""UNKNOWN""}"
79.10833333334236,79.23333333334246,16,v003_20260805_224517_157723_manual,100,21,[10],[],NONE,"{""FL"": ""UNKNOWN"", ""FR"": ""UNKNOWN"", ""RL"": ""UNKNOWN"", ""RR"": ""UNKNOWN""}"
79.2416666666758,79.30000000000918,8,v003_20260805_224517_157723_manual,101,21,[11],[],NONE,"{""FL"": ""UNKNOWN"", ""FR"": ""UNKNOWN"", ""RL"": ""UNKNOWN"", ""RR"": ""UNKNOWN""}"
79.30833333334252,90.50000000001809,1344,v003_20260805_224517_157723_manual,102,22,[0],[],NONE,"{""FL"": ""UNKNOWN"", ""FR"": ""UNKNOWN"", ""RL"": ""UNKNOWN"", ""RR"": ""UNKNOWN""}"
90.50833333335143,90.56666666668481,8,v003_20260805_224517_157723_manual,103,22,[1],[],NONE,"{""FL"": ""UNKNOWN"", ""FR"": ""UNKNOWN"", ""RL"": ""UNKNOWN"", ""RR"": ""UNKNOWN""}"
90.57500000001815,91.96666666668592,168,v003_20260805_224517_157723_manual,104,23,[0],[],NONE,"{""FL"": ""UNKNOWN"", ""FR"": ""UNKNOWN"", ""RL"": ""UNKNOWN"", ""RR"": ""UNKNOWN""}"
91.97500000001926,92.03333333335264,8,v003_20260805_224517_157723_manual,105,23,[1],[],NONE,"{""FL"": ""UNKNOWN"", ""FR"": ""UNKNOWN"", ""RL"": ""UNKNOWN"", ""RR"": ""UNKNOWN""}"
92.04166666668598,92.10000000001936,8,v003_20260805_224517_157723_manual,106,24,[0],[],NONE,"{""FL"": ""UNKNOWN"", ""FR"": ""UNKNOWN"", ""RL"": ""UNKNOWN"", ""RR"": ""UNKNOWN""}"
92.1083333333527,92.30000000001952,24,v003_20260805_224517_157723_manual,107,24,[1],[],NONE,"{""FL"": ""UNKNOWN"", ""FR"": ""UNKNOWN"", ""RL"": ""UNKNOWN"", ""RR"": ""UNKNOWN""}"
92.30833333335286,92.36666666668624,8,v003_20260805_224517_157723_manual,108,24,[2],[],NONE,"{""FL"": ""UNKNOWN"", ""FR"": ""UNKNOWN"", ""RL"": ""UNKNOWN"", ""RR"": ""UNKNOWN""}"
92.37500000001958,92.43333333335296,8,v003_20260805_224517_157723_manual,109,24,[3],[],NONE,"{""FL"": ""UNKNOWN"", ""FR"": ""UNKNOWN"", ""RL"": ""UNKNOWN"", ""RR"": ""UNKNOWN""}"
92.4416666666863,92.50000000001968,8,v003_20260805_224517_157723_manual,110,24,[4],[],NONE,"{""FL"": ""UNKNOWN"", ""FR"": ""UNKNOWN"", ""RL"": ""UNKNOWN"", ""RR"": ""UNKNOWN""}"
92.50833333335302,93.2333333333536,88,v003_20260805_224517_157723_manual,111,24,[5],[],NONE,"{""FL"": ""UNKNOWN"", ""FR"": ""UNKNOWN"", ""RL"": ""UNKNOWN"", ""RR"": ""UNKNOWN""}"
