profile,replay_run_id,plan_sha256,worker_plan_sha256,source_step_index,source_step_id,segment_index_zero_based,event_indices_zero_based,planned_start_s,planned_end_s,actual_start_sim_time,actual_end_sim_time,servo_targets,measured_servo_positions_at_transition,servo_errors,effective_tolerance_deg,recorded_servo_residual_deg,legacy_missing_endpoint,servo_measured_average_velocity_deg_s,sampled_joint_velocity,wheel_target_rad_s,wheel_duration_s,contact_ground_state,completion_extension_s,progress_improvement,gap_reason,stop_reason,last_error
raw,5d60b3f96f014fa9a9544d7b033b5400,2bc2c454b267f7d259b9553f646496f76d8707a9d0e3231ec7f4a5f6b1c3c601,2bc2c454b267f7d259b9553f646496f76d8707a9d0e3231ec7f4a5f6b1c3c601,1,step_001_recorded_height_050mm_dur_6.20s,0,[0],3.599999999996726,3.7306666666633923,5.483333333333396,5.7500000000000755,"{""rear_left_hip"":19.6}","{""rear_left_hip"":19.768117614306476}","{""rear_left_hip"":0.16811761430647465}",1.0,{},True,73.49999999999635,null,"{""front_left_ankle"":0.0,""front_right_ankle"":0.0,""rear_left_ankle"":0.0,""rear_right_ankle"":0.0}",0.0,{},0.13600000000001325,complete,servo_completion_extension,,
raw,5d60b3f96f014fa9a9544d7b033b5400,2bc2c454b267f7d259b9553f646496f76d8707a9d0e3231ec7f4a5f6b1c3c601,2bc2c454b267f7d259b9553f646496f76d8707a9d0e3231ec7f4a5f6b1c3c601,1,step_001_recorded_height_050mm_dur_6.20s,1,[1],3.999999999996362,4.041999999996362,6.083333333333425,6.150000000000095,"{""rear_left_hip"":25.9}","{""rear_left_hip"":26.49793202270652}","{""rear_left_hip"":0.597932022706523}",1.0,{},True,94.49999999999525,null,"{""front_left_ankle"":0.0,""front_right_ankle"":0.0,""rear_left_ankle"":0.0,""rear_right_ankle"":0.0}",0.0,{},0.02466666666667,complete,servo_completion_extension,,
raw,5d60b3f96f014fa9a9544d7b033b5400,2bc2c454b267f7d259b9553f646496f76d8707a9d0e3231ec7f4a5f6b1c3c601,2bc2c454b267f7d259b9553f646496f76d8707a9d0e3231ec7f4a5f6b1c3c601,1,step_001_recorded_height_050mm_dur_6.20s,2,[2],4.19999999999618,4.214666666662847,6.350000000000105,6.416666666666775,"{""rear_left_hip"":28.1}","{""rear_left_hip"":28.532798022576607}","{""rear_left_hip"":0.4327980225766055}",1.0,{},True,32.9999999999984,null,"{""front_left_ankle"":0.0,""front_right_ankle"":0.0,""rear_left_ankle"":0.0,""rear_right_ankle"":0.0}",0.0,{},0.052000000000003294,complete,servo_completion_extension,,
raw,5d60b3f96f014fa9a9544d7b033b5400,2bc2c454b267f7d259b9553f646496f76d8707a9d0e3231ec7f4a5f6b1c3c601,2bc2c454b267f7d259b9553f646496f76d8707a9d0e3231ec7f4a5f6b1c3c601,2,step_002_recorded_height_050mm_dur_5.40s,3,[3],8.599999999992178,8.681333333325512,10.816666666666693,11.21666666666667,"{""front_right_hip"":12.2}","{""front_right_hip"":12.403346805027592}","{""front_right_hip"":0.20334680502759284}",1.0,{},True,30.500000000001734,null,"{""front_left_ankle"":0.0,""front_right_ankle"":0.0,""rear_left_ankle"":0.0,""rear_right_ankle"":0.0}",0.0,{},0.31866666666664395,complete,servo_completion_extension,,
raw,5d60b3f96f014fa9a9544d7b033b5400,2bc2c454b267f7d259b9553f646496f76d8707a9d0e3231ec7f4a5f6b1c3c601,2bc2c454b267f7d259b9553f646496f76d8707a9d0e3231ec7f4a5f6b1c3c601,2,step_002_recorded_height_050mm_dur_5.40s,4,[4],8.999999999991815,9.161999999991815,11.549999999999985,11.883333333333299,"{""front_right_hip"":36.5}","{""front_right_hip"":36.470752048486354}","{""front_right_hip"":-0.029247951513646342}",1.0,{},True,72.90000000000414,null,"{""front_left_ankle"":0.0,""front_right_ankle"":0.0,""rear_left_ankle"":0.0,""rear_right_ankle"":0.0}",0.0,{},0.17133333333331438,complete,servo_completion_extension,,
raw,5d60b3f96f014fa9a9544d7b033b5400,2bc2c454b267f7d259b9553f646496f76d8707a9d0e3231ec7f4a5f6b1c3c601,2bc2c454b267f7d259b9553f646496f76d8707a9d0e3231ec7f4a5f6b1c3c601,2,step_002_recorded_height_050mm_dur_5.40s,5,[5],9.39999999999145,9.449333333324784,12.14999999999995,12.283333333333276,"{""front_right_hip"":43.9}","{""front_right_hip"":44.50603247489948}","{""front_right_hip"":0.6060324748994788}",1.0,{},True,55.50000000000315,null,"{""front_left_ankle"":0.0,""front_right_ankle"":0.0,""rear_left_ankle"":0.0,""rear_right_ankle"":0.0}",0.0,{},0.08399999999999243,complete,servo_completion_extension,,
raw,5d60b3f96f014fa9a9544d7b033b5400,2bc2c454b267f7d259b9553f646496f76d8707a9d0e3231ec7f4a5f6b1c3c601,2bc2c454b267f7d259b9553f646496f76d8707a9d0e3231ec7f4a5f6b1c3c601,3,step_003_recorded_height_050mm_dur_17.40s,6,[6],14.199999999987085,27.19999999997532,17.083333333333005,30.083333333332266,{},{},{},1.0,{},False,0.0,null,"{""front_left_ankle"":0.3,""front_right_ankle"":0.3,""rear_left_ankle"":0.3,""rear_right_ankle"":0.3}",12.999999999988233,{},1.1027623258996755e-11,complete,implicit_timestamp_gap,,
raw,5d60b3f96f014fa9a9544d7b033b5400,2bc2c454b267f7d259b9553f646496f76d8707a9d0e3231ec7f4a5f6b1c3c601,2bc2c454b267f7d259b9553f646496f76d8707a9d0e3231ec7f4a5f6b1c3c601,3,step_003_recorded_height_050mm_dur_17.40s,7,[7],27.19999999997532,27.19999999997532,30.083333333332266,30.083333333332266,{},{},{},1.0,{},False,0.0,null,"{""front_left_ankle"":0.0,""front_right_ankle"":0.0,""rear_left_ankle"":0.0,""rear_right_ankle"":0.0}",0.0,{},0.0,complete,none,,
raw,5d60b3f96f014fa9a9544d7b033b5400,2bc2c454b267f7d259b9553f646496f76d8707a9d0e3231ec7f4a5f6b1c3c601,2bc2c454b267f7d259b9553f646496f76d8707a9d0e3231ec7f4a5f6b1c3c601,4,step_004_recorded_height_050mm_dur_10.13s,8,[8],31.933333333304347,32.04866666663768,34.816666666665334,35.083333333331986,"{""front_right_knee"":17.3}","{""front_right_knee"":17.657661654658515}","{""front_right_knee"":0.3576616546585143}",1.0,{},True,64.8750000000037,null,"{""front_left_ankle"":0.0,""front_right_ankle"":0.0,""rear_left_ankle"":0.0,""rear_right_ankle"":0.0}",0.0,{},0.15133333333331817,complete,servo_completion_extension,,
raw,5d60b3f96f014fa9a9544d7b033b5400,2bc2c454b267f7d259b9553f646496f76d8707a9d0e3231ec7f4a5f6b1c3c601,2bc2c454b267f7d259b9553f646496f76d8707a9d0e3231ec7f4a5f6b1c3c601,4,step_004_recorded_height_050mm_dur_10.13s,9,[9],32.33333333330398,32.38266666663732,35.4166666666653,35.549999999998626,"{""front_right_knee"":24.7}","{""front_right_knee"":24.9156170346527}","{""front_right_knee"":0.215617034652702}",1.0,{},True,55.50000000000315,null,"{""front_left_ankle"":0.0,""front_right_ankle"":0.0,""rear_left_ankle"":0.0,""rear_right_ankle"":0.0}",0.0,{},0.08399999999999243,complete,servo_completion_extension,,
raw,5d60b3f96f014fa9a9544d7b033b5400,2bc2c454b267f7d259b9553f646496f76d8707a9d0e3231ec7f4a5f6b1c3c601,2bc2c454b267f7d259b9553f646496f76d8707a9d0e3231ec7f4a5f6b1c3c601,4,step_004_recorded_height_050mm_dur_10.13s,10,[10],33.93333333330253,33.989333333302525,37.149999999998535,37.34999999999852,"{""front_right_hip"":35.5}","{""front_right_hip"":35.746027996412984}","{""front_right_hip"":0.2460279964129839}",1.0,{},True,42.00000000000238,null,"{""front_left_ankle"":0.0,""front_right_ankle"":0.0,""rear_left_ankle"":0.0,""rear_right_ankle"":0.0}",0.0,{},0.14399999999998864,complete,servo_completion_extension,,
raw,5d60b3f96f014fa9a9544d7b033b5400,2bc2c454b267f7d259b9553f646496f76d8707a9d0e3231ec7f4a5f6b1c3c601,2bc2c454b267f7d259b9553f646496f76d8707a9d0e3231ec7f4a5f6b1c3c601,4,step_004_recorded_height_050mm_dur_10.13s,11,[11],34.333333333302164,34.54533333330217,37.7499999999985,38.083333333331815,"{""front_right_hip"":3.7}","{""front_right_hip"":3.4470217723405976}","{""front_right_hip"":-0.2529782276594026}",1.0,{},True,95.40000000000542,null,"{""front_left_ankle"":0.0,""front_right_ankle"":0.0,""rear_left_ankle"":0.0,""rear_right_ankle"":0.0}",0.0,{},0.12133333333331439,complete,servo_completion_extension,,
raw,5d60b3f96f014fa9a9544d7b033b5400,2bc2c454b267f7d259b9553f646496f76d8707a9d0e3231ec7f4a5f6b1c3c601,2bc2c454b267f7d259b9553f646496f76d8707a9d0e3231ec7f4a5f6b1c3c601,4,step_004_recorded_height_050mm_dur_10.13s,12,[12],34.7333333333018,34.7613333333018,38.283333333331804,38.34999999999847,"{""front_right_hip"":-0.5}","{""front_right_hip"":-0.6106428157937083}","{""front_right_hip"":-0.11064281579370827}",1.0,{},True,63.00000000000358,null,"{""front_left_ankle"":0.0,""front_right_ankle"":0.0,""rear_left_ankle"":0.0,""rear_right_ankle"":0.0}",0.0,{},0.03866666666666288,complete,servo_completion_extension,,
raw,5d60b3f96f014fa9a9544d7b033b5400,2bc2c454b267f7d259b9553f646496f76d8707a9d0e3231ec7f4a5f6b1c3c601,2bc2c454b267f7d259b9553f646496f76d8707a9d0e3231ec7f4a5f6b1c3c601,4,step_004_recorded_height_050mm_dur_10.13s,13,[13],35.13333333330144,35.14733333330144,38.749999999998444,38.88333333333177,"{""front_right_hip"":-2.6}","{""front_right_hip"":-3.086917974263194}","{""front_right_hip"":-0.4869179742631937}",1.0,{},True,15.750000000000895,null,"{""front_left_ankle"":0.0,""front_right_ankle"":0.0,""rear_left_ankle"":0.0,""rear_right_ankle"":0.0}",0.0,{},0.11933333333332576,complete,servo_completion_extension,,
raw,5d60b3f96f014fa9a9544d7b033b5400,2bc2c454b267f7d259b9553f646496f76d8707a9d0e3231ec7f4a5f6b1c3c601,2bc2c454b267f7d259b9553f646496f76d8707a9d0e3231ec7f4a5f6b1c3c601,4,step_004_recorded_height_050mm_dur_10.13s,14,[14],35.93333333330071,35.96133333330071,39.683333333331724,39.88333333333171,"{""front_right_hip"":1.6}","{""front_right_hip"":2.31269810593073}","{""front_right_hip"":0.7126981059307302}",1.0,{},True,21.000000000001194,null,"{""front_left_ankle"":0.0,""front_right_ankle"":0.0,""rear_left_ankle"":0.0,""rear_right_ankle"":0.0}",0.0,{},0.17199999999998863,complete,servo_completion_extension,,
raw,5d60b3f96f014fa9a9544d7b033b5400,2bc2c454b267f7d259b9553f646496f76d8707a9d0e3231ec7f4a5f6b1c3c601,2bc2c454b267f7d259b9553f646496f76d8707a9d0e3231ec7f4a5f6b1c3c601,4,step_004_recorded_height_050mm_dur_10.13s,15,[15],36.333333333300345,36.34733333330035,40.28333333333169,40.34999999999835,"{""front_right_hip"":3.7}","{""front_right_hip"":3.784533435742662}","{""front_right_hip"":0.08453343574266192}",1.0,{},True,31.50000000000179,null,"{""front_left_ankle"":0.0,""front_right_ankle"":0.0,""rear_left_ankle"":0.0,""rear_right_ankle"":0.0}",0.0,{},0.05266666666666288,complete,servo_completion_extension,,
raw,5d60b3f96f014fa9a9544d7b033b5400,2bc2c454b267f7d259b9553f646496f76d8707a9d0e3231ec7f4a5f6b1c3c601,2bc2c454b267f7d259b9553f646496f76d8707a9d0e3231ec7f4a5f6b1c3c601,5,step_005_recorded_height_050mm_dur_21.20s,16,"[16,17,18,19,20,21,22,23,24]",56.333333333282155,57.533333333281064,60.349999999997216,61.54999999999715,"{""front_left_hip"":0.0,""front_left_knee"":-14.5,""front_right_hip"":3.7,""front_right_knee"":24.7,""rear_left_hip"":28.1,""rear_left_knee"":0.0,""rear_right_hip"":0.0,""rear_right_knee"":0.0}","{""front_left_hip"":-0.0777110123494348,""front_left_knee"":-15.288321135118885,""front_right_hip"":3.5828247160606685,""front_right_knee"":24.638545288329258,""rear_left_hip"":28.030920845005948,""rear_left_knee"":0.13040668072915107,""rear_right_hip"":0.04395146689623869,""rear_right_knee"":0.2041001129847177}","{""front_left_hip"":-0.0777110123494348,""front_left_knee"":-0.7883211351188848,""front_right_hip"":-0.11717528393933163,""front_right_knee"":-0.06145471167074135,""rear_left_hip"":-0.06907915499405348,""rear_left_knee"":0.13040668072915107,""rear_right_hip"":0.04395146689623869,""rear_right_knee"":0.2041001129847177}",1.0,{},True,12.08333333333402,null,"{""front_left_ankle"":-1.05,""front_right_ankle"":0.0,""rear_left_ankle"":0.0,""rear_right_ankle"":0.0}",1.1999999999989086,{},1.0231815394945443e-12,complete,implicit_timestamp_gap,,
raw,5d60b3f96f014fa9a9544d7b033b5400,2bc2c454b267f7d259b9553f646496f76d8707a9d0e3231ec7f4a5f6b1c3c601,2bc2c454b267f7d259b9553f646496f76d8707a9d0e3231ec7f4a5f6b1c3c601,5,step_005_recorded_height_050mm_dur_21.20s,17,[25],57.533333333281064,57.533333333281064,61.54999999999715,61.54999999999715,{},{},{},1.0,{},False,0.0,null,"{""front_left_ankle"":0.0,""front_right_ankle"":0.0,""rear_left_ankle"":0.0,""rear_right_ankle"":0.0}",0.0,{},0.0,complete,none,,
raw,5d60b3f96f014fa9a9544d7b033b5400,2bc2c454b267f7d259b9553f646496f76d8707a9d0e3231ec7f4a5f6b1c3c601,2bc2c454b267f7d259b9553f646496f76d8707a9d0e3231ec7f4a5f6b1c3c601,6,step_006_recorded_height_050mm_dur_8.40s,18,[26],62.93333333327615,66.53333333327288,66.94999999999935,70.55000000000221,{},{},{},1.0,{},False,0.0,null,"{""front_left_ankle"":0.3,""front_right_ankle"":0.3,""rear_left_ankle"":0.3,""rear_right_ankle"":0.3}",3.599999999996726,{},6.139089236967266e-12,complete,implicit_timestamp_gap,,
raw,5d60b3f96f014fa9a9544d7b033b5400,2bc2c454b267f7d259b9553f646496f76d8707a9d0e3231ec7f4a5f6b1c3c601,2bc2c454b267f7d259b9553f646496f76d8707a9d0e3231ec7f4a5f6b1c3c601,6,step_006_recorded_height_050mm_dur_8.40s,19,[27],66.53333333327288,66.53333333327288,70.55000000000221,70.55000000000221,{},{},{},1.0,{},False,0.0,null,"{""front_left_ankle"":0.0,""front_right_ankle"":0.0,""rear_left_ankle"":0.0,""rear_right_ankle"":0.0}",0.0,{},0.0,complete,none,,
raw,5d60b3f96f014fa9a9544d7b033b5400,2bc2c454b267f7d259b9553f646496f76d8707a9d0e3231ec7f4a5f6b1c3c601,2bc2c454b267f7d259b9553f646496f76d8707a9d0e3231ec7f4a5f6b1c3c601,7,step_007_recorded_height_050mm_dur_11.40s,20,[28],74.13333333326597,74.1406666665993,78.15000000000826,78.21666666667498,"{""rear_left_hip"":27.0}","{""rear_left_hip"":26.408285273283585}","{""rear_left_hip"":-0.5917147267164147}",1.0,{},True,16.49999999998689,null,"{""front_left_ankle"":0.0,""front_right_ankle"":0.0,""rear_left_ankle"":0.0,""rear_right_ankle"":0.0}",0.0,{},0.059333333333386376,complete,servo_completion_extension,,
raw,5d60b3f96f014fa9a9544d7b033b5400,2bc2c454b267f7d259b9553f646496f76d8707a9d0e3231ec7f4a5f6b1c3c601,2bc2c454b267f7d259b9553f646496f76d8707a9d0e3231ec7f4a5f6b1c3c601,7,step_007_recorded_height_050mm_dur_11.40s,21,[29],74.5333333332656,74.60399999993227,78.6166666666753,78.81666666667546,"{""rear_left_hip"":16.4}","{""rear_left_hip"":16.25358737823901}","{""rear_left_hip"":-0.14641262176098735}",1.0,{},True,52.99999999995782,null,"{""front_left_ankle"":0.0,""front_right_ankle"":0.0,""rear_left_ankle"":0.0,""rear_right_ankle"":0.0}",0.0,{},0.1293333333334925,complete,servo_completion_extension,,
raw,5d60b3f96f014fa9a9544d7b033b5400,2bc2c454b267f7d259b9553f646496f76d8707a9d0e3231ec7f4a5f6b1c3c601,2bc2c454b267f7d259b9553f646496f76d8707a9d0e3231ec7f4a5f6b1c3c601,7,step_007_recorded_height_050mm_dur_11.40s,22,[30],74.93333333326524,75.02533333326524,79.15000000000906,79.9500000000097,"{""rear_left_hip"":2.6}","{""rear_left_hip"":2.19240478618098}","{""rear_left_hip"":-0.40759521381902}",1.0,{},True,17.249999999986272,null,"{""front_left_ankle"":0.0,""front_right_ankle"":0.0,""rear_left_ankle"":0.0,""rear_right_ankle"":0.0}",0.0,{},0.7080000000006367,complete,servo_completion_extension,,
raw,5d60b3f96f014fa9a9544d7b033b5400,2bc2c454b267f7d259b9553f646496f76d8707a9d0e3231ec7f4a5f6b1c3c601,2bc2c454b267f7d259b9553f646496f76d8707a9d0e3231ec7f4a5f6b1c3c601,7,step_007_recorded_height_050mm_dur_11.40s,23,[31],75.33333333326487,75.33999999993154,80.2833333333433,80.35000000001001,"{""rear_left_hip"":1.6}","{""rear_left_hip"":2.06243320769378}","{""rear_left_hip"":0.4624332076937796}",1.0,{},True,14.999999999988063,null,"{""front_left_ankle"":0.0,""front_right_ankle"":0.0,""rear_left_ankle"":0.0,""rear_right_ankle"":0.0}",0.0,{},0.06000000000005305,complete,servo_completion_extension,,
raw,5d60b3f96f014fa9a9544d7b033b5400,2bc2c454b267f7d259b9553f646496f76d8707a9d0e3231ec7f4a5f6b1c3c601,2bc2c454b267f7d259b9553f646496f76d8707a9d0e3231ec7f4a5f6b1c3c601,8,step_008_recorded_height_050mm_dur_14.20s,24,[32],88.9333333332525,89.00399999991917,93.95000000002084,94.35000000002115,"{""front_left_knee"":-25.1}","{""front_left_knee"":-25.523818936604677}","{""front_left_knee"":-0.4238189366046754}",1.0,{},True,26.49999999997891,null,"{""front_left_ankle"":0.0,""front_right_ankle"":0.0,""rear_left_ankle"":0.0,""rear_right_ankle"":0.0}",0.0,{},0.32933333333365167,complete,servo_completion_extension,,
raw,5d60b3f96f014fa9a9544d7b033b5400,2bc2c454b267f7d259b9553f646496f76d8707a9d0e3231ec7f4a5f6b1c3c601,2bc2c454b267f7d259b9553f646496f76d8707a9d0e3231ec7f4a5f6b1c3c601,8,step_008_recorded_height_050mm_dur_14.20s,25,[33],89.33333333325214,89.35399999991881,94.68333333335475,94.81666666668819,"{""front_left_knee"":-28.2}","{""front_left_knee"":-28.660252048758288}","{""front_left_knee"":-0.4602520487582886}",1.0,{},True,23.249999999981483,null,"{""front_left_ankle"":0.0,""front_right_ankle"":0.0,""rear_left_ankle"":0.0,""rear_right_ankle"":0.0}",0.0,{},0.11266666666677279,complete,servo_completion_extension,,
raw,5d60b3f96f014fa9a9544d7b033b5400,2bc2c454b267f7d259b9553f646496f76d8707a9d0e3231ec7f4a5f6b1c3c601,2bc2c454b267f7d259b9553f646496f76d8707a9d0e3231ec7f4a5f6b1c3c601,8,step_008_recorded_height_050mm_dur_14.20s,26,[34],89.73333333325178,89.74066666658511,95.21666666668851,95.35000000002195,"{""front_left_knee"":-29.3}","{""front_left_knee"":-28.96576128769108}","{""front_left_knee"":0.3342387123089203}",1.0,{},True,8.249999999993445,null,"{""front_left_ankle"":0.0,""front_right_ankle"":0.0,""rear_left_ankle"":0.0,""rear_right_ankle"":0.0}",0.0,{},0.1260000000001061,complete,servo_completion_extension,,
raw,5d60b3f96f014fa9a9544d7b033b5400,2bc2c454b267f7d259b9553f646496f76d8707a9d0e3231ec7f4a5f6b1c3c601,2bc2c454b267f7d259b9553f646496f76d8707a9d0e3231ec7f4a5f6b1c3c601,8,step_008_recorded_height_050mm_dur_14.20s,27,[35],90.93333333325069,90.95066666658403,96.5500000000229,96.61666666668962,"{""front_left_hip"":2.6}","{""front_left_hip"":2.1606883756227355}","{""front_left_hip"":-0.43931162437726456}",1.0,{},True,38.99999999996896,null,"{""front_left_ankle"":0.0,""front_right_ankle"":0.0,""rear_left_ankle"":0.0,""rear_right_ankle"":0.0}",0.0,{},0.04933333333338639,complete,servo_completion_extension,,
raw,5d60b3f96f014fa9a9544d7b033b5400,2bc2c454b267f7d259b9553f646496f76d8707a9d0e3231ec7f4a5f6b1c3c601,2bc2c454b267f7d259b9553f646496f76d8707a9d0e3231ec7f4a5f6b1c3c601,8,step_008_recorded_height_050mm_dur_14.20s,28,[36],91.33333333325032,91.54533333325033,97.01666666668994,97.5500000000237,"{""front_left_hip"":34.4}","{""front_left_hip"":34.76994697811966}","{""front_left_hip"":0.36994697811966404}",1.0,{},True,59.62499999995255,null,"{""front_left_ankle"":0.0,""front_right_ankle"":0.0,""rear_left_ankle"":0.0,""rear_right_ankle"":0.0}",0.0,{},0.3213333333337578,complete,servo_completion_extension,,
raw,5d60b3f96f014fa9a9544d7b033b5400,2bc2c454b267f7d259b9553f646496f76d8707a9d0e3231ec7f4a5f6b1c3c601,2bc2c454b267f7d259b9553f646496f76d8707a9d0e3231ec7f4a5f6b1c3c601,8,step_008_recorded_height_050mm_dur_14.20s,29,[37],91.73333333324996,91.81799999991662,97.75000000002386,98.15000000002418,"{""front_left_hip"":47.1}","{""front_left_hip"":47.528941838284}","{""front_left_hip"":0.4289418382839969}",1.0,{},True,31.74999999997474,null,"{""front_left_ankle"":0.0,""front_right_ankle"":0.0,""rear_left_ankle"":0.0,""rear_right_ankle"":0.0}",0.0,{},0.31533333333365166,complete,servo_completion_extension,,
raw,5d60b3f96f014fa9a9544d7b033b5400,2bc2c454b267f7d259b9553f646496f76d8707a9d0e3231ec7f4a5f6b1c3c601,2bc2c454b267f7d259b9553f646496f76d8707a9d0e3231ec7f4a5f6b1c3c601,8,step_008_recorded_height_050mm_dur_14.20s,30,[38],92.1333333332496,92.17599999991626,98.48333333335778,98.68333333335794,"{""front_left_hip"":53.5}","{""front_left_hip"":54.11585674553382}","{""front_left_hip"":0.6158567455338186}",1.0,{},True,31.999999999974527,null,"{""front_left_ankle"":0.0,""front_right_ankle"":0.0,""rear_left_ankle"":0.0,""rear_right_ankle"":0.0}",0.0,{},0.1573333333334925,complete,servo_completion_extension,,
raw,5d60b3f96f014fa9a9544d7b033b5400,2bc2c454b267f7d259b9553f646496f76d8707a9d0e3231ec7f4a5f6b1c3c601,2bc2c454b267f7d259b9553f646496f76d8707a9d0e3231ec7f4a5f6b1c3c601,9,step_009_recorded_height_050mm_dur_10.60s,31,[39],97.26666666657826,97.37933333324493,103.81666666669535,104.08333333336223,"{""front_left_knee"":-12.4}","{""front_left_knee"":-11.60936438964387}","{""front_left_knee"":0.7906356103561301}",1.0,{},True,63.37499999994956,null,"{""front_left_ankle"":0.0,""front_right_ankle"":0.0,""rear_left_ankle"":0.0,""rear_right_ankle"":0.0}",0.0,{},0.15400000000021224,complete,servo_completion_extension,,
raw,5d60b3f96f014fa9a9544d7b033b5400,2bc2c454b267f7d259b9553f646496f76d8707a9d0e3231ec7f4a5f6b1c3c601,2bc2c454b267f7d259b9553f646496f76d8707a9d0e3231ec7f4a5f6b1c3c601,9,step_009_recorded_height_050mm_dur_10.60s,32,[40],97.6666666665779,97.69533333324456,104.41666666669583,104.48333333336255,"{""front_left_knee"":-8.1}","{""front_left_knee"":-8.188517931582698}","{""front_left_knee"":-0.0885179315826985}",1.0,{},True,64.49999999994868,null,"{""front_left_ankle"":0.0,""front_right_ankle"":0.0,""rear_left_ankle"":0.0,""rear_right_ankle"":0.0}",0.0,{},0.03800000000005305,complete,servo_completion_extension,,
raw,5d60b3f96f014fa9a9544d7b033b5400,2bc2c454b267f7d259b9553f646496f76d8707a9d0e3231ec7f4a5f6b1c3c601,2bc2c454b267f7d259b9553f646496f76d8707a9d0e3231ec7f4a5f6b1c3c601,9,step_009_recorded_height_050mm_dur_10.60s,33,[41],98.99999999991002,99.07799999991002,105.81666666669695,106.21666666669726,"{""front_left_hip"":41.8}","{""front_left_hip"":41.27169284151401}","{""front_left_hip"":-0.5283071584859869}",1.0,{},True,29.24999999997673,null,"{""front_left_ankle"":0.0,""front_right_ankle"":0.0,""rear_left_ankle"":0.0,""rear_right_ankle"":0.0}",0.0,{},0.3220000000003183,complete,servo_completion_extension,,
raw,5d60b3f96f014fa9a9544d7b033b5400,2bc2c454b267f7d259b9553f646496f76d8707a9d0e3231ec7f4a5f6b1c3c601,2bc2c454b267f7d259b9553f646496f76d8707a9d0e3231ec7f4a5f6b1c3c601,9,step_009_recorded_height_050mm_dur_10.60s,34,[42],99.39999999990965,99.44933333324299,106.55000000003086,106.75000000003102,"{""front_left_hip"":34.4}","{""front_left_hip"":33.89498608506269}","{""front_left_hip"":-0.5050139149373081}",1.0,{},True,36.99999999997055,null,"{""front_left_ankle"":0.0,""front_right_ankle"":0.0,""rear_left_ankle"":0.0,""rear_right_ankle"":0.0}",0.0,{},0.15066666666682582,complete,servo_completion_extension,,
raw,5d60b3f96f014fa9a9544d7b033b5400,2bc2c454b267f7d259b9553f646496f76d8707a9d0e3231ec7f4a5f6b1c3c601,2bc2c454b267f7d259b9553f646496f76d8707a9d0e3231ec7f4a5f6b1c3c601,9,step_009_recorded_height_050mm_dur_10.60s,35,[43],99.79999999990929,99.80666666657595,107.15000000003134,107.21666666669806,"{""front_left_hip"":33.4}","{""front_left_hip"":32.92202222269979}","{""front_left_hip"":-0.47797777730021096}",1.0,{},True,14.999999999988063,null,"{""front_left_ankle"":0.0,""front_right_ankle"":0.0,""rear_left_ankle"":0.0,""rear_right_ankle"":0.0}",0.0,{},0.06000000000005305,complete,servo_completion_extension,,
raw,5d60b3f96f014fa9a9544d7b033b5400,2bc2c454b267f7d259b9553f646496f76d8707a9d0e3231ec7f4a5f6b1c3c601,2bc2c454b267f7d259b9553f646496f76d8707a9d0e3231ec7f4a5f6b1c3c601,9,step_009_recorded_height_050mm_dur_10.60s,36,[44],101.93333333324068,101.95466666657401,109.35000000003309,109.48333333336653,"{""front_left_hip"":30.2}","{""front_left_hip"":29.713513539329615}","{""front_left_hip"":-0.4864864606703847}",1.0,{},True,23.999999999980897,null,"{""front_left_ankle"":0.0,""front_right_ankle"":0.0,""rear_left_ankle"":0.0,""rear_right_ankle"":0.0}",0.0,{},0.11200000000010611,complete,servo_completion_extension,,
raw,5d60b3f96f014fa9a9544d7b033b5400,2bc2c454b267f7d259b9553f646496f76d8707a9d0e3231ec7f4a5f6b1c3c601,2bc2c454b267f7d259b9553f646496f76d8707a9d0e3231ec7f4a5f6b1c3c601,9,step_009_recorded_height_050mm_dur_10.60s,37,[45],102.33333333324032,102.34733333324031,109.88333333336685,109.95000000003357,"{""front_left_hip"":28.1}","{""front_left_hip"":27.553613063380237}","{""front_left_hip"":-0.5463869366197649}",1.0,{},True,31.4999999999749,null,"{""front_left_ankle"":0.0,""front_right_ankle"":0.0,""rear_left_ankle"":0.0,""rear_right_ankle"":0.0}",0.0,{},0.052666666666719736,complete,servo_completion_extension,,
raw,5d60b3f96f014fa9a9544d7b033b5400,2bc2c454b267f7d259b9553f646496f76d8707a9d0e3231ec7f4a5f6b1c3c601,2bc2c454b267f7d259b9553f646496f76d8707a9d0e3231ec7f4a5f6b1c3c601,10,step_010_recorded_height_050mm_dur_36.80s,38,[46],107.13333333323595,139.39999999987327,114.75000000003739,147.0166666666973,{},{},{},1.0,{},False,0.0,null,"{""front_left_ankle"":0.3,""front_right_ankle"":0.3,""rear_left_ankle"":0.3,""rear_right_ankle"":0.3}",32.26666666663732,{},2.2581048142455984e-11,complete,implicit_timestamp_gap,,
raw,5d60b3f96f014fa9a9544d7b033b5400,2bc2c454b267f7d259b9553f646496f76d8707a9d0e3231ec7f4a5f6b1c3c601,2bc2c454b267f7d259b9553f646496f76d8707a9d0e3231ec7f4a5f6b1c3c601,10,step_010_recorded_height_050mm_dur_36.80s,39,[47],139.39999999987327,139.39999999987327,147.0166666666973,147.0166666666973,{},{},{},1.0,{},False,0.0,null,"{""front_left_ankle"":0.0,""front_right_ankle"":0.0,""rear_left_ankle"":0.0,""rear_right_ankle"":0.0}",0.0,{},0.0,complete,none,,
raw,5d60b3f96f014fa9a9544d7b033b5400,2bc2c454b267f7d259b9553f646496f76d8707a9d0e3231ec7f4a5f6b1c3c601,2bc2c454b267f7d259b9553f646496f76d8707a9d0e3231ec7f4a5f6b1c3c601,11,step_011_recorded_height_050mm_dur_20.00s,40,"[48,49,50,51,52,53,54,55,56]",155.93333333319157,157.3333333331903,163.5500000000156,164.9500000000143,"{""front_left_hip"":28.1,""front_left_knee"":-8.1,""front_right_hip"":3.7,""front_right_knee"":-10.2,""rear_left_hip"":1.6,""rear_left_knee"":0.0,""rear_right_hip"":0.0,""rear_right_knee"":0.0}","{""front_left_hip"":27.990050198513007,""front_left_knee"":-8.217889452561044,""front_right_hip"":2.9154770277797533,""front_right_knee"":-10.703405406745363,""rear_left_hip"":1.4953079800339288,""rear_left_knee"":0.3024379616631746,""rear_right_hip"":-0.08167228048511838,""rear_right_knee"":0.026370933498596122}","{""front_left_hip"":-0.1099498014869944,""front_left_knee"":-0.11788945256104455,""front_right_hip"":-0.7845229722202469,""front_right_knee"":-0.5034054067453635,""rear_left_hip"":-0.10469201996607125,""rear_left_knee"":0.3024379616631746,""rear_right_hip"":-0.08167228048511838,""rear_right_knee"":0.026370933498596122}",1.0,{},True,24.9285714285941,null,"{""front_left_ankle"":0.0,""front_right_ankle"":-2.09,""rear_left_ankle"":0.0,""rear_right_ankle"":0.0}",1.3999999999987267,{},0.0,complete,implicit_timestamp_gap,,
raw,5d60b3f96f014fa9a9544d7b033b5400,2bc2c454b267f7d259b9553f646496f76d8707a9d0e3231ec7f4a5f6b1c3c601,2bc2c454b267f7d259b9553f646496f76d8707a9d0e3231ec7f4a5f6b1c3c601,11,step_011_recorded_height_050mm_dur_20.00s,41,[57],157.3333333331903,157.3333333331903,164.9500000000143,164.9500000000143,{},{},{},1.0,{},False,0.0,null,"{""front_left_ankle"":0.0,""front_right_ankle"":0.0,""rear_left_ankle"":0.0,""rear_right_ankle"":0.0}",0.0,{},0.0,complete,none,,
raw,5d60b3f96f014fa9a9544d7b033b5400,2bc2c454b267f7d259b9553f646496f76d8707a9d0e3231ec7f4a5f6b1c3c601,2bc2c454b267f7d259b9553f646496f76d8707a9d0e3231ec7f4a5f6b1c3c601,12,step_012_recorded_height_050mm_dur_12.40s,42,[58],166.73333333318175,166.76599999984842,174.35000000000576,174.48333333333898,"{""rear_right_knee"":-4.9}","{""rear_right_knee"":-4.548060907274377}","{""rear_right_knee"":0.3519390927256234}",1.0,{},True,36.750000000033424,null,"{""front_left_ankle"":0.0,""front_right_ankle"":0.0,""rear_left_ankle"":0.0,""rear_right_ankle"":0.0}",0.0,{},0.10066666666654539,complete,servo_completion_extension,,
raw,5d60b3f96f014fa9a9544d7b033b5400,2bc2c454b267f7d259b9553f646496f76d8707a9d0e3231ec7f4a5f6b1c3c601,2bc2c454b267f7d259b9553f646496f76d8707a9d0e3231ec7f4a5f6b1c3c601,12,step_012_recorded_height_050mm_dur_12.40s,43,[59],166.93333333318157,167.0746666665149,174.6833333333388,174.95000000000522,"{""rear_right_knee"":-26.1}","{""rear_right_knee"":-25.86608183115671}","{""rear_right_knee"":0.2339181688432923}",1.0,{},True,79.5000000000723,null,"{""front_left_ankle"":0.0,""front_right_ankle"":0.0,""rear_left_ankle"":0.0,""rear_right_ankle"":0.0}",0.0,{},0.1253333333330908,complete,servo_completion_extension,,
raw,5d60b3f96f014fa9a9544d7b033b5400,2bc2c454b267f7d259b9553f646496f76d8707a9d0e3231ec7f4a5f6b1c3c601,2bc2c454b267f7d259b9553f646496f76d8707a9d0e3231ec7f4a5f6b1c3c601,12,step_012_recorded_height_050mm_dur_12.40s,44,[60],167.13333333318138,167.2113333331814,175.01666666667182,175.21666666667164,"{""rear_right_knee"":-37.8}","{""rear_right_knee"":-37.15910195180366}","{""rear_right_knee"":0.640898048196334}",1.0,{},True,58.500000000053184,null,"{""front_left_ankle"":0.0,""front_right_ankle"":0.0,""rear_left_ankle"":0.0,""rear_right_ankle"":0.0}",0.0,{},0.12199999999981813,complete,servo_completion_extension,,
raw,5d60b3f96f014fa9a9544d7b033b5400,2bc2c454b267f7d259b9553f646496f76d8707a9d0e3231ec7f4a5f6b1c3c601,2bc2c454b267f7d259b9553f646496f76d8707a9d0e3231ec7f4a5f6b1c3c601,12,step_012_recorded_height_050mm_dur_12.40s,45,[61],167.3333333331812,167.3473333331812,175.35000000000485,175.41666666667146,"{""rear_right_knee"":-39.9}","{""rear_right_knee"":-40.047709046255804}","{""rear_right_knee"":-0.14770904625580528}",1.0,{},True,31.50000000002867,null,"{""front_left_ankle"":0.0,""front_right_ankle"":0.0,""rear_left_ankle"":0.0,""rear_right_ankle"":0.0}",0.0,{},0.05266666666660602,complete,servo_completion_extension,,
raw,5d60b3f96f014fa9a9544d7b033b5400,2bc2c454b267f7d259b9553f646496f76d8707a9d0e3231ec7f4a5f6b1c3c601,2bc2c454b267f7d259b9553f646496f76d8707a9d0e3231ec7f4a5f6b1c3c601,12,step_012_recorded_height_050mm_dur_12.40s,46,[62],167.93333333318066,167.93999999984732,176.01666666667091,176.15000000000413,"{""rear_right_knee"":-40.9}","{""rear_right_knee"":-40.70142411933293}","{""rear_right_knee"":0.19857588066707166}",1.0,{},True,7.500000000006821,null,"{""front_left_ankle"":0.0,""front_right_ankle"":0.0,""rear_left_ankle"":0.0,""rear_right_ankle"":0.0}",0.0,{},0.1266666666665454,complete,servo_completion_extension,,
raw,5d60b3f96f014fa9a9544d7b033b5400,2bc2c454b267f7d259b9553f646496f76d8707a9d0e3231ec7f4a5f6b1c3c601,2bc2c454b267f7d259b9553f646496f76d8707a9d0e3231ec7f4a5f6b1c3c601,12,step_012_recorded_height_050mm_dur_12.40s,47,[63],170.13333333317865,170.13666666651199,178.35000000000213,178.41666666666873,"{""rear_right_hip"":-0.5}","{""rear_right_hip"":-0.5941711236629218}","{""rear_right_hip"":-0.09417112366292178}",1.0,{},True,7.500000000006821,null,"{""front_left_ankle"":0.0,""front_right_ankle"":0.0,""rear_left_ankle"":0.0,""rear_right_ankle"":0.0}",0.0,{},0.0633333333332727,complete,servo_completion_extension,,
raw,5d60b3f96f014fa9a9544d7b033b5400,2bc2c454b267f7d259b9553f646496f76d8707a9d0e3231ec7f4a5f6b1c3c601,2bc2c454b267f7d259b9553f646496f76d8707a9d0e3231ec7f4a5f6b1c3c601,12,step_012_recorded_height_050mm_dur_12.40s,48,[64],170.13666666651199,170.17933333317865,178.41666666666873,178.55000000000194,"{""rear_right_hip"":-6.9}","{""rear_right_hip"":-7.678009105961644}","{""rear_right_hip"":-0.7780091059616439}",1.0,{},True,48.00000000004366,null,"{""front_left_ankle"":0.0,""front_right_ankle"":0.0,""rear_left_ankle"":0.0,""rear_right_ankle"":0.0}",0.0,{},0.0906666666665454,complete,servo_completion_extension,,
raw,5d60b3f96f014fa9a9544d7b033b5400,2bc2c454b267f7d259b9553f646496f76d8707a9d0e3231ec7f4a5f6b1c3c601,2bc2c454b267f7d259b9553f646496f76d8707a9d0e3231ec7f4a5f6b1c3c601,12,step_012_recorded_height_050mm_dur_12.40s,49,[65],170.3366666665118,170.39999999984514,178.75000000000176,178.95000000000158,"{""rear_right_hip"":-16.4}","{""rear_right_hip"":-15.464268986544997}","{""rear_right_hip"":0.9357310134550012}",1.0,{},True,47.500000000043194,null,"{""front_left_ankle"":0.0,""front_right_ankle"":0.0,""rear_left_ankle"":0.0,""rear_right_ankle"":0.0}",0.0,{},0.13666666666648478,complete,servo_completion_extension,,
raw,5d60b3f96f014fa9a9544d7b033b5400,2bc2c454b267f7d259b9553f646496f76d8707a9d0e3231ec7f4a5f6b1c3c601,2bc2c454b267f7d259b9553f646496f76d8707a9d0e3231ec7f4a5f6b1c3c601,12,step_012_recorded_height_050mm_dur_12.40s,50,[66],170.53666666651162,170.54399999984494,179.1500000000014,179.216666666668,"{""rear_right_hip"":-17.5}","{""rear_right_hip"":-17.058702707184377}","{""rear_right_hip"":0.4412972928156229}",1.0,{},True,16.500000000015028,null,"{""front_left_ankle"":0.0,""front_right_ankle"":0.0,""rear_left_ankle"":0.0,""rear_right_ankle"":0.0}",0.0,{},0.05933333333327269,complete,servo_completion_extension,,
raw,5d60b3f96f014fa9a9544d7b033b5400,2bc2c454b267f7d259b9553f646496f76d8707a9d0e3231ec7f4a5f6b1c3c601,2bc2c454b267f7d259b9553f646496f76d8707a9d0e3231ec7f4a5f6b1c3c601,12,step_012_recorded_height_050mm_dur_12.40s,51,[67],170.73666666651144,170.77866666651144,179.41666666666782,179.61666666666764,"{""rear_right_hip"":-23.8}","{""rear_right_hip"":-22.92293748735247}","{""rear_right_hip"":0.8770625126475302}",1.0,{},True,31.500000000028653,null,"{""front_left_ankle"":0.0,""front_right_ankle"":0.0,""rear_left_ankle"":0.0,""rear_right_ankle"":0.0}",0.0,{},0.1579999999998181,complete,servo_completion_extension,,
raw,5d60b3f96f014fa9a9544d7b033b5400,2bc2c454b267f7d259b9553f646496f76d8707a9d0e3231ec7f4a5f6b1c3c601,2bc2c454b267f7d259b9553f646496f76d8707a9d0e3231ec7f4a5f6b1c3c601,12,step_012_recorded_height_050mm_dur_12.40s,52,[68],170.93666666651126,170.96533333317794,179.81666666666746,179.88333333333406,"{""rear_right_hip"":-28.1}","{""rear_right_hip"":-28.68041595292097}","{""rear_right_hip"":-0.5804159529209691}",1.0,{},True,64.50000000005868,null,"{""front_left_ankle"":0.0,""front_right_ankle"":0.0,""rear_left_ankle"":0.0,""rear_right_ankle"":0.0}",0.0,{},0.03799999999993936,complete,servo_completion_extension,,
raw,5d60b3f96f014fa9a9544d7b033b5400,2bc2c454b267f7d259b9553f646496f76d8707a9d0e3231ec7f4a5f6b1c3c601,2bc2c454b267f7d259b9553f646496f76d8707a9d0e3231ec7f4a5f6b1c3c601,12,step_012_recorded_height_050mm_dur_12.40s,53,[69],171.13666666651108,171.15733333317775,180.08333333333388,180.1500000000005,"{""rear_right_hip"":-31.2}","{""rear_right_hip"":-31.83716540406655}","{""rear_right_hip"":-0.6371654040665504}",1.0,{},True,46.50000000004226,null,"{""front_left_ankle"":0.0,""front_right_ankle"":0.0,""rear_left_ankle"":0.0,""rear_right_ankle"":0.0}",0.0,{},0.04599999999993938,complete,servo_completion_extension,,
raw,5d60b3f96f014fa9a9544d7b033b5400,2bc2c454b267f7d259b9553f646496f76d8707a9d0e3231ec7f4a5f6b1c3c601,2bc2c454b267f7d259b9553f646496f76d8707a9d0e3231ec7f4a5f6b1c3c601,13,step_013_recorded_height_050mm_dur_9.93s,54,[70],175.26999999984065,182.26999999983428,184.28333333333006,191.2833333333237,{},{},{},1.0,{},False,0.0,null,"{""front_left_ankle"":0.3,""front_right_ankle"":0.3,""rear_left_ankle"":0.3,""rear_right_ankle"":0.3}",6.9999999999936335,{},0.0,complete,implicit_timestamp_gap,,
raw,5d60b3f96f014fa9a9544d7b033b5400,2bc2c454b267f7d259b9553f646496f76d8707a9d0e3231ec7f4a5f6b1c3c601,2bc2c454b267f7d259b9553f646496f76d8707a9d0e3231ec7f4a5f6b1c3c601,13,step_013_recorded_height_050mm_dur_9.93s,55,[71],182.26999999983428,182.26999999983428,191.2833333333237,191.2833333333237,{},{},{},1.0,{},False,0.0,null,"{""front_left_ankle"":0.0,""front_right_ankle"":0.0,""rear_left_ankle"":0.0,""rear_right_ankle"":0.0}",0.0,{},0.0,complete,none,,
raw,5d60b3f96f014fa9a9544d7b033b5400,2bc2c454b267f7d259b9553f646496f76d8707a9d0e3231ec7f4a5f6b1c3c601,2bc2c454b267f7d259b9553f646496f76d8707a9d0e3231ec7f4a5f6b1c3c601,14,step_014_recorded_height_050mm_dur_17.73s,56,"[72,73,74,75,76,77,78,79,80]",196.8033333331544,198.40333333315294,205.8166666666438,207.41666666664236,"{""front_left_hip"":28.1,""front_left_knee"":-8.1,""front_right_hip"":19.6,""front_right_knee"":16.2,""rear_left_hip"":1.6,""rear_left_knee"":0.0,""rear_right_hip"":-31.2,""rear_right_knee"":-40.9}","{""front_left_hip"":28.069195015520528,""front_left_knee"":-8.012725084045847,""front_right_hip"":19.65892442541697,""front_right_knee"":16.079000031793466,""rear_left_hip"":1.7270203333576133,""rear_left_knee"":-0.08461142294276593,""rear_right_hip"":-31.064831518383603,""rear_right_knee"":-40.80030135285262}","{""front_left_hip"":-0.030804984479473774,""front_left_knee"":0.08727491595415149,""front_right_hip"":0.05892442541696852,""front_right_knee"":-0.12099996820653303,""rear_left_hip"":0.1270203333576132,""rear_left_knee"":-0.08461142294276593,""rear_right_hip"":0.13516848161639672,""rear_right_knee"":0.09969864714737753}",1.0,{},True,16.500000000015007,null,"{""front_left_ankle"":0.0,""front_right_ankle"":2.0944,""rear_left_ankle"":0.0,""rear_right_ankle"":0.0}",1.5999999999985448,{},0.0,complete,implicit_timestamp_gap,,
raw,5d60b3f96f014fa9a9544d7b033b5400,2bc2c454b267f7d259b9553f646496f76d8707a9d0e3231ec7f4a5f6b1c3c601,2bc2c454b267f7d259b9553f646496f76d8707a9d0e3231ec7f4a5f6b1c3c601,14,step_014_recorded_height_050mm_dur_17.73s,57,[81],198.40333333315294,198.40333333315294,207.41666666664236,207.41666666664236,{},{},{},1.0,{},False,0.0,null,"{""front_left_ankle"":0.0,""front_right_ankle"":0.0,""rear_left_ankle"":0.0,""rear_right_ankle"":0.0}",0.0,{},0.0,complete,none,,
raw,5d60b3f96f014fa9a9544d7b033b5400,2bc2c454b267f7d259b9553f646496f76d8707a9d0e3231ec7f4a5f6b1c3c601,2bc2c454b267f7d259b9553f646496f76d8707a9d0e3231ec7f4a5f6b1c3c601,15,step_015_recorded_height_050mm_dur_6.20s,58,[82],203.60333333317277,203.63133333317276,212.61666666663763,212.74999999997084,"{""front_right_hip"":23.8}","{""front_right_hip"":24.276026436413453}","{""front_right_hip"":0.4760264364134521}",1.0,{},True,31.500000000028646,null,"{""front_left_ankle"":0.0,""front_right_ankle"":0.0,""rear_left_ankle"":0.0,""rear_right_ankle"":0.0}",0.0,{},0.10533333333321207,complete,servo_completion_extension,,
raw,5d60b3f96f014fa9a9544d7b033b5400,2bc2c454b267f7d259b9553f646496f76d8707a9d0e3231ec7f4a5f6b1c3c601,2bc2c454b267f7d259b9553f646496f76d8707a9d0e3231ec7f4a5f6b1c3c601,15,step_015_recorded_height_050mm_dur_6.20s,59,[83],203.80333333317532,203.82466666650865,212.94999999997066,213.01666666663726,"{""front_right_hip"":27.0}","{""front_right_hip"":27.108521253143373}","{""front_right_hip"":0.10852125314337258}",1.0,{},True,48.00000000004365,null,"{""front_left_ankle"":0.0,""front_right_ankle"":0.0,""rear_left_ankle"":0.0,""rear_right_ankle"":0.0}",0.0,{},0.045333333333272705,complete,servo_completion_extension,,
raw,5d60b3f96f014fa9a9544d7b033b5400,2bc2c454b267f7d259b9553f646496f76d8707a9d0e3231ec7f4a5f6b1c3c601,2bc2c454b267f7d259b9553f646496f76d8707a9d0e3231ec7f4a5f6b1c3c601,15,step_015_recorded_height_050mm_dur_6.20s,60,[84],204.6033333331855,204.6173333331855,213.81666666663654,213.88333333330314,"{""front_right_hip"":29.1}","{""front_right_hip"":28.68030658306151}","{""front_right_hip"":-0.41969341693849316}",1.0,{},True,31.50000000002867,null,"{""front_left_ankle"":0.0,""front_right_ankle"":0.0,""rear_left_ankle"":0.0,""rear_right_ankle"":0.0}",0.0,{},0.05266666666660602,complete,servo_completion_extension,,
raw,5d60b3f96f014fa9a9544d7b033b5400,2bc2c454b267f7d259b9553f646496f76d8707a9d0e3231ec7f4a5f6b1c3c601,2bc2c454b267f7d259b9553f646496f76d8707a9d0e3231ec7f4a5f6b1c3c601,15,step_015_recorded_height_050mm_dur_6.20s,61,[85],205.60333333319824,205.61066666653156,214.88333333330223,214.94999999996884,"{""front_right_hip"":30.2}","{""front_right_hip"":30.313886341948045}","{""front_right_hip"":0.11388634194804581}",1.0,{},True,16.500000000014975,null,"{""front_left_ankle"":0.0,""front_right_ankle"":0.0,""rear_left_ankle"":0.0,""rear_right_ankle"":0.0}",0.0,{},0.05933333333327272,complete,servo_completion_extension,,
raw,5d60b3f96f014fa9a9544d7b033b5400,2bc2c454b267f7d259b9553f646496f76d8707a9d0e3231ec7f4a5f6b1c3c601,2bc2c454b267f7d259b9553f646496f76d8707a9d0e3231ec7f4a5f6b1c3c601,16,step_016_recorded_height_050mm_dur_21.07s,62,"[86,87,88,89,90,91,92,93,94]",223.0700000000873,224.07000000010004,232.41666666661962,233.4166666666187,"{""front_left_hip"":5.8,""front_left_knee"":-28.2,""front_right_hip"":30.2,""front_right_knee"":16.2,""rear_left_hip"":1.6,""rear_left_knee"":0.0,""rear_right_hip"":-31.2,""rear_right_knee"":-40.9}","{""front_left_hip"":5.567765172317162,""front_left_knee"":-28.408337596695294,""front_right_hip"":30.070120305564874,""front_right_knee"":16.32449410603665,""rear_left_hip"":1.7812934433893577,""rear_left_knee"":-0.08883291340676355,""rear_right_hip"":-30.99188168295328,""rear_right_knee"":-40.78881638976324}","{""front_left_hip"":-0.23223482768283787,""front_left_knee"":-0.20833759669529428,""front_right_hip"":-0.12987969443512526,""front_right_knee"":0.12449410603665001,""rear_left_hip"":0.1812934433893576,""rear_left_knee"":-0.08883291340676355,""rear_right_hip"":0.20811831704671846,""rear_right_knee"":0.1111836102367576}",1.0,{},True,22.300000000020283,null,"{""front_left_ankle"":-1.96,""front_right_ankle"":0.0,""rear_left_ankle"":0.0,""rear_right_ankle"":0.0}",1.000000000012733,{},0.0,complete,implicit_timestamp_gap,,
raw,5d60b3f96f014fa9a9544d7b033b5400,2bc2c454b267f7d259b9553f646496f76d8707a9d0e3231ec7f4a5f6b1c3c601,2bc2c454b267f7d259b9553f646496f76d8707a9d0e3231ec7f4a5f6b1c3c601,16,step_016_recorded_height_050mm_dur_21.07s,63,[95],224.07000000010004,224.07000000010004,233.4166666666187,233.4166666666187,{},{},{},1.0,{},False,0.0,null,"{""front_left_ankle"":0.0,""front_right_ankle"":0.0,""rear_left_ankle"":0.0,""rear_right_ankle"":0.0}",0.0,{},0.0,complete,none,complete,
fast,6439f49ffaff4445a975d8ed3053f976,1d58ecc8a6ac8ded4f8b228fbb176a3ac2f4c821ad56fcb588c9f3ed2d7566dd,1d58ecc8a6ac8ded4f8b228fbb176a3ac2f4c821ad56fcb588c9f3ed2d7566dd,1,step_001_recorded_height_050mm_dur_6.20s,0,[0],0.0,0.13066666666666668,2.016666666666662,2.283333333333328,"{""rear_left_hip"":19.6}","{""rear_left_hip"":19.788490361053334}","{""rear_left_hip"":0.18849036105333283}",1.0,{},True,73.50000000000027,null,"{""front_left_ankle"":0.0,""front_right_ankle"":0.0,""rear_left_ankle"":0.0,""rear_right_ankle"":0.0}",0.0,{},0.13599999999999904,complete,servo_completion_extension,,
fast,6439f49ffaff4445a975d8ed3053f976,1d58ecc8a6ac8ded4f8b228fbb176a3ac2f4c821ad56fcb588c9f3ed2d7566dd,1d58ecc8a6ac8ded4f8b228fbb176a3ac2f4c821ad56fcb588c9f3ed2d7566dd,1,step_001_recorded_height_050mm_dur_6.20s,1,[1],0.13066666666666668,0.17266666666666666,2.283333333333328,2.4166666666666607,"{""rear_left_hip"":25.9}","{""rear_left_hip"":26.005176562772416}","{""rear_left_hip"":0.10517656277241727}",1.0,{},True,47.25000000000015,null,"{""front_left_ankle"":0.0,""front_right_ankle"":0.0,""rear_left_ankle"":0.0,""rear_right_ankle"":0.0}",0.0,{},0.09133333333333288,complete,servo_completion_extension,,
fast,6439f49ffaff4445a975d8ed3053f976,1d58ecc8a6ac8ded4f8b228fbb176a3ac2f4c821ad56fcb588c9f3ed2d7566dd,1d58ecc8a6ac8ded4f8b228fbb176a3ac2f4c821ad56fcb588c9f3ed2d7566dd,1,step_001_recorded_height_050mm_dur_6.20s,2,[2],0.17266666666666666,0.18733333333333335,2.4166666666666607,2.483333333333327,"{""rear_left_hip"":28.1}","{""rear_left_hip"":29.00705562269103}","{""rear_left_hip"":0.9070556226910291}",1.0,{},True,33.00000000000016,null,"{""front_left_ankle"":0.0,""front_right_ankle"":0.0,""rear_left_ankle"":0.0,""rear_right_ankle"":0.0}",0.0,{},0.05199999999999974,complete,servo_completion_extension,,
fast,6439f49ffaff4445a975d8ed3053f976,1d58ecc8a6ac8ded4f8b228fbb176a3ac2f4c821ad56fcb588c9f3ed2d7566dd,1d58ecc8a6ac8ded4f8b228fbb176a3ac2f4c821ad56fcb588c9f3ed2d7566dd,2,step_002_recorded_height_050mm_dur_5.40s,3,[3],0.18733333333333335,0.26866666666666666,2.483333333333327,2.6833333333333265,"{""front_right_hip"":12.2}","{""front_right_hip"":11.218913455771926}","{""front_right_hip"":-0.9810865442280736}",1.0,{},True,61.00000000000021,null,"{""front_left_ankle"":0.0,""front_right_ankle"":0.0,""rear_left_ankle"":0.0,""rear_right_ankle"":0.0}",0.0,{},0.11866666666666596,complete,servo_completion_extension,,
fast,6439f49ffaff4445a975d8ed3053f976,1d58ecc8a6ac8ded4f8b228fbb176a3ac2f4c821ad56fcb588c9f3ed2d7566dd,1d58ecc8a6ac8ded4f8b228fbb176a3ac2f4c821ad56fcb588c9f3ed2d7566dd,2,step_002_recorded_height_050mm_dur_5.40s,4,[4],0.26866666666666666,0.43066666666666664,2.6833333333333265,3.0166666666666586,"{""front_right_hip"":36.5}","{""front_right_hip"":37.47584853579958}","{""front_right_hip"":0.9758485357995781}",1.0,{},True,72.90000000000026,null,"{""front_left_ankle"":0.0,""front_right_ankle"":0.0,""rear_left_ankle"":0.0,""rear_right_ankle"":0.0}",0.0,{},0.17133333333333214,complete,servo_completion_extension,,
fast,6439f49ffaff4445a975d8ed3053f976,1d58ecc8a6ac8ded4f8b228fbb176a3ac2f4c821ad56fcb588c9f3ed2d7566dd,1d58ecc8a6ac8ded4f8b228fbb176a3ac2f4c821ad56fcb588c9f3ed2d7566dd,2,step_002_recorded_height_050mm_dur_5.40s,5,[5],0.43066666666666664,0.48,3.0166666666666586,3.1499999999999915,"{""front_right_hip"":43.9}","{""front_right_hip"":43.605174919604394}","{""front_right_hip"":-0.2948250803956043}",1.0,{},True,55.500000000000185,null,"{""front_left_ankle"":0.0,""front_right_ankle"":0.0,""rear_left_ankle"":0.0,""rear_right_ankle"":0.0}",0.0,{},0.08399999999999953,complete,servo_completion_extension,,
fast,6439f49ffaff4445a975d8ed3053f976,1d58ecc8a6ac8ded4f8b228fbb176a3ac2f4c821ad56fcb588c9f3ed2d7566dd,1d58ecc8a6ac8ded4f8b228fbb176a3ac2f4c821ad56fcb588c9f3ed2d7566dd,3,step_003_recorded_height_050mm_dur_17.40s,6,[6],0.48,13.479999999988234,3.1499999999999915,16.149999999999725,{},{},{},1.0,{},False,0.0,null,"{""front_left_ankle"":0.3,""front_right_ankle"":0.3,""rear_left_ankle"":0.3,""rear_right_ankle"":0.3}",12.999999999988233,{},1.1500134178277222e-11,complete,none,,
fast,6439f49ffaff4445a975d8ed3053f976,1d58ecc8a6ac8ded4f8b228fbb176a3ac2f4c821ad56fcb588c9f3ed2d7566dd,1d58ecc8a6ac8ded4f8b228fbb176a3ac2f4c821ad56fcb588c9f3ed2d7566dd,3,step_003_recorded_height_050mm_dur_17.40s,7,[7],13.479999999988234,13.479999999988234,16.149999999999725,16.149999999999725,{},{},{},1.0,{},False,0.0,null,"{""front_left_ankle"":0.0,""front_right_ankle"":0.0,""rear_left_ankle"":0.0,""rear_right_ankle"":0.0}",0.0,{},0.0,complete,none,,
fast,6439f49ffaff4445a975d8ed3053f976,1d58ecc8a6ac8ded4f8b228fbb176a3ac2f4c821ad56fcb588c9f3ed2d7566dd,1d58ecc8a6ac8ded4f8b228fbb176a3ac2f4c821ad56fcb588c9f3ed2d7566dd,4,step_004_recorded_height_050mm_dur_10.13s,8,[8],13.479999999988234,13.595333333321568,16.149999999999725,16.416666666666377,"{""front_right_knee"":17.3}","{""front_right_knee"":17.67212458022602}","{""front_right_knee"":0.3721245802260178}",1.0,{},True,64.8750000000037,null,"{""front_left_ankle"":0.0,""front_right_ankle"":0.0,""rear_left_ankle"":0.0,""rear_right_ankle"":0.0}",0.0,{},0.15133333333331817,complete,servo_completion_extension,,
fast,6439f49ffaff4445a975d8ed3053f976,1d58ecc8a6ac8ded4f8b228fbb176a3ac2f4c821ad56fcb588c9f3ed2d7566dd,1d58ecc8a6ac8ded4f8b228fbb176a3ac2f4c821ad56fcb588c9f3ed2d7566dd,4,step_004_recorded_height_050mm_dur_10.13s,9,[9],13.595333333321568,13.644666666654901,16.416666666666377,16.549999999999702,"{""front_right_knee"":24.7}","{""front_right_knee"":24.46538974758568}","{""front_right_knee"":-0.23461025241432054}",1.0,{},True,55.50000000000315,null,"{""front_left_ankle"":0.0,""front_right_ankle"":0.0,""rear_left_ankle"":0.0,""rear_right_ankle"":0.0}",0.0,{},0.08399999999999243,complete,servo_completion_extension,,
fast,6439f49ffaff4445a975d8ed3053f976,1d58ecc8a6ac8ded4f8b228fbb176a3ac2f4c821ad56fcb588c9f3ed2d7566dd,1d58ecc8a6ac8ded4f8b228fbb176a3ac2f4c821ad56fcb588c9f3ed2d7566dd,4,step_004_recorded_height_050mm_dur_10.13s,10,[10],13.644666666654901,13.7006666666549,16.549999999999702,16.74999999999969,"{""front_right_hip"":35.5}","{""front_right_hip"":35.76834905462058}","{""front_right_hip"":0.2683490546205789}",1.0,{},True,42.00000000000238,null,"{""front_left_ankle"":0.0,""front_right_ankle"":0.0,""rear_left_ankle"":0.0,""rear_right_ankle"":0.0}",0.0,{},0.14399999999998864,complete,servo_completion_extension,,
fast,6439f49ffaff4445a975d8ed3053f976,1d58ecc8a6ac8ded4f8b228fbb176a3ac2f4c821ad56fcb588c9f3ed2d7566dd,1d58ecc8a6ac8ded4f8b228fbb176a3ac2f4c821ad56fcb588c9f3ed2d7566dd,4,step_004_recorded_height_050mm_dur_10.13s,11,[11],13.7006666666549,13.9126666666549,16.74999999999969,17.083333333333005,"{""front_right_hip"":3.7}","{""front_right_hip"":3.6031415406336946}","{""front_right_hip"":-0.09685845936630555}",1.0,{},True,95.40000000000542,null,"{""front_left_ankle"":0.0,""front_right_ankle"":0.0,""rear_left_ankle"":0.0,""rear_right_ankle"":0.0}",0.0,{},0.12133333333331439,complete,servo_completion_extension,,
fast,6439f49ffaff4445a975d8ed3053f976,1d58ecc8a6ac8ded4f8b228fbb176a3ac2f4c821ad56fcb588c9f3ed2d7566dd,1d58ecc8a6ac8ded4f8b228fbb176a3ac2f4c821ad56fcb588c9f3ed2d7566dd,4,step_004_recorded_height_050mm_dur_10.13s,12,[12],13.9126666666549,13.9406666666549,17.083333333333005,17.21666666666633,"{""front_right_hip"":-0.5}","{""front_right_hip"":-1.0720168648644863}","{""front_right_hip"":-0.5720168648644863}",1.0,{},True,31.50000000000179,null,"{""front_left_ankle"":0.0,""front_right_ankle"":0.0,""rear_left_ankle"":0.0,""rear_right_ankle"":0.0}",0.0,{},0.10533333333332576,complete,servo_completion_extension,,
fast,6439f49ffaff4445a975d8ed3053f976,1d58ecc8a6ac8ded4f8b228fbb176a3ac2f4c821ad56fcb588c9f3ed2d7566dd,1d58ecc8a6ac8ded4f8b228fbb176a3ac2f4c821ad56fcb588c9f3ed2d7566dd,4,step_004_recorded_height_050mm_dur_10.13s,13,[13],13.9406666666549,13.9546666666549,17.21666666666633,17.283333333332994,"{""front_right_hip"":-2.6}","{""front_right_hip"":-2.361541425680673}","{""front_right_hip"":0.23845857431932727}",1.0,{},True,31.50000000000179,null,"{""front_left_ankle"":0.0,""front_right_ankle"":0.0,""rear_left_ankle"":0.0,""rear_right_ankle"":0.0}",0.0,{},0.05266666666666288,complete,servo_completion_extension,,
fast,6439f49ffaff4445a975d8ed3053f976,1d58ecc8a6ac8ded4f8b228fbb176a3ac2f4c821ad56fcb588c9f3ed2d7566dd,1d58ecc8a6ac8ded4f8b228fbb176a3ac2f4c821ad56fcb588c9f3ed2d7566dd,4,step_004_recorded_height_050mm_dur_10.13s,14,[14],13.9546666666549,13.9826666666549,17.283333333332994,17.41666666666632,"{""front_right_hip"":1.6}","{""front_right_hip"":0.9705641197542264}","{""front_right_hip"":-0.6294358802457737}",1.0,{},True,31.50000000000179,null,"{""front_left_ankle"":0.0,""front_right_ankle"":0.0,""rear_left_ankle"":0.0,""rear_right_ankle"":0.0}",0.0,{},0.10533333333332576,complete,servo_completion_extension,,
fast,6439f49ffaff4445a975d8ed3053f976,1d58ecc8a6ac8ded4f8b228fbb176a3ac2f4c821ad56fcb588c9f3ed2d7566dd,1d58ecc8a6ac8ded4f8b228fbb176a3ac2f4c821ad56fcb588c9f3ed2d7566dd,4,step_004_recorded_height_050mm_dur_10.13s,15,[15],13.9826666666549,13.9966666666549,17.41666666666632,17.549999999999645,"{""front_right_hip"":3.7}","{""front_right_hip"":4.060322814049437}","{""front_right_hip"":0.3603228140494368}",1.0,{},True,15.750000000000895,null,"{""front_left_ankle"":0.0,""front_right_ankle"":0.0,""rear_left_ankle"":0.0,""rear_right_ankle"":0.0}",0.0,{},0.11933333333332576,complete,servo_completion_extension,,
fast,6439f49ffaff4445a975d8ed3053f976,1d58ecc8a6ac8ded4f8b228fbb176a3ac2f4c821ad56fcb588c9f3ed2d7566dd,1d58ecc8a6ac8ded4f8b228fbb176a3ac2f4c821ad56fcb588c9f3ed2d7566dd,5,step_005_recorded_height_050mm_dur_21.20s,16,"[16,17,18,19,20,21,22,23,24]",13.9966666666549,15.196666666653808,17.549999999999645,18.883333333332903,"{""front_left_hip"":0.0,""front_left_knee"":-14.5,""front_right_hip"":3.7,""front_right_knee"":24.7,""rear_left_hip"":28.1,""rear_left_knee"":0.0,""rear_right_hip"":0.0,""rear_right_knee"":0.0}","{""front_left_hip"":-0.11933566112102109,""front_left_knee"":-14.930214316935118,""front_right_hip"":3.7920628655289548,""front_right_knee"":24.59923413456125,""rear_left_hip"":28.206871640667355,""rear_left_knee"":0.08686993438157906,""rear_right_hip"":0.15974994713589274,""rear_right_knee"":0.23997770931261952}","{""front_left_hip"":-0.11933566112102109,""front_left_knee"":-0.4302143169351176,""front_right_hip"":0.0920628655289546,""front_right_knee"":-0.1007658654387491,""rear_left_hip"":0.10687164066735377,""rear_left_knee"":0.08686993438157906,""rear_right_hip"":0.15974994713589274,""rear_right_knee"":0.23997770931261952}",1.0,{},True,10.875000000000618,null,"{""front_left_ankle"":-1.05,""front_right_ankle"":0.0,""rear_left_ankle"":0.0,""rear_right_ankle"":0.0}",1.1999999999989086,{},0.13333333333434894,complete,servo_completion_extension,,
fast,6439f49ffaff4445a975d8ed3053f976,1d58ecc8a6ac8ded4f8b228fbb176a3ac2f4c821ad56fcb588c9f3ed2d7566dd,1d58ecc8a6ac8ded4f8b228fbb176a3ac2f4c821ad56fcb588c9f3ed2d7566dd,5,step_005_recorded_height_050mm_dur_21.20s,17,[25],15.196666666653808,15.196666666653808,18.883333333332903,18.883333333332903,{},{},{},1.0,{},False,0.0,null,"{""front_left_ankle"":0.0,""front_right_ankle"":0.0,""rear_left_ankle"":0.0,""rear_right_ankle"":0.0}",0.0,{},0.0,complete,none,,
fast,6439f49ffaff4445a975d8ed3053f976,1d58ecc8a6ac8ded4f8b228fbb176a3ac2f4c821ad56fcb588c9f3ed2d7566dd,1d58ecc8a6ac8ded4f8b228fbb176a3ac2f4c821ad56fcb588c9f3ed2d7566dd,6,step_006_recorded_height_050mm_dur_8.40s,18,[26],15.196666666653808,18.796666666650534,18.883333333332903,22.4833333333327,{},{},{},1.0,{},False,0.0,null,"{""front_left_ankle"":0.3,""front_right_ankle"":0.3,""rear_left_ankle"":0.3,""rear_right_ankle"":0.3}",3.599999999996726,{},3.069544618483633e-12,complete,none,,
fast,6439f49ffaff4445a975d8ed3053f976,1d58ecc8a6ac8ded4f8b228fbb176a3ac2f4c821ad56fcb588c9f3ed2d7566dd,1d58ecc8a6ac8ded4f8b228fbb176a3ac2f4c821ad56fcb588c9f3ed2d7566dd,6,step_006_recorded_height_050mm_dur_8.40s,19,[27],18.796666666650534,18.796666666650534,22.4833333333327,22.4833333333327,{},{},{},1.0,{},False,0.0,null,"{""front_left_ankle"":0.0,""front_right_ankle"":0.0,""rear_left_ankle"":0.0,""rear_right_ankle"":0.0}",0.0,{},0.0,complete,none,,
fast,6439f49ffaff4445a975d8ed3053f976,1d58ecc8a6ac8ded4f8b228fbb176a3ac2f4c821ad56fcb588c9f3ed2d7566dd,1d58ecc8a6ac8ded4f8b228fbb176a3ac2f4c821ad56fcb588c9f3ed2d7566dd,7,step_007_recorded_height_050mm_dur_11.40s,20,[28],18.796666666650534,18.803999999983866,22.4833333333327,22.54999999999936,"{""rear_left_hip"":27.0}","{""rear_left_hip"":26.997136372197897}","{""rear_left_hip"":-0.0028636278021032524}",1.0,{},True,16.50000000000096,null,"{""front_left_ankle"":0.0,""front_right_ankle"":0.0,""rear_left_ankle"":0.0,""rear_right_ankle"":0.0}",0.0,{},0.05933333333332953,complete,servo_completion_extension,,
fast,6439f49ffaff4445a975d8ed3053f976,1d58ecc8a6ac8ded4f8b228fbb176a3ac2f4c821ad56fcb588c9f3ed2d7566dd,1d58ecc8a6ac8ded4f8b228fbb176a3ac2f4c821ad56fcb588c9f3ed2d7566dd,7,step_007_recorded_height_050mm_dur_11.40s,21,[29],18.803999999983866,18.874666666650533,22.54999999999936,22.74999999999935,"{""rear_left_hip"":16.4}","{""rear_left_hip"":17.198234983850334}","{""rear_left_hip"":0.7982349838503335}",1.0,{},True,53.00000000000301,null,"{""front_left_ankle"":0.0,""front_right_ankle"":0.0,""rear_left_ankle"":0.0,""rear_right_ankle"":0.0}",0.0,{},0.12933333333332198,complete,servo_completion_extension,,
fast,6439f49ffaff4445a975d8ed3053f976,1d58ecc8a6ac8ded4f8b228fbb176a3ac2f4c821ad56fcb588c9f3ed2d7566dd,1d58ecc8a6ac8ded4f8b228fbb176a3ac2f4c821ad56fcb588c9f3ed2d7566dd,7,step_007_recorded_height_050mm_dur_11.40s,22,[30],18.874666666650533,18.966666666650532,22.74999999999935,23.68333333333263,"{""rear_left_hip"":2.6}","{""rear_left_hip"":1.8562960863231184}","{""rear_left_hip"":-0.7437039136768817}",1.0,{},True,14.785714285715125,null,"{""front_left_ankle"":0.0,""front_right_ankle"":0.0,""rear_left_ankle"":0.0,""rear_right_ankle"":0.0}",0.0,{},0.8413333333332803,complete,servo_completion_extension,,
fast,6439f49ffaff4445a975d8ed3053f976,1d58ecc8a6ac8ded4f8b228fbb176a3ac2f4c821ad56fcb588c9f3ed2d7566dd,1d58ecc8a6ac8ded4f8b228fbb176a3ac2f4c821ad56fcb588c9f3ed2d7566dd,7,step_007_recorded_height_050mm_dur_11.40s,23,[31],18.966666666650532,18.9733333333172,23.68333333333263,23.816666666665956,"{""rear_left_hip"":1.6}","{""rear_left_hip"":0.625262688745249}","{""rear_left_hip"":-0.974737311254751}",1.0,{},True,7.500000000000426,null,"{""front_left_ankle"":0.0,""front_right_ankle"":0.0,""rear_left_ankle"":0.0,""rear_right_ankle"":0.0}",0.0,{},0.1266666666666591,complete,servo_completion_extension,,
fast,6439f49ffaff4445a975d8ed3053f976,1d58ecc8a6ac8ded4f8b228fbb176a3ac2f4c821ad56fcb588c9f3ed2d7566dd,1d58ecc8a6ac8ded4f8b228fbb176a3ac2f4c821ad56fcb588c9f3ed2d7566dd,8,step_008_recorded_height_050mm_dur_14.20s,24,[32],18.9733333333172,19.043999999983868,23.816666666665956,24.083333333332607,"{""front_left_knee"":-25.1}","{""front_left_knee"":-25.381757832057584}","{""front_left_knee"":-0.28175783205758265}",1.0,{},True,39.75000000000226,null,"{""front_left_ankle"":0.0,""front_right_ankle"":0.0,""rear_left_ankle"":0.0,""rear_right_ankle"":0.0}",0.0,{},0.19599999999998485,complete,servo_completion_extension,,
fast,6439f49ffaff4445a975d8ed3053f976,1d58ecc8a6ac8ded4f8b228fbb176a3ac2f4c821ad56fcb588c9f3ed2d7566dd,1d58ecc8a6ac8ded4f8b228fbb176a3ac2f4c821ad56fcb588c9f3ed2d7566dd,8,step_008_recorded_height_050mm_dur_14.20s,25,[33],19.043999999983868,19.064666666650535,24.083333333332607,24.216666666665933,"{""front_left_knee"":-28.2}","{""front_left_knee"":-28.49928668813589}","{""front_left_knee"":-0.29928668813589}",1.0,{},True,23.250000000001307,null,"{""front_left_ankle"":0.0,""front_right_ankle"":0.0,""rear_left_ankle"":0.0,""rear_right_ankle"":0.0}",0.0,{},0.1126666666666591,complete,servo_completion_extension,,
fast,6439f49ffaff4445a975d8ed3053f976,1d58ecc8a6ac8ded4f8b228fbb176a3ac2f4c821ad56fcb588c9f3ed2d7566dd,1d58ecc8a6ac8ded4f8b228fbb176a3ac2f4c821ad56fcb588c9f3ed2d7566dd,8,step_008_recorded_height_050mm_dur_14.20s,26,[34],19.064666666650535,19.071999999983866,24.216666666665933,24.283333333332596,"{""front_left_knee"":-29.3}","{""front_left_knee"":-29.23215915588909}","{""front_left_knee"":0.06784084411091129}",1.0,{},True,16.50000000000096,null,"{""front_left_ankle"":0.0,""front_right_ankle"":0.0,""rear_left_ankle"":0.0,""rear_right_ankle"":0.0}",0.0,{},0.05933333333332953,complete,servo_completion_extension,,
fast,6439f49ffaff4445a975d8ed3053f976,1d58ecc8a6ac8ded4f8b228fbb176a3ac2f4c821ad56fcb588c9f3ed2d7566dd,1d58ecc8a6ac8ded4f8b228fbb176a3ac2f4c821ad56fcb588c9f3ed2d7566dd,8,step_008_recorded_height_050mm_dur_14.20s,27,[35],19.071999999983866,19.0893333333172,24.283333333332596,24.34999999999926,"{""front_left_hip"":2.6}","{""front_left_hip"":1.976763974435574}","{""front_left_hip"":-0.623236025564426}",1.0,{},True,39.00000000000222,null,"{""front_left_ankle"":0.0,""front_right_ankle"":0.0,""rear_left_ankle"":0.0,""rear_right_ankle"":0.0}",0.0,{},0.049333333333329545,complete,servo_completion_extension,,
fast,6439f49ffaff4445a975d8ed3053f976,1d58ecc8a6ac8ded4f8b228fbb176a3ac2f4c821ad56fcb588c9f3ed2d7566dd,1d58ecc8a6ac8ded4f8b228fbb176a3ac2f4c821ad56fcb588c9f3ed2d7566dd,8,step_008_recorded_height_050mm_dur_14.20s,28,[36],19.0893333333172,19.3013333333172,24.34999999999926,24.883333333332562,"{""front_left_hip"":34.4}","{""front_left_hip"":34.76653529862924}","{""front_left_hip"":0.3665352986292447}",1.0,{},True,59.62500000000339,null,"{""front_left_ankle"":0.0,""front_right_ankle"":0.0,""rear_left_ankle"":0.0,""rear_right_ankle"":0.0}",0.0,{},0.32133333333330305,complete,servo_completion_extension,,
fast,6439f49ffaff4445a975d8ed3053f976,1d58ecc8a6ac8ded4f8b228fbb176a3ac2f4c821ad56fcb588c9f3ed2d7566dd,1d58ecc8a6ac8ded4f8b228fbb176a3ac2f4c821ad56fcb588c9f3ed2d7566dd,8,step_008_recorded_height_050mm_dur_14.20s,29,[37],19.3013333333172,19.385999999983866,24.883333333332562,25.28333333333254,"{""front_left_hip"":47.1}","{""front_left_hip"":47.55994406692668}","{""front_left_hip"":0.4599440669266812}",1.0,{},True,31.750000000001812,null,"{""front_left_ankle"":0.0,""front_right_ankle"":0.0,""rear_left_ankle"":0.0,""rear_right_ankle"":0.0}",0.0,{},0.3153333333333106,complete,servo_completion_extension,,
fast,6439f49ffaff4445a975d8ed3053f976,1d58ecc8a6ac8ded4f8b228fbb176a3ac2f4c821ad56fcb588c9f3ed2d7566dd,1d58ecc8a6ac8ded4f8b228fbb176a3ac2f4c821ad56fcb588c9f3ed2d7566dd,8,step_008_recorded_height_050mm_dur_14.20s,30,[38],19.385999999983866,19.428666666650532,25.28333333333254,25.483333333332528,"{""front_left_hip"":53.5}","{""front_left_hip"":54.35002295103854}","{""front_left_hip"":0.8500229510385395}",1.0,{},True,32.00000000000181,null,"{""front_left_ankle"":0.0,""front_right_ankle"":0.0,""rear_left_ankle"":0.0,""rear_right_ankle"":0.0}",0.0,{},0.15733333333332197,complete,servo_completion_extension,,
fast,6439f49ffaff4445a975d8ed3053f976,1d58ecc8a6ac8ded4f8b228fbb176a3ac2f4c821ad56fcb588c9f3ed2d7566dd,1d58ecc8a6ac8ded4f8b228fbb176a3ac2f4c821ad56fcb588c9f3ed2d7566dd,9,step_009_recorded_height_050mm_dur_10.60s,31,[39],19.428666666650532,19.541333333317198,25.483333333332528,25.74999999999918,"{""front_left_knee"":-12.4}","{""front_left_knee"":-12.125717299386725}","{""front_left_knee"":0.2742827006132753}",1.0,{},True,63.375000000003595,null,"{""front_left_ankle"":0.0,""front_right_ankle"":0.0,""rear_left_ankle"":0.0,""rear_right_ankle"":0.0}",0.0,{},0.15399999999998487,complete,servo_completion_extension,,
fast,6439f49ffaff4445a975d8ed3053f976,1d58ecc8a6ac8ded4f8b228fbb176a3ac2f4c821ad56fcb588c9f3ed2d7566dd,1d58ecc8a6ac8ded4f8b228fbb176a3ac2f4c821ad56fcb588c9f3ed2d7566dd,9,step_009_recorded_height_050mm_dur_10.60s,32,[40],19.541333333317198,19.569999999983864,25.74999999999918,25.883333333332505,"{""front_left_knee"":-8.1}","{""front_left_knee"":-7.433734216972098}","{""front_left_knee"":0.6662657830279013}",1.0,{},True,32.25000000000184,null,"{""front_left_ankle"":0.0,""front_right_ankle"":0.0,""rear_left_ankle"":0.0,""rear_right_ankle"":0.0}",0.0,{},0.10466666666665908,complete,servo_completion_extension,,
fast,6439f49ffaff4445a975d8ed3053f976,1d58ecc8a6ac8ded4f8b228fbb176a3ac2f4c821ad56fcb588c9f3ed2d7566dd,1d58ecc8a6ac8ded4f8b228fbb176a3ac2f4c821ad56fcb588c9f3ed2d7566dd,9,step_009_recorded_height_050mm_dur_10.60s,33,[41],19.569999999983864,19.647999999983863,25.883333333332505,26.283333333332482,"{""front_left_hip"":41.8}","{""front_left_hip"":41.26790891671382}","{""front_left_hip"":-0.5320910832861756}",1.0,{},True,29.25000000000167,null,"{""front_left_ankle"":0.0,""front_right_ankle"":0.0,""rear_left_ankle"":0.0,""rear_right_ankle"":0.0}",0.0,{},0.32199999999997725,complete,servo_completion_extension,,
fast,6439f49ffaff4445a975d8ed3053f976,1d58ecc8a6ac8ded4f8b228fbb176a3ac2f4c821ad56fcb588c9f3ed2d7566dd,1d58ecc8a6ac8ded4f8b228fbb176a3ac2f4c821ad56fcb588c9f3ed2d7566dd,9,step_009_recorded_height_050mm_dur_10.60s,34,[42],19.647999999983863,19.697333333317196,26.283333333332482,26.48333333333247,"{""front_left_hip"":34.4}","{""front_left_hip"":33.66738369135035}","{""front_left_hip"":-0.7326163086496464}",1.0,{},True,37.000000000002096,null,"{""front_left_ankle"":0.0,""front_right_ankle"":0.0,""rear_left_ankle"":0.0,""rear_right_ankle"":0.0}",0.0,{},0.1506666666666553,complete,servo_completion_extension,,
fast,6439f49ffaff4445a975d8ed3053f976,1d58ecc8a6ac8ded4f8b228fbb176a3ac2f4c821ad56fcb588c9f3ed2d7566dd,1d58ecc8a6ac8ded4f8b228fbb176a3ac2f4c821ad56fcb588c9f3ed2d7566dd,9,step_009_recorded_height_050mm_dur_10.60s,35,[43],19.697333333317196,19.703999999983864,26.48333333333247,26.549999999999134,"{""front_left_hip"":33.4}","{""front_left_hip"":33.146916446406216}","{""front_left_hip"":-0.25308355359378254}",1.0,{},True,15.000000000000853,null,"{""front_left_ankle"":0.0,""front_right_ankle"":0.0,""rear_left_ankle"":0.0,""rear_right_ankle"":0.0}",0.0,{},0.05999999999999621,complete,servo_completion_extension,,
fast,6439f49ffaff4445a975d8ed3053f976,1d58ecc8a6ac8ded4f8b228fbb176a3ac2f4c821ad56fcb588c9f3ed2d7566dd,1d58ecc8a6ac8ded4f8b228fbb176a3ac2f4c821ad56fcb588c9f3ed2d7566dd,9,step_009_recorded_height_050mm_dur_10.60s,36,[44],19.703999999983864,19.7253333333172,26.549999999999134,26.68333333333246,"{""front_left_hip"":30.2}","{""front_left_hip"":29.906261477707375}","{""front_left_hip"":-0.29373852229262454}",1.0,{},True,24.00000000000136,null,"{""front_left_ankle"":0.0,""front_right_ankle"":0.0,""rear_left_ankle"":0.0,""rear_right_ankle"":0.0}",0.0,{},0.11199999999999243,complete,servo_completion_extension,,
fast,6439f49ffaff4445a975d8ed3053f976,1d58ecc8a6ac8ded4f8b228fbb176a3ac2f4c821ad56fcb588c9f3ed2d7566dd,1d58ecc8a6ac8ded4f8b228fbb176a3ac2f4c821ad56fcb588c9f3ed2d7566dd,9,step_009_recorded_height_050mm_dur_10.60s,37,[45],19.7253333333172,19.739333333317198,26.68333333333246,26.749999999999122,"{""front_left_hip"":28.1}","{""front_left_hip"":28.647601047646596}","{""front_left_hip"":0.5476010476465945}",1.0,{},True,31.50000000000176,null,"{""front_left_ankle"":0.0,""front_right_ankle"":0.0,""rear_left_ankle"":0.0,""rear_right_ankle"":0.0}",0.0,{},0.05266666666666289,complete,servo_completion_extension,,
fast,6439f49ffaff4445a975d8ed3053f976,1d58ecc8a6ac8ded4f8b228fbb176a3ac2f4c821ad56fcb588c9f3ed2d7566dd,1d58ecc8a6ac8ded4f8b228fbb176a3ac2f4c821ad56fcb588c9f3ed2d7566dd,10,step_010_recorded_height_050mm_dur_36.80s,38,[46],19.739333333317198,52.00599999995452,26.749999999999122,59.01666666666396,{},{},{},1.0,{},False,0.0,null,"{""front_left_ankle"":0.3,""front_right_ankle"":0.3,""rear_left_ankle"":0.3,""rear_right_ankle"":0.3}",32.26666666663732,{},2.751932015598868e-11,complete,none,,
fast,6439f49ffaff4445a975d8ed3053f976,1d58ecc8a6ac8ded4f8b228fbb176a3ac2f4c821ad56fcb588c9f3ed2d7566dd,1d58ecc8a6ac8ded4f8b228fbb176a3ac2f4c821ad56fcb588c9f3ed2d7566dd,10,step_010_recorded_height_050mm_dur_36.80s,39,[47],52.00599999995452,52.00599999995452,59.016666666663966,59.01666666666396,{},{},{},1.0,{},False,0.0,null,"{""front_left_ankle"":0.0,""front_right_ankle"":0.0,""rear_left_ankle"":0.0,""rear_right_ankle"":0.0}",0.0,{},0.0,complete,none,,
fast,6439f49ffaff4445a975d8ed3053f976,1d58ecc8a6ac8ded4f8b228fbb176a3ac2f4c821ad56fcb588c9f3ed2d7566dd,1d58ecc8a6ac8ded4f8b228fbb176a3ac2f4c821ad56fcb588c9f3ed2d7566dd,11,step_011_recorded_height_050mm_dur_20.00s,40,"[48,49,50,51,52,53,54,55,56]",52.00599999995452,53.405999999953245,59.016666666663966,60.48333333333054,"{""front_left_hip"":28.1,""front_left_knee"":-8.1,""front_right_hip"":3.7,""front_right_knee"":-10.2,""rear_left_hip"":1.6,""rear_left_knee"":0.0,""rear_right_hip"":0.0,""rear_right_knee"":0.0}","{""front_left_hip"":27.969286423436166,""front_left_knee"":-7.991444775913028,""front_right_hip"":3.3241001385083475,""front_right_knee"":-10.382433473305307,""rear_left_hip"":1.6900540689090349,""rear_left_knee"":0.23665827739663298,""rear_right_hip"":-0.03578520201112151,""rear_right_knee"":-0.12669770791695562}","{""front_left_hip"":-0.13071357656383498,""front_left_knee"":0.10855522408697205,""front_right_hip"":-0.37589986149165266,""front_right_knee"":-0.18243347330530746,""rear_left_hip"":0.09005406890903478,""rear_left_knee"":0.23665827739663298,""rear_right_hip"":-0.03578520201112151,""rear_right_knee"":-0.12669770791695562}",1.0,{},True,23.795454545455897,null,"{""front_left_ankle"":0.0,""front_right_ankle"":-2.09,""rear_left_ankle"":0.0,""rear_right_ankle"":0.0}",1.3999999999987267,{},0.06666666666785659,complete,servo_completion_extension,,
fast,6439f49ffaff4445a975d8ed3053f976,1d58ecc8a6ac8ded4f8b228fbb176a3ac2f4c821ad56fcb588c9f3ed2d7566dd,1d58ecc8a6ac8ded4f8b228fbb176a3ac2f4c821ad56fcb588c9f3ed2d7566dd,11,step_011_recorded_height_050mm_dur_20.00s,41,[57],53.405999999953245,53.405999999953245,60.48333333333055,60.48333333333054,{},{},{},1.0,{},False,0.0,null,"{""front_left_ankle"":0.0,""front_right_ankle"":0.0,""rear_left_ankle"":0.0,""rear_right_ankle"":0.0}",0.0,{},0.0,complete,none,,
fast,6439f49ffaff4445a975d8ed3053f976,1d58ecc8a6ac8ded4f8b228fbb176a3ac2f4c821ad56fcb588c9f3ed2d7566dd,1d58ecc8a6ac8ded4f8b228fbb176a3ac2f4c821ad56fcb588c9f3ed2d7566dd,12,step_012_recorded_height_050mm_dur_12.40s,42,[58],53.405999999953245,53.43866666661991,60.48333333333055,60.61666666666387,"{""rear_right_knee"":-4.9}","{""rear_right_knee"":-5.572839865341464}","{""rear_right_knee"":-0.672839865341464}",1.0,{},True,36.75000000000209,null,"{""front_left_ankle"":0.0,""front_right_ankle"":0.0,""rear_left_ankle"":0.0,""rear_right_ankle"":0.0}",0.0,{},0.10066666666665908,complete,servo_completion_extension,,
fast,6439f49ffaff4445a975d8ed3053f976,1d58ecc8a6ac8ded4f8b228fbb176a3ac2f4c821ad56fcb588c9f3ed2d7566dd,1d58ecc8a6ac8ded4f8b228fbb176a3ac2f4c821ad56fcb588c9f3ed2d7566dd,12,step_012_recorded_height_050mm_dur_12.40s,43,[59],53.43866666661991,53.579999999953245,60.616666666663875,60.88333333333052,"{""rear_right_knee"":-26.1}","{""rear_right_knee"":-26.298260343341973}","{""rear_right_knee"":-0.19826034334197118}",1.0,{},True,79.50000000000452,null,"{""front_left_ankle"":0.0,""front_right_ankle"":0.0,""rear_left_ankle"":0.0,""rear_right_ankle"":0.0}",0.0,{},0.12533333333331817,complete,servo_completion_extension,,
fast,6439f49ffaff4445a975d8ed3053f976,1d58ecc8a6ac8ded4f8b228fbb176a3ac2f4c821ad56fcb588c9f3ed2d7566dd,1d58ecc8a6ac8ded4f8b228fbb176a3ac2f4c821ad56fcb588c9f3ed2d7566dd,12,step_012_recorded_height_050mm_dur_12.40s,44,[60],53.579999999953245,53.65799999995325,60.883333333330526,61.08333333333051,"{""rear_right_knee"":-37.8}","{""rear_right_knee"":-37.12347226999829}","{""rear_right_knee"":0.676527730001709}",1.0,{},True,58.500000000003304,null,"{""front_left_ankle"":0.0,""front_right_ankle"":0.0,""rear_left_ankle"":0.0,""rear_right_ankle"":0.0}",0.0,{},0.12199999999998866,complete,servo_completion_extension,,
fast,6439f49ffaff4445a975d8ed3053f976,1d58ecc8a6ac8ded4f8b228fbb176a3ac2f4c821ad56fcb588c9f3ed2d7566dd,1d58ecc8a6ac8ded4f8b228fbb176a3ac2f4c821ad56fcb588c9f3ed2d7566dd,12,step_012_recorded_height_050mm_dur_12.40s,45,[61],53.65799999995325,53.67199999995325,61.083333333330515,61.14999999999717,"{""rear_right_knee"":-39.9}","{""rear_right_knee"":-40.28498981802205}","{""rear_right_knee"":-0.38498981802204923}",1.0,{},True,31.500000000001812,null,"{""front_left_ankle"":0.0,""front_right_ankle"":0.0,""rear_left_ankle"":0.0,""rear_right_ankle"":0.0}",0.0,{},0.052666666666662865,complete,servo_completion_extension,,
fast,6439f49ffaff4445a975d8ed3053f976,1d58ecc8a6ac8ded4f8b228fbb176a3ac2f4c821ad56fcb588c9f3ed2d7566dd,1d58ecc8a6ac8ded4f8b228fbb176a3ac2f4c821ad56fcb588c9f3ed2d7566dd,12,step_012_recorded_height_050mm_dur_12.40s,46,[62],53.67199999995325,53.67866666661992,61.14999999999718,61.21666666666383,"{""rear_right_knee"":-40.9}","{""rear_right_knee"":-41.363884166932465}","{""rear_right_knee"":-0.46388416693246626}",1.0,{},True,15.000000000000853,null,"{""front_left_ankle"":0.0,""front_right_ankle"":0.0,""rear_left_ankle"":0.0,""rear_right_ankle"":0.0}",0.0,{},0.05999999999999621,complete,servo_completion_extension,,
fast,6439f49ffaff4445a975d8ed3053f976,1d58ecc8a6ac8ded4f8b228fbb176a3ac2f4c821ad56fcb588c9f3ed2d7566dd,1d58ecc8a6ac8ded4f8b228fbb176a3ac2f4c821ad56fcb588c9f3ed2d7566dd,12,step_012_recorded_height_050mm_dur_12.40s,47,[63],53.67866666661992,53.68199999995325,61.21666666666384,61.283333333330496,"{""rear_right_hip"":-0.5}","{""rear_right_hip"":-0.4858387538874991}","{""rear_right_hip"":0.014161246112500914}",1.0,{},True,7.500000000000426,null,"{""front_left_ankle"":0.0,""front_right_ankle"":0.0,""rear_left_ankle"":0.0,""rear_right_ankle"":0.0}",0.0,{},0.06333333333332955,complete,servo_completion_extension,,
fast,6439f49ffaff4445a975d8ed3053f976,1d58ecc8a6ac8ded4f8b228fbb176a3ac2f4c821ad56fcb588c9f3ed2d7566dd,1d58ecc8a6ac8ded4f8b228fbb176a3ac2f4c821ad56fcb588c9f3ed2d7566dd,12,step_012_recorded_height_050mm_dur_12.40s,48,[64],53.68199999995325,53.72466666661992,61.2833333333305,61.41666666666382,"{""rear_right_hip"":-6.9}","{""rear_right_hip"":-7.649642049678112}","{""rear_right_hip"":-0.749642049678112}",1.0,{},True,48.000000000002736,null,"{""front_left_ankle"":0.0,""front_right_ankle"":0.0,""rear_left_ankle"":0.0,""rear_right_ankle"":0.0}",0.0,{},0.09066666666665908,complete,servo_completion_extension,,
fast,6439f49ffaff4445a975d8ed3053f976,1d58ecc8a6ac8ded4f8b228fbb176a3ac2f4c821ad56fcb588c9f3ed2d7566dd,1d58ecc8a6ac8ded4f8b228fbb176a3ac2f4c821ad56fcb588c9f3ed2d7566dd,12,step_012_recorded_height_050mm_dur_12.40s,49,[65],53.72466666661992,53.78799999995325,61.41666666666383,61.61666666666381,"{""rear_right_hip"":-16.4}","{""rear_right_hip"":-15.834929692423252}","{""rear_right_hip"":0.5650703075767467}",1.0,{},True,47.50000000000269,null,"{""front_left_ankle"":0.0,""front_right_ankle"":0.0,""rear_left_ankle"":0.0,""rear_right_ankle"":0.0}",0.0,{},0.1366666666666553,complete,servo_completion_extension,,
fast,6439f49ffaff4445a975d8ed3053f976,1d58ecc8a6ac8ded4f8b228fbb176a3ac2f4c821ad56fcb588c9f3ed2d7566dd,1d58ecc8a6ac8ded4f8b228fbb176a3ac2f4c821ad56fcb588c9f3ed2d7566dd,12,step_012_recorded_height_050mm_dur_12.40s,50,[66],53.78799999995325,53.795333333286585,61.61666666666382,61.683333333330474,"{""rear_right_hip"":-17.5}","{""rear_right_hip"":-17.316144489833206}","{""rear_right_hip"":0.18385551016679358}",1.0,{},True,16.50000000000096,null,"{""front_left_ankle"":0.0,""front_right_ankle"":0.0,""rear_left_ankle"":0.0,""rear_right_ankle"":0.0}",0.0,{},0.05933333333332953,complete,servo_completion_extension,,
fast,6439f49ffaff4445a975d8ed3053f976,1d58ecc8a6ac8ded4f8b228fbb176a3ac2f4c821ad56fcb588c9f3ed2d7566dd,1d58ecc8a6ac8ded4f8b228fbb176a3ac2f4c821ad56fcb588c9f3ed2d7566dd,12,step_012_recorded_height_050mm_dur_12.40s,51,[67],53.795333333286585,53.83733333328659,61.68333333333048,61.8166666666638,"{""rear_right_hip"":-23.8}","{""rear_right_hip"":-24.523517187264087}","{""rear_right_hip"":-0.7235171872640862}",1.0,{},True,47.25000000000269,null,"{""front_left_ankle"":0.0,""front_right_ankle"":0.0,""rear_left_ankle"":0.0,""rear_right_ankle"":0.0}",0.0,{},0.09133333333332574,complete,servo_completion_extension,,
fast,6439f49ffaff4445a975d8ed3053f976,1d58ecc8a6ac8ded4f8b228fbb176a3ac2f4c821ad56fcb588c9f3ed2d7566dd,1d58ecc8a6ac8ded4f8b228fbb176a3ac2f4c821ad56fcb588c9f3ed2d7566dd,12,step_012_recorded_height_050mm_dur_12.40s,52,[68],53.83733333328659,53.86599999995325,61.81666666666381,61.949999999997125,"{""rear_right_hip"":-28.1}","{""rear_right_hip"":-27.589006365066293}","{""rear_right_hip"":0.5109936349337083}",1.0,{},True,32.25000000000184,null,"{""front_left_ankle"":0.0,""front_right_ankle"":0.0,""rear_left_ankle"":0.0,""rear_right_ankle"":0.0}",0.0,{},0.10466666666665908,complete,servo_completion_extension,,
fast,6439f49ffaff4445a975d8ed3053f976,1d58ecc8a6ac8ded4f8b228fbb176a3ac2f4c821ad56fcb588c9f3ed2d7566dd,1d58ecc8a6ac8ded4f8b228fbb176a3ac2f4c821ad56fcb588c9f3ed2d7566dd,12,step_012_recorded_height_050mm_dur_12.40s,53,[69],53.86599999995325,53.88666666661992,61.94999999999713,62.01666666666379,"{""rear_right_hip"":-31.2}","{""rear_right_hip"":-32.11439936738278}","{""rear_right_hip"":-0.9143993673827815}",1.0,{},True,46.500000000002615,null,"{""front_left_ankle"":0.0,""front_right_ankle"":0.0,""rear_left_ankle"":0.0,""rear_right_ankle"":0.0}",0.0,{},0.045999999999996224,complete,servo_completion_extension,,
fast,6439f49ffaff4445a975d8ed3053f976,1d58ecc8a6ac8ded4f8b228fbb176a3ac2f4c821ad56fcb588c9f3ed2d7566dd,1d58ecc8a6ac8ded4f8b228fbb176a3ac2f4c821ad56fcb588c9f3ed2d7566dd,13,step_013_recorded_height_050mm_dur_9.93s,54,[70],53.88666666661992,60.88666666661355,62.016666666663795,69.01666666666766,{},{},{},1.0,{},False,0.0,null,"{""front_left_ankle"":0.3,""front_right_ankle"":0.3,""rear_left_ankle"":0.3,""rear_right_ankle"":0.3}",6.9999999999936335,{},1.0231815394945443e-11,complete,none,,
fast,6439f49ffaff4445a975d8ed3053f976,1d58ecc8a6ac8ded4f8b228fbb176a3ac2f4c821ad56fcb588c9f3ed2d7566dd,1d58ecc8a6ac8ded4f8b228fbb176a3ac2f4c821ad56fcb588c9f3ed2d7566dd,13,step_013_recorded_height_050mm_dur_9.93s,55,[71],60.88666666661355,60.88666666661355,69.01666666666766,69.01666666666766,{},{},{},1.0,{},False,0.0,null,"{""front_left_ankle"":0.0,""front_right_ankle"":0.0,""rear_left_ankle"":0.0,""rear_right_ankle"":0.0}",0.0,{},0.0,complete,none,,
fast,6439f49ffaff4445a975d8ed3053f976,1d58ecc8a6ac8ded4f8b228fbb176a3ac2f4c821ad56fcb588c9f3ed2d7566dd,1d58ecc8a6ac8ded4f8b228fbb176a3ac2f4c821ad56fcb588c9f3ed2d7566dd,14,step_014_recorded_height_050mm_dur_17.73s,56,"[72,73,74,75,76,77,78,79,80]",60.88666666661355,62.486666666612095,69.01666666666766,70.61666666666893,"{""front_left_hip"":28.1,""front_left_knee"":-8.1,""front_right_hip"":19.6,""front_right_knee"":16.2,""rear_left_hip"":1.6,""rear_left_knee"":0.0,""rear_right_hip"":-31.2,""rear_right_knee"":-40.9}","{""front_left_hip"":28.076988261363514,""front_left_knee"":-7.974763746412564,""front_right_hip"":19.476384204753792,""front_right_knee"":16.309044218134083,""rear_left_hip"":1.5394903393406258,""rear_left_knee"":0.11483288892616994,""rear_right_hip"":-31.062099442715596,""rear_right_knee"":-40.77773782292948}","{""front_left_hip"":-0.023011738636487422,""front_left_knee"":0.12523625358743562,""front_right_hip"":-0.12361579524620936,""front_right_knee"":0.10904421813408405,""rear_left_hip"":-0.06050966065937424,""rear_left_knee"":0.11483288892616994,""rear_right_hip"":0.13790055728440365,""rear_right_knee"":0.12226217707051745}",1.0,{},True,16.49999999998687,null,"{""front_left_ankle"":0.0,""front_right_ankle"":2.0944,""rear_left_ankle"":0.0,""rear_right_ankle"":0.0}",1.5999999999985448,{},2.7284841053187847e-12,complete,none,,
fast,6439f49ffaff4445a975d8ed3053f976,1d58ecc8a6ac8ded4f8b228fbb176a3ac2f4c821ad56fcb588c9f3ed2d7566dd,1d58ecc8a6ac8ded4f8b228fbb176a3ac2f4c821ad56fcb588c9f3ed2d7566dd,14,step_014_recorded_height_050mm_dur_17.73s,57,[81],62.486666666612095,62.486666666612095,70.61666666666893,70.61666666666893,{},{},{},1.0,{},False,0.0,null,"{""front_left_ankle"":0.0,""front_right_ankle"":0.0,""rear_left_ankle"":0.0,""rear_right_ankle"":0.0}",0.0,{},0.0,complete,none,,
fast,6439f49ffaff4445a975d8ed3053f976,1d58ecc8a6ac8ded4f8b228fbb176a3ac2f4c821ad56fcb588c9f3ed2d7566dd,1d58ecc8a6ac8ded4f8b228fbb176a3ac2f4c821ad56fcb588c9f3ed2d7566dd,15,step_015_recorded_height_050mm_dur_6.20s,58,[82],62.486666666612095,62.514666666612094,70.61666666666893,70.75000000000237,"{""front_right_hip"":23.8}","{""front_right_hip"":24.034555343591407}","{""front_right_hip"":0.23455534359140628}",1.0,{},True,31.49999999997493,null,"{""front_left_ankle"":0.0,""front_right_ankle"":0.0,""rear_left_ankle"":0.0,""rear_right_ankle"":0.0}",0.0,{},0.10533333333343944,complete,servo_completion_extension,,
fast,6439f49ffaff4445a975d8ed3053f976,1d58ecc8a6ac8ded4f8b228fbb176a3ac2f4c821ad56fcb588c9f3ed2d7566dd,1d58ecc8a6ac8ded4f8b228fbb176a3ac2f4c821ad56fcb588c9f3ed2d7566dd,15,step_015_recorded_height_050mm_dur_6.20s,59,[83],62.514666666612094,62.535999999945425,70.75000000000237,70.88333333333581,"{""front_right_hip"":27.0}","{""front_right_hip"":27.41556899218671}","{""front_right_hip"":0.41556899218671006}",1.0,{},True,23.999999999980897,null,"{""front_left_ankle"":0.0,""front_right_ankle"":0.0,""rear_left_ankle"":0.0,""rear_right_ankle"":0.0}",0.0,{},0.11200000000010611,complete,servo_completion_extension,,
fast,6439f49ffaff4445a975d8ed3053f976,1d58ecc8a6ac8ded4f8b228fbb176a3ac2f4c821ad56fcb588c9f3ed2d7566dd,1d58ecc8a6ac8ded4f8b228fbb176a3ac2f4c821ad56fcb588c9f3ed2d7566dd,15,step_015_recorded_height_050mm_dur_6.20s,60,[84],62.535999999945425,62.54999999994543,70.88333333333581,70.95000000000253,"{""front_right_hip"":29.1}","{""front_right_hip"":28.442897745248327}","{""front_right_hip"":-0.657102254751674}",1.0,{},True,31.499999999974953,null,"{""front_left_ankle"":0.0,""front_right_ankle"":0.0,""rear_left_ankle"":0.0,""rear_right_ankle"":0.0}",0.0,{},0.05266666666671971,complete,servo_completion_extension,,
fast,6439f49ffaff4445a975d8ed3053f976,1d58ecc8a6ac8ded4f8b228fbb176a3ac2f4c821ad56fcb588c9f3ed2d7566dd,1d58ecc8a6ac8ded4f8b228fbb176a3ac2f4c821ad56fcb588c9f3ed2d7566dd,15,step_015_recorded_height_050mm_dur_6.20s,61,[85],62.54999999994543,62.55733333327876,70.95000000000253,71.01666666666925,"{""front_right_hip"":30.2}","{""front_right_hip"":29.504877755516713}","{""front_right_hip"":-0.6951222444832865}",1.0,{},True,16.499999999986837,null,"{""front_left_ankle"":0.0,""front_right_ankle"":0.0,""rear_left_ankle"":0.0,""rear_right_ankle"":0.0}",0.0,{},0.059333333333386404,complete,servo_completion_extension,,
fast,6439f49ffaff4445a975d8ed3053f976,1d58ecc8a6ac8ded4f8b228fbb176a3ac2f4c821ad56fcb588c9f3ed2d7566dd,1d58ecc8a6ac8ded4f8b228fbb176a3ac2f4c821ad56fcb588c9f3ed2d7566dd,16,step_016_recorded_height_050mm_dur_21.07s,62,"[86,87,88,89,90,91,92,93,94]",62.55733333327876,63.557333333291496,71.01666666666925,72.01666666667005,"{""front_left_hip"":5.8,""front_left_knee"":-28.2,""front_right_hip"":30.2,""front_right_knee"":16.2,""rear_left_hip"":1.6,""rear_left_knee"":0.0,""rear_right_hip"":-31.2,""rear_right_knee"":-40.9}","{""front_left_hip"":5.571351021631419,""front_left_knee"":-28.042664636458444,""front_right_hip"":30.285182471961065,""front_right_knee"":16.12230343113135,""rear_left_hip"":1.6971196861620015,""rear_left_knee"":0.08832105609551588,""rear_right_hip"":-31.095304407365614,""rear_right_knee"":-40.64062177534148}","{""front_left_hip"":-0.22864897836858056,""front_left_knee"":0.15733536354155575,""front_right_hip"":0.08518247196106543,""front_right_knee"":-0.07769656886864951,""rear_left_hip"":0.0971196861620014,""rear_left_knee"":0.08832105609551588,""rear_right_hip"":0.10469559263438555,""rear_right_knee"":0.25937822465851923}",1.0,{},True,22.299999999982255,null,"{""front_left_ankle"":-1.96,""front_right_ankle"":0.0,""rear_left_ankle"":0.0,""rear_right_ankle"":0.0}",1.000000000012733,{},0.0,complete,none,,
fast,6439f49ffaff4445a975d8ed3053f976,1d58ecc8a6ac8ded4f8b228fbb176a3ac2f4c821ad56fcb588c9f3ed2d7566dd,1d58ecc8a6ac8ded4f8b228fbb176a3ac2f4c821ad56fcb588c9f3ed2d7566dd,16,step_016_recorded_height_050mm_dur_21.07s,63,[95],63.557333333291496,63.557333333291496,72.01666666667005,72.01666666667005,{},{},{},1.0,{},False,0.0,null,"{""front_left_ankle"":0.0,""front_right_ankle"":0.0,""rear_left_ankle"":0.0,""rear_right_ankle"":0.0}",0.0,{},0.0,complete,none,complete,
