time_s,body_index,body_name,mass_kg,body_com_x_m,body_com_y_m,body_com_z_m,contribution_x_m,contribution_y_m,contribution_z_m,mass_fraction,valid_for_total_com
1.3083333333333311,0,base_link,1.3484421968460083,-0.031124673783779144,-0.12230023741722107,0.1826462298631668,-0.014319975928116555,-0.05626842767843779,0.08403267559272777,0.4600843699630843,True
1.3083333333333311,1,front_left_upper,0.12063051015138626,0.20310594141483307,0.02887796424329281,0.2078963816165924,0.008359589225571368,0.001188581274693501,0.008556757816590472,0.04115876260112624,True
1.3083333333333311,2,front_right_upper,0.12198812514543533,0.20350207388401031,-0.27102160453796387,0.20790119469165802,0.008470158577917995,-0.011280454909696641,0.008653258681681224,0.041621976701552994,True
1.3083333333333311,3,rear_left_upper,0.12198812514543533,-0.26506307721138,0.02652939036488533,0.20647798478603363,-0.011032449224134001,0.0011042056676736618,0.008594021872147906,0.041621976701552994,True
1.3083333333333311,4,rear_right_upper,0.12198812514543533,-0.2643977701663971,-0.2733701765537262,0.20669347047805786,-0.011004757829808344,-0.011378207119418622,0.008602990812600856,0.041621976701552994,True
1.3083333333333311,5,front_left_bot,0.2142179161310196,0.25210320949554443,0.03470135107636452,0.10892254114151001,0.01842634974382237,0.002536339116014151,0.007961203040910974,0.07309050043707607,True
1.3083333333333311,6,front_right_bot,0.2146543711423874,0.25404495000839233,-0.27499327063560486,0.10916168987751007,0.018606104172021895,-0.020140346973565305,0.007994938586213992,0.07323941755743323,True
1.3083333333333311,7,rear_left_bot,0.2146543711423874,-0.3138445019721985,0.030125362798571587,0.10995779931545258,-0.02298578852804652,0.0022063640250737497,0.008053245177760876,0.07323941755743323,True
1.3083333333333311,8,rear_right_bot,0.2142179161310196,-0.3158413767814636,-0.27904996275901794,0.11007601767778397,-0.023085004287692275,-0.02039590142500406,0.008045511218189663,0.07309050043707607,True
1.3083333333333311,9,front_left_wheel,0.059519216418266296,0.24727797508239746,0.09021122008562088,0.04890739917755127,0.00502166556339761,0.0018319891902426567,0.0009932004747426964,0.020307775335527967,True
1.3083333333333311,10,front_right_wheel,0.059519216418266296,0.25024688243865967,-0.33043450117111206,0.048915695399045944,0.005081957466980579,-0.006710389612890196,0.000993368952544944,0.020307775335527967,True
1.3083333333333311,11,rear_left_wheel,0.059519216418266296,-0.3089081048965454,0.08418798446655273,0.04988237842917442,-0.006273236393562751,0.001709670674497671,0.0010130001343414605,0.020307775335527967,True
1.3083333333333311,12,rear_right_wheel,0.059519216418266296,-0.31236666440963745,-0.33447155356407166,0.04988199472427368,-0.006343472043139176,-0.006792373165904175,0.0010129923421485412,0.020307775335527967,True
1.333333333333331,0,base_link,1.3484421968460083,-0.031134003773331642,-0.12230117619037628,0.1826379895210266,-0.014324268510481578,-0.05626885959329344,0.08402888434010593,0.4600843699630843,True
1.333333333333331,1,front_left_upper,0.12063051015138626,0.20309656858444214,0.028876911848783493,0.2078942209482193,0.008359203451470407,0.0011885379594377293,0.008556668886153845,0.04115876260112624,True
1.333333333333331,2,front_right_upper,0.12198812514543533,0.20349276065826416,-0.27102261781692505,0.20789869129657745,0.00846977094305297,-0.011280497084369956,0.008653154485429505,0.041621976701552994,True
1.333333333333331,3,rear_left_upper,0.12198812514543533,-0.26507264375686646,0.02652827836573124,0.20647577941417694,-0.011032847402667353,0.0011041593840707782,0.008593930080211868,0.041621976701552994,True
1.333333333333331,4,rear_right_upper,0.12198812514543533,-0.26440727710723877,-0.27337130904197693,0.20669129490852356,-0.01100515352747856,-0.011378254255818208,0.008602900261096388,0.041621976701552994,True
1.333333333333331,5,front_left_bot,0.2142179161310196,0.2520989179611206,0.03470075502991676,0.1089228093624115,0.01842603607342369,0.002536295550681001,0.007961222645310892,0.07309050043707607,True
1.333333333333331,6,front_right_bot,0.2146543711423874,0.2540416419506073,-0.27499377727508545,0.10916230827569962,0.018605861891796475,-0.020140384079545774,0.007994983877337212,0.07323941755743323,True
1.333333333333331,7,rear_left_bot,0.2146543711423874,-0.3138609528541565,0.03012470342218876,0.10995928198099136,-0.02298699338105943,0.0022063157327315203,0.00805335376732137,0.07323941755743323,True
1.333333333333331,8,rear_right_bot,0.2142179161310196,-0.3158600926399231,-0.27905067801475525,0.11007849127054214,-0.023086372239153188,-0.020395953703403844,0.008045692014322234,0.07309050043707607,True
1.333333333333331,9,front_left_wheel,0.059519216418266296,0.24727673828601837,0.0902109444141388,0.04890764132142067,0.005021640446814608,0.001831983591968132,0.000993205392145995,0.020307775335527967,True
1.333333333333331,10,front_right_wheel,0.059519216418266296,0.2502472996711731,-0.3304346799850464,0.0489157997071743,0.005081965940044724,-0.006710393244203401,0.0009933710708109804,0.020307775335527967,True
1.333333333333331,11,rear_left_wheel,0.059519216418266296,-0.30892884731292725,0.08418761193752289,0.049883730709552765,-0.006273657625894549,0.001709663109261827,0.0010130275961475746,0.020307775335527967,True
1.333333333333331,12,rear_right_wheel,0.059519216418266296,-0.3123910129070282,-0.33447200059890747,0.0498838871717453,-0.006343966506953945,-0.006792382244187188,0.0010130307735466291,0.020307775335527967,True
1.358333333333331,0,base_link,1.3484421968460083,-0.031143201515078545,-0.12230159342288971,0.1826302707195282,-0.014328500247698285,-0.05626905155545151,0.08402533304018166,0.4600843699630843,True
1.358333333333331,1,front_left_upper,0.12063051015138626,0.20308738946914673,0.028876500204205513,0.2078920602798462,0.008358825650443075,0.001188521016656268,0.008556579955717215,0.04115876260112624,True
1.358333333333331,2,front_right_upper,0.12198812514543533,0.20348364114761353,-0.2710230350494385,0.2078964114189148,0.00846939137099314,-0.01128051445041191,0.008653059592414547,0.041621976701552994,True
1.358333333333331,3,rear_left_upper,0.12198812514543533,-0.2650820314884186,0.026527853682637215,0.20647363364696503,-0.011033238138611297,0.0011041417079209331,0.008593840769138968,0.041621976701552994,True
1.358333333333331,4,rear_right_upper,0.12198812514543533,-0.2644166350364685,-0.27337169647216797,0.20668920874595642,-0.011005543022990933,-0.011378270381428593,0.008602813430886622,0.041621976701552994,True
1.358333333333331,5,front_left_bot,0.2142179161310196,0.25209495425224304,0.03470056876540184,0.10892318934202194,0.018425746363958242,0.0025362819365143912,0.007961250418210775,0.07309050043707607,True
1.358333333333331,6,front_right_bot,0.2146543711423874,0.2540381848812103,-0.27499401569366455,0.10916294157505035,0.018605608698047383,-0.020140401541183642,0.0079950302598128,0.07323941755743323,True
1.358333333333331,7,rear_left_bot,0.2146543711423874,-0.31387728452682495,0.030124420300126076,0.10996060073375702,-0.022988189503253407,0.0022062949970365515,0.00805345035200583,0.07323941755743323,True
1.358333333333331,8,rear_right_bot,0.2142179161310196,-0.3158773183822632,-0.27905088663101196,0.11008045077323914,-0.023087631277281223,-0.020395968951270445,0.008045835235354966,0.07309050043707607,True
1.358333333333331,9,front_left_wheel,0.059519216418266296,0.2472759634256363,0.09021088480949402,0.04890790581703186,0.005021624711124052,0.001831982381530397,0.0009932107634634444,0.020307775335527967,True
1.358333333333331,10,front_right_wheel,0.059519216418266296,0.2502472400665283,-0.33043479919433594,0.04891607165336609,0.00508196472960699,-0.006710395665078871,0.0009933765934331466,0.020307775335527967,True
1.358333333333331,11,rear_left_wheel,0.059519216418266296,-0.30894947052001953,0.08418742567300797,0.04988482967019081,-0.006274076437350877,0.001709659326643905,0.0010130499135933145,0.020307775335527967,True
1.358333333333331,12,rear_right_wheel,0.059519216418266296,-0.31241315603256226,-0.334472119808197,0.04988546669483185,-0.006344416184572517,-0.006792384665062658,0.001013062850146608,0.020307775335527967,True
1.3833333333333309,0,base_link,1.3484421968460083,-0.031151775270700455,-0.12230189889669418,0.18262287974357605,-0.014332444898651809,-0.05626919209917438,0.0840219325676673,0.4600843699630843,True
1.3833333333333309,1,front_left_upper,0.12063051015138626,0.20307892560958862,0.028876157477498055,0.2078898549079895,0.008358477288456834,0.0011885069104490787,0.00855648918534052,0.04115876260112624,True
1.3833333333333309,2,front_right_upper,0.12198812514543533,0.20347510278224945,-0.27102339267730713,0.20789392292499542,0.008469035987348888,-0.011280529335590726,0.008652956016378614,0.041621976701552994,True
1.3833333333333309,3,rear_left_upper,0.12198812514543533,-0.2650907635688782,0.026527510955929756,0.2064719796180725,-0.011033601585060742,0.0011041274429579003,0.00859377192518694,0.041621976701552994,True
1.3833333333333309,4,rear_right_upper,0.12198812514543533,-0.2644253075122833,-0.2733720541000366,0.20668722689151764,-0.011005903988577244,-0.01137828526660741,0.008602730942187345,0.041621976701552994,True
1.3833333333333309,5,front_left_bot,0.2142179161310196,0.25209149718284607,0.03470035269856453,0.10892339050769806,0.01842549368502597,0.0025362661440811243,0.007961265121510712,0.07309050043707607,True
1.3833333333333309,6,front_right_bot,0.2146543711423874,0.25403478741645813,-0.27499422430992126,0.10916303843259811,0.01860535986970776,-0.020140416820116778,0.007995037353603185,0.07323941755743323,True
1.3833333333333309,7,rear_left_bot,0.2146543711423874,-0.3138929605484009,0.03012419119477272,0.10996249318122864,-0.022989337605943246,0.0022062782174939125,0.008053588953756408,0.07323941755743323,True
1.3833333333333309,8,rear_right_bot,0.2142179161310196,-0.315893292427063,-0.27905112504959106,0.11008218675851822,-0.023088798828209647,-0.020395986377403703,0.008045962119387766,0.07309050043707607,True
1.3833333333333309,9,front_left_wheel,0.059519216418266296,0.24727551639080048,0.09021074324846268,0.04890794679522514,0.005021615632841039,0.0018319795067407764,0.0009932115956393871,0.020307775335527967,True
1.3833333333333309,10,front_right_wheel,0.059519216418266296,0.2502470314502716,-0.3304349184036255,0.04891590774059296,0.005081960493074917,-0.006710398085954341,0.0009933732647293752,0.020307775335527967,True
1.3833333333333309,11,rear_left_wheel,0.059519216418266296,-0.30896949768066406,0.08418726176023483,0.04988641291856766,-0.006274483144429854,0.0017096559979401336,0.0010130820658456518,0.020307775335527967,True
1.3833333333333309,12,rear_right_wheel,0.059519216418266296,-0.312433660030365,-0.33447226881980896,0.04988686740398407,-0.006344832575153375,-0.006792387691156996,0.0010130912954333818,0.020307775335527967,True
1.4083333333333308,0,base_link,1.3484421968460083,-0.03116004541516304,-0.12230199575424194,0.18261608481407166,-0.01433624986285638,-0.05626923666181822,0.08401880632680733,0.4600843699630843,True
1.4083333333333308,1,front_left_upper,0.12063051015138626,0.20307064056396484,0.028876030817627907,0.2078879177570343,0.008358136286230866,0.0011885016972855522,0.008556409454604232,0.04115876260112624,True
1.4083333333333308,2,front_right_upper,0.12198812514543533,0.20346683263778687,-0.2710234522819519,0.20789185166358948,0.008468691767588748,-0.011280531816453863,0.008652869806384633,0.041621976701552994,True
1.4083333333333308,3,rear_left_upper,0.12198812514543533,-0.2650991976261139,0.026527367532253265,0.2064702808856964,-0.011033952627194506,0.001104121473380979,0.008593701220587559,0.041621976701552994,True
1.4083333333333308,4,rear_right_upper,0.12198812514543533,-0.26443371176719666,-0.27337217330932617,0.20668542385101318,-0.01100625379027944,-0.011378290228333683,0.008602655896077477,0.041621976701552994,True
1.4083333333333308,5,front_left_bot,0.2142179161310196,0.2520880103111267,0.03470028191804886,0.10892379283905029,0.018425238827827043,0.0025362609706978127,0.007961294528110589,0.07309050043707607,True
1.4083333333333308,6,front_right_bot,0.2146543711423874,0.2540314495563507,-0.2749941945075989,0.10916336625814438,0.018605115406777603,-0.020140414637412046,0.007995061363355253,0.07323941755743323,True
1.4083333333333308,7,rear_left_bot,0.2146543711423874,-0.3139079213142395,0.030124107375741005,0.10996395349502563,-0.02299043332371948,0.0022062720786368496,0.008053695906288351,0.07323941755743323,True
1.4083333333333308,8,rear_right_bot,0.2142179161310196,-0.3159082531929016,-0.2790512144565582,0.11008384823799133,-0.023089892318071712,-0.02039599291220368,0.008046083557753922,0.07309050043707607,True
1.4083333333333308,9,front_left_wheel,0.059519216418266296,0.24727493524551392,0.09021072089672089,0.048908136785030365,0.005021603831073122,0.0018319790528266255,0.0009932154539096676,0.020307775335527967,True
1.4083333333333308,10,front_right_wheel,0.059519216418266296,0.25024667382240295,-0.3304348587989807,0.04891600087285042,0.005081953230448507,-0.006710396875516607,0.0009933751560383362,0.020307775335527967,True
1.4083333333333308,11,rear_left_wheel,0.059519216418266296,-0.3089885115623474,0.08418721705675125,0.04988755285739899,-0.006274869274067336,0.0017096550901118323,0.0010131052154673348,0.020307775335527967,True
1.4083333333333308,12,rear_right_wheel,0.059519216418266296,-0.3124527335166931,-0.33447229862213135,0.04988827556371689,-0.006345219915228593,-0.006792388296375863,0.0010131198920248724,0.020307775335527967,True
1.4333333333333307,0,base_link,1.3484421968460083,-0.031168589368462563,-0.12230244278907776,0.18260976672172546,-0.014340180802227187,-0.05626944233555901,0.08401589947127086,0.4600843699630843,True
1.4333333333333307,1,front_left_upper,0.12063051015138626,0.20306210219860077,0.02887548692524433,0.20788632333278656,0.008357784857677844,0.0011884793113480562,0.008556343830075133,0.04115876260112624,True
1.4333333333333307,2,front_right_upper,0.12198812514543533,0.20345833897590637,-0.27102407813072205,0.2078898400068283,0.008468338244591847,-0.011280557865516792,0.008652786077253788,0.041621976701552994,True
1.4333333333333307,3,rear_left_upper,0.12198812514543533,-0.2651078701019287,0.026526840403676033,0.20646867156028748,-0.011034313592780814,0.0011040995332476185,0.008593634237282884,0.041621976701552994,True
1.4333333333333307,4,rear_right_upper,0.12198812514543533,-0.26444241404533386,-0.27337273955345154,0.2066837102174759,-0.011006615996297318,-0.011378313796533476,0.008602584571262313,0.041621976701552994,True
1.4333333333333307,5,front_left_bot,0.2142179161310196,0.2520836591720581,0.03470000997185707,0.10892428457736969,0.01842492080089505,0.0025362410940145633,0.007961330469510438,0.07309050043707607,True
1.4333333333333307,6,front_right_bot,0.2146543711423874,0.2540278434753418,-0.2749945819377899,0.10916366428136826,0.018604851299504847,-0.020140443012573582,0.007995083190402588,0.07323941755743323,True
1.4333333333333307,7,rear_left_bot,0.2146543711423874,-0.3139224648475647,0.030123796314001083,0.10996517539024353,-0.022991498483629445,0.002206249296656193,0.008053785397182427,0.07323941755743323,True
1.4333333333333307,8,rear_right_bot,0.2142179161310196,-0.31592315435409546,-0.2790515720844269,0.11008542776107788,-0.023090981451400466,-0.020396019051403567,0.008046199005886769,0.07309050043707607,True
1.4333333333333307,9,front_left_wheel,0.059519216418266296,0.24727314710617065,0.09021056443452835,0.048908598721027374,0.0050215675179410705,0.0018319758754275712,0.0009932248348021144,0.020307775335527967,True
1.4333333333333307,10,front_right_wheel,0.059519216418266296,0.2502460181713104,-0.3304350674152374,0.048915937542915344,0.005081939915633421,-0.006710401112048679,0.0009933738699482427,0.020307775335527967,True
1.4333333333333307,11,rear_left_wheel,0.059519216418266296,-0.3090066611766815,0.08418705314397812,0.04988861456513405,-0.00627523785235766,0.001709651761408061,0.0010131267763894905,0.020307775335527967,True
1.4333333333333307,12,rear_right_wheel,0.059519216418266296,-0.31247150897979736,-0.33447253704071045,0.04988951236009598,-0.006345601203115134,-0.006792393138126803,0.0010131450086078746,0.020307775335527967,True
1.4583333333333306,0,base_link,1.3484421968460083,-0.031175673007965088,-0.12230263650417328,0.1826035976409912,-0.014343439874044751,-0.05626953146084668,0.08401306117364798,0.4600843699630843,True
1.4583333333333306,1,front_left_upper,0.12063051015138626,0.2030550241470337,0.02887531742453575,0.2078845351934433,0.008357493533833716,0.0011884723349086309,0.008556270232472405,0.04115876260112624,True
1.4583333333333306,2,front_right_upper,0.12198812514543533,0.2034512162208557,-0.27102425694465637,0.20788787305355072,0.008468041781447078,-0.011280565308106201,0.008652704208770295,0.041621976701552994,True
1.4583333333333306,3,rear_left_upper,0.12198812514543533,-0.2651151120662689,0.026526596397161484,0.20646709203720093,-0.011034615017651857,0.001104089377214155,0.008593568494409775,0.041621976701552994,True
1.4583333333333306,4,rear_right_upper,0.12198812514543533,-0.2644495666027069,-0.27337297797203064,0.20668204128742218,-0.011006913699873654,-0.01137832371998602,0.008602515107094501,0.041621976701552994,True
1.4583333333333306,5,front_left_bot,0.2142179161310196,0.2520807087421417,0.0346999354660511,0.1089244931936264,0.018424705152495956,0.0025362356483479196,0.00796134571737704,0.07309050043707607,True
1.4583333333333306,6,front_right_bot,0.2146543711423874,0.2540249228477478,-0.2749946713447571,0.10916375368833542,0.01860463739444096,-0.020140449560687782,0.00799508973851679,0.07323941755743323,True
1.4583333333333306,7,rear_left_bot,0.2146543711423874,-0.31393566727638245,0.030123582109808922,0.10996658354997635,-0.0229924654218264,0.002206233608465921,0.008053888529981085,0.07323941755743323,True
1.4583333333333306,8,rear_right_bot,0.2142179161310196,-0.3159365653991699,-0.2790517210960388,0.11008697003126144,-0.023091961671396342,-0.020396029942736853,0.008046311731186294,0.07309050043707607,True
1.4583333333333306,9,front_left_wheel,0.059519216418266296,0.24727270007133484,0.09021059423685074,0.04890860617160797,0.005021558439658058,0.0018319764806464386,0.0009932249861068312,0.020307775335527967,True
1.4583333333333306,10,front_right_wheel,0.059519216418266296,0.2502456605434418,-0.3304351270198822,0.048915840685367584,0.00508193265300701,-0.006710402322486414,0.0009933719029869231,0.020307775335527967,True
1.4583333333333306,11,rear_left_wheel,0.059519216418266296,-0.30902355909347534,0.084186851978302,0.049889758229255676,-0.006275581011455547,0.001709647676180705,0.0010131500016635317,0.020307775335527967,True
1.4583333333333306,12,rear_right_wheel,0.059519216418266296,-0.31248873472213745,-0.33447265625,0.04989080876111984,-0.006345951019620565,-0.006792395559002274,0.0010131713356286121,0.020307775335527967,True
1.4833333333333305,0,base_link,1.3484421968460083,-0.03118247166275978,-0.12230278551578522,0.182597815990448,-0.014346567828852564,-0.056269600018760274,0.08401040112660046,0.4600843699630843,True
1.4833333333333305,1,front_left_upper,0.12063051015138626,0.2030482441186905,0.028875146061182022,0.20788289606571198,0.00835721447625671,0.0011884652818050362,0.00855620276800324,0.04115876260112624,True
1.4833333333333305,2,front_right_upper,0.12198812514543533,0.2034444808959961,-0.2710244059562683,0.20788614451885223,0.008467761443912694,-0.01128057151026404,0.008652632263739347,0.041621976701552994,True
1.4833333333333305,3,rear_left_upper,0.12198812514543533,-0.26512202620506287,0.026526495814323425,0.20646558701992035,-0.01103490279777565,0.0011040851907576127,0.008593505852615587,0.041621976701552994,True
1.4833333333333305,4,rear_right_upper,0.12198812514543533,-0.26445651054382324,-0.2733730375766754,0.20668038725852966,-0.011007202720429016,-0.011378326200849156,0.008602446263142473,0.041621976701552994,True
1.4833333333333305,5,front_left_bot,0.2142179161310196,0.25207793712615967,0.03469978645443916,0.10892480611801147,0.018424502573696808,0.002536224757014632,0.007961368589176943,0.07309050043707607,True
1.4833333333333305,6,front_right_bot,0.2146543711423874,0.2540222406387329,-0.27499479055404663,0.1091640517115593,0.018604440951014944,-0.020140458291506715,0.007995111565564124,0.07323941755743323,True
1.4833333333333305,7,rear_left_bot,0.2146543711423874,-0.31394821405410767,0.030123544856905937,0.10996781289577484,-0.02299338434051922,0.002206230880085004,0.008053978566551344,0.07323941755743323,True
1.4833333333333305,8,rear_right_bot,0.2142179161310196,-0.31594908237457275,-0.2790517508983612,0.11008823662996292,-0.023092876543392492,-0.02039603212100351,0.00804640430751924,0.07309050043707607,True
1.4833333333333305,9,front_left_wheel,0.059519216418266296,0.24727240204811096,0.09021047502756119,0.04890876263380051,0.005021552387469382,0.0018319740597709684,0.0009932281635058858,0.020307775335527967,True
1.4833333333333305,10,front_right_wheel,0.059519216418266296,0.25024545192718506,-0.330435186624527,0.04891597852110863,0.005081928416474938,-0.0067104035329241495,0.0009933747021241854,0.020307775335527967,True
1.4833333333333305,11,rear_left_wheel,0.059519216418266296,-0.3090395927429199,0.084186851978302,0.04989069700241089,-0.006275906619206276,0.001709647676180705,0.0010131690660578588,0.020307775335527967,True
1.4833333333333305,12,rear_right_wheel,0.059519216418266296,-0.3125047981739044,-0.33447265625,0.04989182949066162,-0.006346277232590161,-0.006792395559002274,0.001013192064374825,0.020307775335527967,True
1.5083333333333304,0,base_link,1.3484421968460083,-0.031188786029815674,-0.12230274826288223,0.18259233236312866,-0.01434947297044119,-0.056269582879281875,0.08400787819538014,0.4600843699630843,True
1.5083333333333304,1,front_left_upper,0.12063051015138626,0.20304188132286072,0.028875255957245827,0.20788134634494781,0.008356952591453672,0.0011884698049910373,0.008556138983414209,0.04115876260112624,True
1.5083333333333304,2,front_right_upper,0.12198812514543533,0.2034381926059723,-0.27102425694465637,0.20788440108299255,0.00846749971285183,-0.011280565308106201,0.008652559698492615,0.041621976701552994,True
1.5083333333333304,3,rear_left_upper,0.12198812514543533,-0.265128493309021,0.026526445522904396,0.20646421611309052,-0.011035171971425922,0.0011040830975293417,0.008593448792763456,0.041621976701552994,True
1.5083333333333304,4,rear_right_upper,0.12198812514543533,-0.2644628882408142,-0.2733730673789978,0.2066788673400879,-0.011007468172784583,-0.011378327441280724,0.0086023830011325,0.041621976701552994,True
1.5083333333333304,5,front_left_bot,0.2142179161310196,0.2520754039287567,0.034699924290180206,0.10892513394355774,0.01842431742103092,0.002536234831497923,0.007961392550110176,0.07309050043707607,True
1.5083333333333304,6,front_right_bot,0.2146543711423874,0.25401967763900757,-0.2749945819377899,0.10916409641504288,0.01860425323840786,-0.020140443012573582,0.007995114839621224,0.07323941755743323,True
1.5083333333333304,7,rear_left_bot,0.2146543711423874,-0.3139600157737732,0.030123461037874222,0.1099691390991211,-0.022994248691593697,0.002206224741227941,0.008054075696911986,0.07323941755743323,True
1.5083333333333304,8,rear_right_bot,0.2142179161310196,-0.31596073508262634,-0.279051810503006,0.1100894883275032,-0.023093728245655577,-0.02039603647753683,0.008046495794718854,0.07309050043707607,True
1.5083333333333304,9,front_left_wheel,0.059519216418266296,0.24727210402488708,0.09021057188510895,0.04890889674425125,0.005021546335280707,0.001831976026732288,0.0009932308869907895,0.020307775335527967,True
1.5083333333333304,10,front_right_wheel,0.059519216418266296,0.25024518370628357,-0.33043503761291504,0.048915863037109375,0.00508192296950513,-0.006710400506829812,0.0009933723569010738,0.020307775335527967,True
1.5083333333333304,11,rear_left_wheel,0.059519216418266296,-0.30905479192733765,0.08418677002191544,0.049891769886016846,-0.006276215280828714,0.0017096460118288194,0.0010131908539370898,0.020307775335527967,True
1.5083333333333304,12,rear_right_wheel,0.059519216418266296,-0.31251972913742065,-0.33447274565696716,0.04989292845129967,-0.0063465804472427915,-0.006792397374658876,0.0010132143818205649,0.020307775335527967,True
1.5333333333333303,0,base_link,1.3484421968460083,-0.03119472786784172,-0.12230278551578522,0.18258705735206604,-0.014352206717245826,-0.056269600018760274,0.08400545124523885,0.4600843699630843,True
1.5333333333333303,1,front_left_upper,0.12063051015138626,0.20303598046302795,0.02887522242963314,0.2078796774148941,0.008356709719364672,0.001188468425035986,0.00855607029231833,0.04115876260112624,True
1.5333333333333303,2,front_right_upper,0.12198812514543533,0.20343226194381714,-0.27102434635162354,0.20788268744945526,0.008467252866969784,-0.011280569029400904,0.00865248837367745,0.041621976701552994,True
1.5333333333333303,3,rear_left_upper,0.12198812514543533,-0.2651345729827881,0.0265264380723238,0.20646296441555023,-0.011035425019465809,0.0011040827874214496,0.008593396694637597,0.041621976701552994,True
1.5333333333333303,4,rear_right_upper,0.12198812514543533,-0.2644689679145813,-0.2733730971813202,0.20667754113674164,-0.01100772122082447,-0.011378328681712293,0.008602327801927722,0.041621976701552994,True
1.5333333333333303,5,front_left_bot,0.2142179161310196,0.2520730197429657,0.03469986468553543,0.10892515629529953,0.018424143159698318,0.002536230474964608,0.00796139418381017,0.07309050043707607,True
1.5333333333333303,6,front_right_bot,0.2146543711423874,0.2540172338485718,-0.27499473094940186,0.10916411876678467,0.01860407425661971,-0.020140453926097247,0.007995116476649775,0.07323941755743323,True
1.5333333333333303,7,rear_left_bot,0.2146543711423874,-0.31397131085395813,0.030123423784971237,0.10997049510478973,-0.022995075936687707,0.002206222012847024,0.008054175009977361,0.07323941755743323,True
1.5333333333333303,8,rear_right_bot,0.2142179161310196,-0.31597188115119934,-0.27905187010765076,0.11009079962968826,-0.023094542917385483,-0.020396040834070144,0.008046591638451783,0.07309050043707607,True
1.5333333333333303,9,front_left_wheel,0.059519216418266296,0.24727189540863037,0.09021054953336716,0.04890876263380051,0.005021542098748635,0.0018319755728181373,0.0009932281635058858,0.020307775335527967,True
1.5333333333333303,10,front_right_wheel,0.059519216418266296,0.2502448260784149,-0.3304351270198822,0.04891577735543251,0.00508191570687872,-0.006710402322486414,0.0009933706168968298,0.020307775335527967,True
1.5333333333333303,11,rear_left_wheel,0.059519216418266296,-0.30906933546066284,0.08418670296669006,0.04989282414317131,-0.006276510627636068,0.0017096446500863675,0.0010132122635545286,0.020307775335527967,True
1.5333333333333303,12,rear_right_wheel,0.059519216418266296,-0.31253403425216675,-0.33447280526161194,0.04989404231309891,-0.006346870952299204,-0.006792398585096611,0.0010132370018757387,0.020307775335527967,True
1.5583333333333302,0,base_link,1.3484421968460083,-0.031200431287288666,-0.12230280786752701,0.18258213996887207,-0.014354830771388709,-0.056269610302447315,0.08400318883409018,0.4600843699630843,True
1.5583333333333302,1,front_left_upper,0.12063051015138626,0.2030302733182907,0.028875211253762245,0.2078782618045807,0.008356474820349303,0.001188467965050969,0.008556012027549504,0.04115876260112624,True
1.5583333333333302,2,front_right_upper,0.12198812514543533,0.2034265697002411,-0.27102434635162354,0.2078811228275299,0.008467015944540282,-0.011280569029400904,0.008652423251020128,0.041621976701552994,True
1.5583333333333302,3,rear_left_upper,0.12198812514543533,-0.26514047384262085,0.02652634121477604,0.20646177232265472,-0.011035670624916286,0.0011040787560188533,0.008593347077374875,0.041621976701552994,True
1.5583333333333302,4,rear_right_upper,0.12198812514543533,-0.2644747793674469,-0.27337324619293213,0.20667606592178345,-0.011007963104980244,-0.011378334883870132,0.008602266400565103,0.041621976701552994,True
1.5583333333333302,5,front_left_bot,0.2142179161310196,0.25207072496414185,0.03469992056488991,0.10892540216445923,0.018423975433165693,0.002536234559214591,0.007961412154510093,0.07309050043707607,True
1.5583333333333302,6,front_right_bot,0.2146543711423874,0.25401490926742554,-0.2749946713447571,0.10916420817375183,0.018603904005650495,-0.020140449560687782,0.007995123024763975,0.07323941755743323,True
1.5583333333333302,7,rear_left_bot,0.2146543711423874,-0.3139820098876953,0.030123349279165268,0.10997164249420166,-0.022995859527687044,0.00220621655608519,0.008054259044109603,0.07323941755743323,True
1.5583333333333302,8,rear_right_bot,0.2142179161310196,-0.31598228216171265,-0.2790520191192627,0.11009170114994049,-0.023095303132448952,-0.02039605172540343,0.008046657531018174,0.07309050043707607,True
1.5583333333333302,9,front_left_wheel,0.059519216418266296,0.24727164208889008,0.09021061658859253,0.04890889674425125,0.00502153695438826,0.0018319769345605892,0.0009932308869907895,0.020307775335527967,True
1.5583333333333302,10,front_right_wheel,0.059519216418266296,0.2502446472644806,-0.33043503761291504,0.04891570657491684,0.005081912075565515,-0.006710400506829812,0.0009933691795020194,0.020307775335527967,True
1.5583333333333302,11,rear_left_wheel,0.059519216418266296,-0.30908310413360596,0.08418663591146469,0.04989374056458473,-0.006276790238752865,0.0017096432883439154,0.001013230874034705,0.020307775335527967,True
1.5583333333333302,12,rear_right_wheel,0.059519216418266296,-0.3125472962856293,-0.3344729542732239,0.04989476874470711,-0.006347140274695254,-0.0067924016111909485,0.0010132517540856346,0.020307775335527967,True
1.5833333333333302,0,base_link,1.3484421968460083,-0.031205806881189346,-0.12230277061462402,0.18257761001586914,-0.014357303998121681,-0.056269593162968916,0.08400110467351686,0.4600843699630843,True
1.5833333333333302,1,front_left_upper,0.12063051015138626,0.20302489399909973,0.02887527085840702,0.2078769952058792,0.008356253414227766,0.0011884704183043934,0.00855595989591424,0.04115876260112624,True
1.5833333333333302,2,front_right_upper,0.12198812514543533,0.2034212052822113,-0.27102425694465637,0.20787972211837769,0.008466792666858028,-0.011280565308106201,0.008652364950736428,0.041621976701552994,True
1.5833333333333302,3,rear_left_upper,0.12198812514543533,-0.2651459276676178,0.02652638405561447,0.2064605951309204,-0.011035897623893244,0.0011040805391392325,0.008593298080327936,0.041621976701552994,True
1.5833333333333302,4,rear_right_upper,0.12198812514543533,-0.2644801735877991,-0.27337318658828735,0.20667484402656555,-0.011008187623094065,-0.011378332403006997,0.00860221554287081,0.041621976701552994,True
1.5833333333333302,5,front_left_bot,0.2142179161310196,0.25206851959228516,0.03469998016953468,0.10892567783594131,0.018423814241433037,0.0025362389157479056,0.007961432303476675,0.07309050043707607,True
1.5833333333333302,6,front_right_bot,0.2146543711423874,0.2540126442909241,-0.2749945819377899,0.10916432738304138,0.018603738120090745,-0.020140443012573582,0.00799513175558291,0.07323941755743323,True
1.5833333333333302,7,rear_left_bot,0.2146543711423874,-0.3139920234680176,0.030123338103294373,0.10997271537780762,-0.02299659291647751,0.002206215737570915,0.00805433762148001,0.07323941755743323,True
1.5833333333333302,8,rear_right_bot,0.2142179161310196,-0.3159921169281006,-0.2790519893169403,0.11009276658296585,-0.02309602196044593,-0.020396049547136773,0.008046735404051179,0.07309050043707607,True
1.5833333333333302,9,front_left_wheel,0.059519216418266296,0.24727138876914978,0.0902106761932373,0.04890900105237961,0.005021531810027887,0.0018319781449983243,0.0009932330052568258,0.020307775335527967,True
1.5833333333333302,10,front_right_wheel,0.059519216418266296,0.2502442002296448,-0.33043497800827026,0.048915691673755646,0.0050819029972825015,-0.006710399296392076,0.0009933688768925856,0.020307775335527967,True
1.5833333333333302,11,rear_left_wheel,0.059519216418266296,-0.30909591913223267,0.0841866135597229,0.04989458993077278,-0.006277050482865901,0.0017096428344297648,0.0010132481227724294,0.020307775335527967,True
1.5833333333333302,12,rear_right_wheel,0.059519216418266296,-0.3125598728656769,-0.3344729244709015,0.04989570751786232,-0.00634739567705735,-0.006792401005972081,0.0010132708184799617,0.020307775335527967,True
1.60833333333333,0,base_link,1.3484421968460083,-0.031210774555802345,-0.12230270355939865,0.1825731247663498,-0.014359589547566184,-0.0562695623119078,0.08399904108031762,0.4600843699630843,True
1.60833333333333,1,front_left_upper,0.12063051015138626,0.20301997661590576,0.02887534350156784,0.20787566900253296,0.008356051020820265,0.001188473408207004,0.008555905311025552,0.04115876260112624,True
1.60833333333333,2,front_right_upper,0.12198812514543533,0.20341619849205017,-0.271024227142334,0.20787839591503143,0.008466584274354592,-0.011280564067674633,0.008652309751531648,0.041621976701552994,True
1.60833333333333,3,rear_left_upper,0.12198812514543533,-0.26515108346939087,0.026526430621743202,0.20645935833454132,-0.01103611221855452,0.0011040824773135575,0.008593246602417861,0.041621976701552994,True
1.60833333333333,4,rear_right_upper,0.12198812514543533,-0.26448526978492737,-0.27337315678596497,0.2066735476255417,-0.011008399736892206,-0.011378331162575429,0.0086021615840976,0.041621976701552994,True
1.60833333333333,5,front_left_bot,0.2142179161310196,0.2520667016506195,0.034700002521276474,0.10892586410045624,0.01842368136716693,0.002536240549447899,0.007961445917643285,0.07309050043707607,True
1.60833333333333,6,front_right_bot,0.2146543711423874,0.2540106177330017,-0.27499455213546753,0.10916447639465332,0.018603589696168866,-0.020140440829868846,0.007995142669106578,0.07323941755743323,True
1.60833333333333,7,rear_left_bot,0.2146543711423874,-0.31400156021118164,0.030123349279165268,0.10997365415096283,-0.022997291381992243,0.00220621655608519,0.008054406376679117,0.07323941755743323,True
1.60833333333333,8,rear_right_bot,0.2142179161310196,-0.31600135564804077,-0.2790520191192627,0.1100936308503151,-0.023096697223109756,-0.02039605172540343,0.008046798573784247,0.07309050043707607,True
1.60833333333333,9,front_left_wheel,0.059519216418266296,0.24727141857147217,0.0902106836438179,0.048909008502960205,0.005021532415246754,0.0018319782963030413,0.0009932331565615429,0.020307775335527967,True
1.60833333333333,10,front_right_wheel,0.059519216418266296,0.25024399161338806,-0.33043503761291504,0.04891572892665863,0.005081898760750429,-0.006710400506829812,0.00099336963341617,0.020307775335527967,True
1.60833333333333,11,rear_left_wheel,0.059519216418266296,-0.309108167886734,0.08418658375740051,0.0498952679336071,-0.006277299227820454,0.0017096422292108974,0.0010132618915016658,0.020307775335527967,True
1.60833333333333,12,rear_right_wheel,0.059519216418266296,-0.3125717043876648,-0.33447298407554626,0.04989646002650261,-0.006347635948947757,-0.006792402216409817,0.0010132861002563668,0.020307775335527967,True
1.63333333333333,0,base_link,1.3484421968460083,-0.031215554103255272,-0.12230268120765686,0.18256893754005432,-0.014361788542644773,-0.05626955202822076,0.08399711460294558,0.4600843699630843,True
1.63333333333333,1,front_left_upper,0.12063051015138626,0.20301523804664612,0.028875330463051796,0.20787440240383148,0.00835585598717304,0.0011884728715578175,0.008555853179390286,0.04115876260112624,True
1.63333333333333,2,front_right_upper,0.12198812514543533,0.20341148972511292,-0.27102428674697876,0.20787708461284637,0.008466388286166837,-0.01128056654853777,0.008652255172542653,0.041621976701552994,True
1.63333333333333,3,rear_left_upper,0.12198812514543533,-0.26515597105026245,0.026526475325226784,0.20645825564861298,-0.011036315649331685,0.0011040843379609097,0.008593200706449842,0.041621976701552994,True
1.63333333333333,4,rear_right_upper,0.12198812514543533,-0.26449015736579895,-0.2733730971813202,0.20667234063148499,-0.01100860316766937,-0.011378328681712293,0.008602111346619094,0.041621976701552994,True
1.63333333333333,5,front_left_bot,0.2142179161310196,0.2520647943019867,0.034699954092502594,0.10892597585916519,0.018423541958100847,0.0025362370097645804,0.00796145408614325,0.07309050043707607,True
1.63333333333333,6,front_right_bot,0.2146543711423874,0.2540086507797241,-0.2749946713447571,0.1091645359992981,0.01860344563765645,-0.020140449560687782,0.007995147034516044,0.07323941755743323,True
1.63333333333333,7,rear_left_bot,0.2146543711423874,-0.31401050090789795,0.03012336976826191,0.10997454822063446,-0.022997946193412302,0.0022062180566946943,0.008054471857821122,0.07323941755743323,True
1.63333333333333,8,rear_right_bot,0.2142179161310196,-0.31601017713546753,-0.2790519893169403,0.11009449511766434,-0.023097341990040376,-0.020396049547136773,0.008046861743517314,0.07309050043707607,True
1.63333333333333,9,front_left_wheel,0.059519216418266296,0.24727126955986023,0.09021061658859253,0.04890895262360573,0.005021529389152416,0.0018319769345605892,0.000993232021776166,0.020307775335527967,True
1.63333333333333,10,front_right_wheel,0.059519216418266296,0.25024378299713135,-0.3304350972175598,0.04891574755311012,0.005081894524218356,-0.006710401717267547,0.0009933700116779621,0.020307775335527967,True
1.63333333333333,11,rear_left_wheel,0.059519216418266296,-0.30911967158317566,0.0841865986585617,0.04989595711231232,-0.00627753284230332,0.0017096425318203312,0.0010132758871879773,0.020307775335527967,True
1.63333333333333,12,rear_right_wheel,0.059519216418266296,-0.31258299946784973,-0.33447298407554626,0.04989718645811081,-0.00634786532689855,-0.006792402216409817,0.0010133008524662627,0.020307775335527967,True
1.6583333333333299,0,base_link,1.3484421968460083,-0.0312200840562582,-0.12230271846055984,0.1825651228427887,-0.014363872703218088,-0.05626956916769916,0.08399535952035753,0.4600843699630843,True
1.6583333333333299,1,front_left_upper,0.12063051015138626,0.2030107080936432,0.028875339776277542,0.20787326991558075,0.008355669539912798,0.001188473254878665,0.008555806567575226,0.04115876260112624,True
1.6583333333333299,2,front_right_upper,0.12198812514543533,0.20340695977210999,-0.271024227142334,0.20787586271762848,0.008466199740568489,-0.011280564067674633,0.008652204314848363,0.041621976701552994,True
1.6583333333333299,3,rear_left_upper,0.12198812514543533,-0.26516053080558777,0.026526467874646187,0.20645734667778015,-0.0110365054353616,0.0011040840278530176,0.008593162873287015,0.041621976701552994,True
1.6583333333333299,4,rear_right_upper,0.12198812514543533,-0.26449474692344666,-0.2733730673789978,0.20667128264904022,-0.011008794194130853,-0.011378327441280724,0.008602067311298426,0.041621976701552994,True
1.6583333333333299,5,front_left_bot,0.2142179161310196,0.25206291675567627,0.03469999507069588,0.10892615467309952,0.018423404727301425,0.0025362400048812347,0.007961467155743196,0.07309050043707607,True
1.6583333333333299,6,front_right_bot,0.2146543711423874,0.25400683283805847,-0.2749946117401123,0.10916457325220108,0.018603312492667706,-0.020140445195278314,0.007995149762896961,0.07323941755743323,True
1.6583333333333299,7,rear_left_bot,0.2146543711423874,-0.3140190541744232,0.03012329898774624,0.10997556149959564,-0.022998572629670828,0.0022062128727709522,0.008054546069782063,0.07323941755743323,True
1.6583333333333299,8,rear_right_bot,0.2142179161310196,-0.3160184621810913,-0.2790520191192627,0.11009535938501358,-0.023097947548171162,-0.02039605172540343,0.008046924913250382,0.07309050043707607,True
1.6583333333333299,9,front_left_wheel,0.059519216418266296,0.24727098643779755,0.09021063148975372,0.048909030854701996,0.005021523639573175,0.001831977237170023,0.0009932336104756935,0.020307775335527967,True
1.6583333333333299,10,front_right_wheel,0.059519216418266296,0.25024357438087463,-0.33043503761291504,0.04891565442085266,0.005081890287686284,-0.006710400506829812,0.0009933681203690011,0.020307775335527967,True
1.6583333333333299,11,rear_left_wheel,0.059519216418266296,-0.3091306984424591,0.08418650925159454,0.04989675432443619,-0.006277756773284304,0.0017096407161637285,0.0010132920767926836,0.020307775335527967,True
1.6583333333333299,12,rear_right_wheel,0.059519216418266296,-0.312593549489975,-0.33447301387786865,0.0498979352414608,-0.006348079574377654,-0.006792402821628684,0.0010133160585903093,0.020307775335527967,True
1.6833333333333298,0,base_link,1.3484421968460083,-0.031224364414811134,-0.12230272591114044,0.18256139755249023,-0.014365842029286131,-0.056269572595594834,0.08399364557251764,0.4600843699630843,True
1.6833333333333298,1,front_left_upper,0.12063051015138626,0.20300640165805817,0.028875308111310005,0.20787207782268524,0.008355492292352896,0.0011884719515877834,0.00855575750250674,0.04115876260112624,True
1.6833333333333298,2,front_right_upper,0.12198812514543533,0.20340260863304138,-0.271024227142334,0.20787450671195984,0.00846601863755955,-0.011280564067674633,0.008652147875212015,0.041621976701552994,True
1.6833333333333298,3,rear_left_upper,0.12198812514543533,-0.26516491174697876,0.026526454836130142,0.20645654201507568,-0.011036687778802106,0.0011040834851642066,0.008593129381634678,0.041621976701552994,True
1.6833333333333298,4,rear_right_upper,0.12198812514543533,-0.26449906826019287,-0.2733730673789978,0.2066703587770462,-0.011008974056708224,-0.011378327441280724,0.008602028857919816,0.041621976701552994,True
1.6833333333333298,5,front_left_bot,0.2142179161310196,0.2520611882209778,0.03469995781779289,0.1089262068271637,0.01842327838783529,0.0025362372820479126,0.007961470967709846,0.07309050043707607,True
1.6833333333333298,6,front_right_bot,0.2146543711423874,0.2540048360824585,-0.2749946117401123,0.10916441679000854,0.01860316625145056,-0.020140445195278314,0.00799513830369711,0.07323941755743323,True
1.6833333333333298,7,rear_left_bot,0.2146543711423874,-0.3140270411968231,0.030123306438326836,0.10997658967971802,-0.022999157594539413,0.0022062134184471357,0.00805462137309537,0.07323941755743323,True
1.6833333333333298,8,rear_right_bot,0.2142179161310196,-0.3160263001918793,-0.2790519595146179,0.11009624600410461,-0.023098520432302084,-0.020396047368870115,0.008046989716683443,0.07309050043707607,True
1.6833333333333298,9,front_left_wheel,0.059519216418266296,0.24727082252502441,0.09021059423685074,0.04890897870063782,0.005021520310869404,0.0018319764806464386,0.0009932325513426752,0.020307775335527967,True
1.6833333333333298,10,front_right_wheel,0.059519216418266296,0.25024309754371643,-0.33043503761291504,0.048915427178144455,0.0050818806041844035,-0.006710400506829812,0.0009933635055751362,0.020307775335527967,True
1.6833333333333298,11,rear_left_wheel,0.059519216418266296,-0.3091409206390381,0.08418652415275574,0.04989756643772125,-0.006277964363355866,0.0017096410187731623,0.0010133085690068237,0.020307775335527967,True
1.6833333333333298,12,rear_right_wheel,0.059519216418266296,-0.31260359287261963,-0.3344729542732239,0.049898698925971985,-0.006348283533136011,-0.0067924016111909485,0.0010133315673237896,0.020307775335527967,True
1.7083333333333297,0,base_link,1.3484421968460083,-0.031228456646203995,-0.12230268120765686,0.18255791068077087,-0.014367724800988258,-0.05626955202822076,0.08399204131733949,0.4600843699630843,True
1.7083333333333297,1,front_left_upper,0.12063051015138626,0.20300233364105225,0.028875337913632393,0.20787106454372406,0.008355324857806693,0.0011884731782144955,0.008555715797198528,0.04115876260112624,True
1.7083333333333297,2,front_right_upper,0.12198812514543533,0.20339858531951904,-0.271024227142334,0.20787352323532104,0.008465851179297861,-0.011280564067674633,0.008652106940970268,0.041621976701552994,True
1.7083333333333297,3,rear_left_upper,0.12198812514543533,-0.2651691436767578,0.02652648277580738,0.20645566284656525,-0.011036863920084773,0.0011040846480688017,0.00859309278890342,0.041621976701552994,True
1.7083333333333297,4,rear_right_upper,0.12198812514543533,-0.26450327038764954,-0.2733730673789978,0.20666925609111786,-0.011009148957559322,-0.011378327441280724,0.008601982961951797,0.041621976701552994,True
1.7083333333333297,5,front_left_bot,0.2142179161310196,0.2520594596862793,0.03470000997185707,0.10892638564109802,0.018423152048369154,0.0025362410940145633,0.007961484037309792,0.07309050043707607,True
1.7083333333333297,6,front_right_bot,0.2146543711423874,0.25400322675704956,-0.2749946117401123,0.10916461795568466,0.01860304838539495,-0.020140445195278314,0.007995153036954061,0.07323941755743323,True
1.7083333333333297,7,rear_left_bot,0.2146543711423874,-0.31403467059135437,0.03012329898774624,0.1099773570895195,-0.0229997163669512,0.0022062128727709522,0.008054677577742258,0.07323941755743323,True
1.7083333333333297,8,rear_right_bot,0.2142179161310196,-0.3160337209701538,-0.2790519893169403,0.11009681224822998,-0.023099062820699803,-0.020396049547136773,0.008047031103749935,0.07309050043707607,True
1.7083333333333297,9,front_left_wheel,0.059519216418266296,0.24727056920528412,0.09021066874265671,0.0489090234041214,0.0050215151665090295,0.0018319779936936075,0.0009932334591709765,0.020307775335527967,True
1.7083333333333297,10,front_right_wheel,0.059519216418266296,0.2502429485321045,-0.33043500781059265,0.04891552776098251,0.005081877578090066,-0.006710399901610944,0.0009933655481888142,0.020307775335527967,True
1.7083333333333297,11,rear_left_wheel,0.059519216418266296,-0.3091506361961365,0.08418650180101395,0.049898162484169006,-0.0062781616647066794,0.0017096405648590117,0.0010133206733841742,0.020307775335527967,True
1.7083333333333297,12,rear_right_wheel,0.059519216418266296,-0.31261301040649414,-0.33447298407554626,0.04989918693900108,-0.006348474782298149,-0.006792402216409817,0.0010133414777827453,0.020307775335527967,True
1.7333333333333296,0,base_link,1.3484421968460083,-0.031232180073857307,-0.12230270355939865,0.18255454301834106,-0.014369437891854235,-0.0562695623119078,0.08399049190849223,0.4600843699630843,True
1.7333333333333296,1,front_left_upper,0.12063051015138626,0.20299865305423737,0.02887534163892269,0.20787003636360168,0.008355173369407746,0.0011884733315428346,0.00855567347857696,0.04115876260112624,True
1.7333333333333296,2,front_right_upper,0.12198812514543533,0.20339486002922058,-0.271024227142334,0.2078723907470703,0.008465696125351852,-0.011280564067674633,0.008652059804570681,0.041621976701552994,True
1.7333333333333296,3,rear_left_upper,0.12198812514543533,-0.26517289876937866,0.026526428759098053,0.20645475387573242,-0.01103702021446235,0.0011040823997865846,0.008593054955740594,0.041621976701552994,True
1.7333333333333296,4,rear_right_upper,0.12198812514543533,-0.2645070254802704,-0.2733730971813202,0.20666831731796265,-0.011009305251936899,-0.011378328681712293,0.008601943888357402,0.041621976701552994,True
1.7333333333333296,5,front_left_bot,0.2142179161310196,0.25205808877944946,0.034699998795986176,0.10892646014690399,0.01842305184810291,0.002536240277164567,0.007961489482976435,0.07309050043707607,True
1.7333333333333296,6,front_right_bot,0.2146543711423874,0.2540017366409302,-0.2749946117401123,0.10916455090045929,0.01860293925015827,-0.020140445195278314,0.007995148125868412,0.07323941755743323,True
1.7333333333333296,7,rear_left_bot,0.2146543711423874,-0.3140416741371155,0.030123256146907806,0.10997811704874039,-0.02300022930256358,0.002206209735132898,0.008054733236712963,0.07323941755743323,True
1.7333333333333296,8,rear_right_bot,0.2142179161310196,-0.31604063510894775,-0.2790520489215851,0.11009754240512848,-0.023099568178564345,-0.020396053903670087,0.008047084471283045,0.07309050043707607,True
1.7333333333333296,9,front_left_wheel,0.059519216418266296,0.24727053940296173,0.09021064639091492,0.048909008502960205,0.005021514561290162,0.0018319775397794569,0.0009932331565615429,0.020307775335527967,True
1.7333333333333296,10,front_right_wheel,0.059519216418266296,0.25024279952049255,-0.33043503761291504,0.04891538992524147,0.005081874551995728,-0.006710400506829812,0.000993362749051552,0.020307775335527967,True
1.7333333333333296,11,rear_left_wheel,0.059519216418266296,-0.3091597557067871,0.08418644219636917,0.04989873617887497,-0.006278346861680143,0.0017096393544212766,0.001013332323847374,0.020307775335527967,True
1.7333333333333296,12,rear_right_wheel,0.059519216418266296,-0.3126218616962433,-0.3344730734825134,0.04989980161190033,-0.006348654532301804,-0.006792404032066419,0.0010133539604218881,0.020307775335527967,True
1.7583333333333295,0,base_link,1.3484421968460083,-0.03123576194047928,-0.12230274081230164,0.18255147337913513,-0.014371085852702296,-0.0562695794513862,0.08398907961547214,0.4600843699630843,True
1.7583333333333295,1,front_left_upper,0.12063051015138626,0.20299503207206726,0.028875283896923065,0.20786921679973602,0.008355024334262223,0.0011884709549535798,0.008555639746342377,0.04115876260112624,True
1.7583333333333295,2,front_right_upper,0.12198812514543533,0.2033911943435669,-0.271024227142334,0.20787152647972107,0.00846554355226898,-0.011280564067674633,0.008652023832055208,0.041621976701552994,True
1.7583333333333295,3,rear_left_upper,0.12198812514543533,-0.26517656445503235,0.026526445522904396,0.20645380020141602,-0.011037172787545223,0.0011040830975293417,0.008593015261930416,0.041621976701552994,True
1.7583333333333295,4,rear_right_upper,0.12198812514543533,-0.2645106911659241,-0.2733730673789978,0.20666739344596863,-0.011009457825019772,-0.011378327441280724,0.008601905434978793,0.041621976701552994,True
1.7583333333333295,5,front_left_bot,0.2142179161310196,0.2520565986633301,0.034699905663728714,0.10892672836780548,0.018422942934770033,0.002536233470081262,0.007961509087376353,0.07309050043707607,True
1.7583333333333295,6,front_right_bot,0.2146543711423874,0.2540002167224884,-0.2749946117401123,0.10916474461555481,0.01860282793221686,-0.020140445195278314,0.00799516231344918,0.07323941755743323,True
1.7583333333333295,7,rear_left_bot,0.2146543711423874,-0.3140483796596527,0.030123256146907806,0.10997862368822098,-0.023000720411128623,0.002206209735132898,0.008054770342693434,0.07323941755743323,True
1.7583333333333295,8,rear_right_bot,0.2142179161310196,-0.3160472810268402,-0.27905207872390747,0.11009812355041504,-0.023100053932028967,-0.020396056081936745,0.008047126947482866,0.07309050043707607,True
1.7583333333333295,9,front_left_wheel,0.059519216418266296,0.2472703754901886,0.09021054208278656,0.04890913516283035,0.0050215112325863905,0.0018319754215134205,0.0009932357287417298,0.020307775335527967,True
1.7583333333333295,10,front_right_wheel,0.059519216418266296,0.25024256110191345,-0.3304350972175598,0.04891546443104744,0.005081869710244788,-0.006710401717267547,0.0009933642620987206,0.020307775335527967,True
1.7583333333333295,11,rear_left_wheel,0.059519216418266296,-0.3091683089733124,0.08418644964694977,0.04989909008145332,-0.006278520559495122,0.0017096395057259934,0.001013339510821426,0.020307775335527967,True
1.7583333333333295,12,rear_right_wheel,0.059519216418266296,-0.3126303553581238,-0.3344730734825134,0.049900300800800323,-0.006348827019679049,-0.006792404032066419,0.001013364097837919,0.020307775335527967,True
