time_s,body_name,other_body,active,contact_point_w,contact_normal_w,normal_force_n,tangential_force_n,total_force_n,friction_coefficient,friction_utilization,slip_ratio,slip_state,slip_warning,impact_warning,wheel_contact,source,geometry_source
1.3083333333333311,front_left_ankle,ground_plane,True,"[0.24730253219604492, 0.07903582602739334, 0.0]","[0.0, 0.0, 1.0]",nan,nan,nan,1.05,nan,0.0,idle_deadband,False,False,True,wheel_geometry_approximation,wheel_geometry_approximation
1.3083333333333311,front_right_ankle,ground_plane,True,"[0.2502223253250122, -0.3192591071128845, 0.0]","[0.0, 0.0, 1.0]",nan,nan,nan,1.05,nan,0.0,idle_deadband,False,False,True,wheel_geometry_approximation,wheel_geometry_approximation
1.3083333333333311,rear_left_ankle,ground_plane,True,"[-0.30888354778289795, 0.0730125904083252, 0.0]","[0.0, 0.0, 1.0]",nan,nan,nan,1.05,nan,0.0,idle_deadband,False,False,True,wheel_geometry_approximation,wheel_geometry_approximation
1.3083333333333311,rear_right_ankle,ground_plane,True,"[-0.3123911917209625, -0.3232961595058441, 0.0]","[0.0, 0.0, 1.0]",nan,nan,nan,1.05,nan,0.0,idle_deadband,False,False,True,wheel_geometry_approximation,wheel_geometry_approximation
1.333333333333331,front_left_ankle,ground_plane,True,"[0.24730129539966583, 0.07903555035591125, 0.0]","[0.0, 0.0, 1.0]",nan,nan,nan,1.05,nan,0.0,idle_deadband,False,False,True,wheel_geometry_approximation,wheel_geometry_approximation
1.333333333333331,front_right_ankle,ground_plane,True,"[0.25022274255752563, -0.31925928592681885, 0.0]","[0.0, 0.0, 1.0]",nan,nan,nan,1.05,nan,0.0,idle_deadband,False,False,True,wheel_geometry_approximation,wheel_geometry_approximation
1.333333333333331,rear_left_ankle,ground_plane,True,"[-0.3089042901992798, 0.07301221787929535, 0.0]","[0.0, 0.0, 1.0]",nan,nan,nan,1.05,nan,0.0,idle_deadband,False,False,True,wheel_geometry_approximation,wheel_geometry_approximation
1.333333333333331,rear_right_ankle,ground_plane,True,"[-0.31241554021835327, -0.32329660654067993, 0.0]","[0.0, 0.0, 1.0]",nan,nan,nan,1.05,nan,0.0,idle_deadband,False,False,True,wheel_geometry_approximation,wheel_geometry_approximation
1.358333333333331,front_left_ankle,ground_plane,True,"[0.24730052053928375, 0.07903549075126648, 0.0]","[0.0, 0.0, 1.0]",nan,nan,nan,1.05,nan,0.0,idle_deadband,False,False,True,wheel_geometry_approximation,wheel_geometry_approximation
1.358333333333331,front_right_ankle,ground_plane,True,"[0.25022268295288086, -0.3192594051361084, 0.0]","[0.0, 0.0, 1.0]",nan,nan,nan,1.05,nan,0.0,idle_deadband,False,False,True,wheel_geometry_approximation,wheel_geometry_approximation
1.358333333333331,rear_left_ankle,ground_plane,True,"[-0.30892491340637207, 0.07301203161478043, 0.0]","[0.0, 0.0, 1.0]",nan,nan,nan,1.05,nan,0.0,idle_deadband,False,False,True,wheel_geometry_approximation,wheel_geometry_approximation
1.358333333333331,rear_right_ankle,ground_plane,True,"[-0.31243768334388733, -0.3232967257499695, 0.0]","[0.0, 0.0, 1.0]",nan,nan,nan,1.05,nan,0.0,idle_deadband,False,False,True,wheel_geometry_approximation,wheel_geometry_approximation
1.3833333333333309,front_left_ankle,ground_plane,True,"[0.24730008840560913, 0.07903534919023514, 0.0]","[0.0, 0.0, 1.0]",nan,nan,nan,1.05,nan,0.0,idle_deadband,False,False,True,wheel_geometry_approximation,wheel_geometry_approximation
1.3833333333333309,front_right_ankle,ground_plane,True,"[0.25022247433662415, -0.31925952434539795, 0.0]","[0.0, 0.0, 1.0]",nan,nan,nan,1.05,nan,0.0,idle_deadband,False,False,True,wheel_geometry_approximation,wheel_geometry_approximation
1.3833333333333309,rear_left_ankle,ground_plane,True,"[-0.3089449405670166, 0.0730118677020073, 0.0]","[0.0, 0.0, 1.0]",nan,nan,nan,1.05,nan,0.0,idle_deadband,False,False,True,wheel_geometry_approximation,wheel_geometry_approximation
1.3833333333333309,rear_right_ankle,ground_plane,True,"[-0.31245818734169006, -0.3232968747615814, 0.0]","[0.0, 0.0, 1.0]",nan,nan,nan,1.05,nan,0.0,idle_deadband,False,False,True,wheel_geometry_approximation,wheel_geometry_approximation
1.4083333333333308,front_left_ankle,ground_plane,True,"[0.24729949235916138, 0.07903532683849335, 0.0]","[0.0, 0.0, 1.0]",nan,nan,nan,1.05,nan,0.0,idle_deadband,False,False,True,wheel_geometry_approximation,wheel_geometry_approximation
1.4083333333333308,front_right_ankle,ground_plane,True,"[0.2502221167087555, -0.3192594647407532, 0.0]","[0.0, 0.0, 1.0]",nan,nan,nan,1.05,nan,0.0,idle_deadband,False,False,True,wheel_geometry_approximation,wheel_geometry_approximation
1.4083333333333308,rear_left_ankle,ground_plane,True,"[-0.30896395444869995, 0.07301182299852371, 0.0]","[0.0, 0.0, 1.0]",nan,nan,nan,1.05,nan,0.0,idle_deadband,False,False,True,wheel_geometry_approximation,wheel_geometry_approximation
1.4083333333333308,rear_right_ankle,ground_plane,True,"[-0.3124772608280182, -0.3232969045639038, 0.0]","[0.0, 0.0, 1.0]",nan,nan,nan,1.05,nan,0.0,idle_deadband,False,False,True,wheel_geometry_approximation,wheel_geometry_approximation
1.4333333333333307,front_left_ankle,ground_plane,True,"[0.24729770421981812, 0.07903517037630081, 0.0]","[0.0, 0.0, 1.0]",nan,nan,nan,1.05,nan,0.0,idle_deadband,False,False,True,wheel_geometry_approximation,wheel_geometry_approximation
1.4333333333333307,front_right_ankle,ground_plane,True,"[0.25022146105766296, -0.3192596733570099, 0.0]","[0.0, 0.0, 1.0]",nan,nan,nan,1.05,nan,0.0,idle_deadband,False,False,True,wheel_geometry_approximation,wheel_geometry_approximation
1.4333333333333307,rear_left_ankle,ground_plane,True,"[-0.30898210406303406, 0.07301165908575058, 0.0]","[0.0, 0.0, 1.0]",nan,nan,nan,1.05,nan,0.0,idle_deadband,False,False,True,wheel_geometry_approximation,wheel_geometry_approximation
1.4333333333333307,rear_right_ankle,ground_plane,True,"[-0.31249603629112244, -0.3232971429824829, 0.0]","[0.0, 0.0, 1.0]",nan,nan,nan,1.05,nan,0.0,idle_deadband,False,False,True,wheel_geometry_approximation,wheel_geometry_approximation
1.4583333333333306,front_left_ankle,ground_plane,True,"[0.2472972720861435, 0.0790352001786232, 0.0]","[0.0, 0.0, 1.0]",nan,nan,nan,1.05,nan,0.0,idle_deadband,False,False,True,wheel_geometry_approximation,wheel_geometry_approximation
1.4583333333333306,front_right_ankle,ground_plane,True,"[0.2502211034297943, -0.31925973296165466, 0.0]","[0.0, 0.0, 1.0]",nan,nan,nan,1.05,nan,0.0,idle_deadband,False,False,True,wheel_geometry_approximation,wheel_geometry_approximation
1.4583333333333306,rear_left_ankle,ground_plane,True,"[-0.3089990019798279, 0.07301145792007446, 0.0]","[0.0, 0.0, 1.0]",nan,nan,nan,1.05,nan,0.0,idle_deadband,False,False,True,wheel_geometry_approximation,wheel_geometry_approximation
1.4583333333333306,rear_right_ankle,ground_plane,True,"[-0.3125132918357849, -0.32329726219177246, 0.0]","[0.0, 0.0, 1.0]",nan,nan,nan,1.05,nan,0.0,idle_deadband,False,False,True,wheel_geometry_approximation,wheel_geometry_approximation
1.4833333333333305,front_left_ankle,ground_plane,True,"[0.24729695916175842, 0.07903508096933365, 0.0]","[0.0, 0.0, 1.0]",nan,nan,nan,1.05,nan,0.0,idle_deadband,False,False,True,wheel_geometry_approximation,wheel_geometry_approximation
1.4833333333333305,front_right_ankle,ground_plane,True,"[0.2502208948135376, -0.31925979256629944, 0.0]","[0.0, 0.0, 1.0]",nan,nan,nan,1.05,nan,0.0,idle_deadband,False,False,True,wheel_geometry_approximation,wheel_geometry_approximation
1.4833333333333305,rear_left_ankle,ground_plane,True,"[-0.30901503562927246, 0.07301145792007446, 0.0]","[0.0, 0.0, 1.0]",nan,nan,nan,1.05,nan,0.0,idle_deadband,False,False,True,wheel_geometry_approximation,wheel_geometry_approximation
1.4833333333333305,rear_right_ankle,ground_plane,True,"[-0.3125293552875519, -0.32329726219177246, 0.0]","[0.0, 0.0, 1.0]",nan,nan,nan,1.05,nan,0.0,idle_deadband,False,False,True,wheel_geometry_approximation,wheel_geometry_approximation
1.5083333333333304,front_left_ankle,ground_plane,True,"[0.24729667603969574, 0.07903517782688141, 0.0]","[0.0, 0.0, 1.0]",nan,nan,nan,1.05,nan,0.0,idle_deadband,False,False,True,wheel_geometry_approximation,wheel_geometry_approximation
1.5083333333333304,front_right_ankle,ground_plane,True,"[0.2502206265926361, -0.3192596435546875, 0.0]","[0.0, 0.0, 1.0]",nan,nan,nan,1.05,nan,0.0,idle_deadband,False,False,True,wheel_geometry_approximation,wheel_geometry_approximation
1.5083333333333304,rear_left_ankle,ground_plane,True,"[-0.3090302348136902, 0.0730113759636879, 0.0]","[0.0, 0.0, 1.0]",nan,nan,nan,1.05,nan,0.0,idle_deadband,False,False,True,wheel_geometry_approximation,wheel_geometry_approximation
1.5083333333333304,rear_right_ankle,ground_plane,True,"[-0.3125442862510681, -0.3232973515987396, 0.0]","[0.0, 0.0, 1.0]",nan,nan,nan,1.05,nan,0.0,idle_deadband,False,False,True,wheel_geometry_approximation,wheel_geometry_approximation
1.5333333333333303,front_left_ankle,ground_plane,True,"[0.24729646742343903, 0.07903515547513962, 0.0]","[0.0, 0.0, 1.0]",nan,nan,nan,1.05,nan,0.0,idle_deadband,False,False,True,wheel_geometry_approximation,wheel_geometry_approximation
1.5333333333333303,front_right_ankle,ground_plane,True,"[0.25022026896476746, -0.31925973296165466, 0.0]","[0.0, 0.0, 1.0]",nan,nan,nan,1.05,nan,0.0,idle_deadband,False,False,True,wheel_geometry_approximation,wheel_geometry_approximation
1.5333333333333303,rear_left_ankle,ground_plane,True,"[-0.3090447783470154, 0.07301130890846252, 0.0]","[0.0, 0.0, 1.0]",nan,nan,nan,1.05,nan,0.0,idle_deadband,False,False,True,wheel_geometry_approximation,wheel_geometry_approximation
1.5333333333333303,rear_right_ankle,ground_plane,True,"[-0.3125585913658142, -0.3232974112033844, 0.0]","[0.0, 0.0, 1.0]",nan,nan,nan,1.05,nan,0.0,idle_deadband,False,False,True,wheel_geometry_approximation,wheel_geometry_approximation
1.5583333333333302,front_left_ankle,ground_plane,True,"[0.24729621410369873, 0.07903522253036499, 0.0]","[0.0, 0.0, 1.0]",nan,nan,nan,1.05,nan,0.0,idle_deadband,False,False,True,wheel_geometry_approximation,wheel_geometry_approximation
1.5583333333333302,front_right_ankle,ground_plane,True,"[0.25022009015083313, -0.3192596435546875, 0.0]","[0.0, 0.0, 1.0]",nan,nan,nan,1.05,nan,0.0,idle_deadband,False,False,True,wheel_geometry_approximation,wheel_geometry_approximation
1.5583333333333302,rear_left_ankle,ground_plane,True,"[-0.3090585470199585, 0.07301124185323715, 0.0]","[0.0, 0.0, 1.0]",nan,nan,nan,1.05,nan,0.0,idle_deadband,False,False,True,wheel_geometry_approximation,wheel_geometry_approximation
1.5583333333333302,rear_right_ankle,ground_plane,True,"[-0.31257185339927673, -0.32329756021499634, 0.0]","[0.0, 0.0, 1.0]",nan,nan,nan,1.05,nan,0.0,idle_deadband,False,False,True,wheel_geometry_approximation,wheel_geometry_approximation
1.5833333333333302,front_left_ankle,ground_plane,True,"[0.24729596078395844, 0.07903528213500977, 0.0]","[0.0, 0.0, 1.0]",nan,nan,nan,1.05,nan,0.0,idle_deadband,False,False,True,wheel_geometry_approximation,wheel_geometry_approximation
1.5833333333333302,front_right_ankle,ground_plane,True,"[0.2502196431159973, -0.3192595839500427, 0.0]","[0.0, 0.0, 1.0]",nan,nan,nan,1.05,nan,0.0,idle_deadband,False,False,True,wheel_geometry_approximation,wheel_geometry_approximation
1.5833333333333302,rear_left_ankle,ground_plane,True,"[-0.3090713620185852, 0.07301121950149536, 0.0]","[0.0, 0.0, 1.0]",nan,nan,nan,1.05,nan,0.0,idle_deadband,False,False,True,wheel_geometry_approximation,wheel_geometry_approximation
1.5833333333333302,rear_right_ankle,ground_plane,True,"[-0.31258442997932434, -0.32329753041267395, 0.0]","[0.0, 0.0, 1.0]",nan,nan,nan,1.05,nan,0.0,idle_deadband,False,False,True,wheel_geometry_approximation,wheel_geometry_approximation
1.60833333333333,front_left_ankle,ground_plane,True,"[0.24729599058628082, 0.07903528958559036, 0.0]","[0.0, 0.0, 1.0]",nan,nan,nan,1.05,nan,0.0,idle_deadband,False,False,True,wheel_geometry_approximation,wheel_geometry_approximation
1.60833333333333,front_right_ankle,ground_plane,True,"[0.2502194344997406, -0.3192596435546875, 0.0]","[0.0, 0.0, 1.0]",nan,nan,nan,1.05,nan,0.0,idle_deadband,False,False,True,wheel_geometry_approximation,wheel_geometry_approximation
1.60833333333333,rear_left_ankle,ground_plane,True,"[-0.30908361077308655, 0.07301118969917297, 0.0]","[0.0, 0.0, 1.0]",nan,nan,nan,1.05,nan,0.0,idle_deadband,False,False,True,wheel_geometry_approximation,wheel_geometry_approximation
1.60833333333333,rear_right_ankle,ground_plane,True,"[-0.31259626150131226, -0.3232975900173187, 0.0]","[0.0, 0.0, 1.0]",nan,nan,nan,1.05,nan,0.0,idle_deadband,False,False,True,wheel_geometry_approximation,wheel_geometry_approximation
1.63333333333333,front_left_ankle,ground_plane,True,"[0.24729584157466888, 0.07903522253036499, 0.0]","[0.0, 0.0, 1.0]",nan,nan,nan,1.05,nan,0.0,idle_deadband,False,False,True,wheel_geometry_approximation,wheel_geometry_approximation
1.63333333333333,front_right_ankle,ground_plane,True,"[0.2502192258834839, -0.3192597031593323, 0.0]","[0.0, 0.0, 1.0]",nan,nan,nan,1.05,nan,0.0,idle_deadband,False,False,True,wheel_geometry_approximation,wheel_geometry_approximation
1.63333333333333,rear_left_ankle,ground_plane,True,"[-0.3090951144695282, 0.07301120460033417, 0.0]","[0.0, 0.0, 1.0]",nan,nan,nan,1.05,nan,0.0,idle_deadband,False,False,True,wheel_geometry_approximation,wheel_geometry_approximation
1.63333333333333,rear_right_ankle,ground_plane,True,"[-0.3126075565814972, -0.3232975900173187, 0.0]","[0.0, 0.0, 1.0]",nan,nan,nan,1.05,nan,0.0,idle_deadband,False,False,True,wheel_geometry_approximation,wheel_geometry_approximation
1.6583333333333299,front_left_ankle,ground_plane,True,"[0.2472955584526062, 0.07903523743152618, 0.0]","[0.0, 0.0, 1.0]",nan,nan,nan,1.05,nan,0.0,idle_deadband,False,False,True,wheel_geometry_approximation,wheel_geometry_approximation
1.6583333333333299,front_right_ankle,ground_plane,True,"[0.2502190172672272, -0.3192596435546875, 0.0]","[0.0, 0.0, 1.0]",nan,nan,nan,1.05,nan,0.0,idle_deadband,False,False,True,wheel_geometry_approximation,wheel_geometry_approximation
1.6583333333333299,rear_left_ankle,ground_plane,True,"[-0.30910614132881165, 0.073011115193367, 0.0]","[0.0, 0.0, 1.0]",nan,nan,nan,1.05,nan,0.0,idle_deadband,False,False,True,wheel_geometry_approximation,wheel_geometry_approximation
1.6583333333333299,rear_right_ankle,ground_plane,True,"[-0.31261810660362244, -0.3232976198196411, 0.0]","[0.0, 0.0, 1.0]",nan,nan,nan,1.05,nan,0.0,idle_deadband,False,False,True,wheel_geometry_approximation,wheel_geometry_approximation
1.6833333333333298,front_left_ankle,ground_plane,True,"[0.24729539453983307, 0.0790352001786232, 0.0]","[0.0, 0.0, 1.0]",nan,nan,nan,1.05,nan,0.0,idle_deadband,False,False,True,wheel_geometry_approximation,wheel_geometry_approximation
1.6833333333333298,front_right_ankle,ground_plane,True,"[0.25021854043006897, -0.3192596435546875, 0.0]","[0.0, 0.0, 1.0]",nan,nan,nan,1.05,nan,0.0,idle_deadband,False,False,True,wheel_geometry_approximation,wheel_geometry_approximation
1.6833333333333298,rear_left_ankle,ground_plane,True,"[-0.3091163635253906, 0.0730111300945282, 0.0]","[0.0, 0.0, 1.0]",nan,nan,nan,1.05,nan,0.0,idle_deadband,False,False,True,wheel_geometry_approximation,wheel_geometry_approximation
1.6833333333333298,rear_right_ankle,ground_plane,True,"[-0.3126281499862671, -0.32329756021499634, 0.0]","[0.0, 0.0, 1.0]",nan,nan,nan,1.05,nan,0.0,idle_deadband,False,False,True,wheel_geometry_approximation,wheel_geometry_approximation
1.7083333333333297,front_left_ankle,ground_plane,True,"[0.24729514122009277, 0.07903527468442917, 0.0]","[0.0, 0.0, 1.0]",nan,nan,nan,1.05,nan,0.0,idle_deadband,False,False,True,wheel_geometry_approximation,wheel_geometry_approximation
1.7083333333333297,front_right_ankle,ground_plane,True,"[0.25021839141845703, -0.3192596137523651, 0.0]","[0.0, 0.0, 1.0]",nan,nan,nan,1.05,nan,0.0,idle_deadband,False,False,True,wheel_geometry_approximation,wheel_geometry_approximation
1.7083333333333297,rear_left_ankle,ground_plane,True,"[-0.309126079082489, 0.07301110774278641, 0.0]","[0.0, 0.0, 1.0]",nan,nan,nan,1.05,nan,0.0,idle_deadband,False,False,True,wheel_geometry_approximation,wheel_geometry_approximation
1.7083333333333297,rear_right_ankle,ground_plane,True,"[-0.3126375675201416, -0.3232975900173187, 0.0]","[0.0, 0.0, 1.0]",nan,nan,nan,1.05,nan,0.0,idle_deadband,False,False,True,wheel_geometry_approximation,wheel_geometry_approximation
1.7333333333333296,front_left_ankle,ground_plane,True,"[0.24729511141777039, 0.07903525233268738, 0.0]","[0.0, 0.0, 1.0]",nan,nan,nan,1.05,nan,0.0,idle_deadband,False,False,True,wheel_geometry_approximation,wheel_geometry_approximation
1.7333333333333296,front_right_ankle,ground_plane,True,"[0.2502182424068451, -0.3192596435546875, 0.0]","[0.0, 0.0, 1.0]",nan,nan,nan,1.05,nan,0.0,idle_deadband,False,False,True,wheel_geometry_approximation,wheel_geometry_approximation
1.7333333333333296,rear_left_ankle,ground_plane,True,"[-0.30913519859313965, 0.07301104813814163, 0.0]","[0.0, 0.0, 1.0]",nan,nan,nan,1.05,nan,0.0,idle_deadband,False,False,True,wheel_geometry_approximation,wheel_geometry_approximation
1.7333333333333296,rear_right_ankle,ground_plane,True,"[-0.31264641880989075, -0.3232976794242859, 0.0]","[0.0, 0.0, 1.0]",nan,nan,nan,1.05,nan,0.0,idle_deadband,False,False,True,wheel_geometry_approximation,wheel_geometry_approximation
1.7583333333333295,front_left_ankle,ground_plane,True,"[0.24729494750499725, 0.07903514802455902, 0.0]","[0.0, 0.0, 1.0]",nan,nan,nan,1.05,nan,0.0,idle_deadband,False,False,True,wheel_geometry_approximation,wheel_geometry_approximation
1.7583333333333295,front_right_ankle,ground_plane,True,"[0.250218003988266, -0.3192597031593323, 0.0]","[0.0, 0.0, 1.0]",nan,nan,nan,1.05,nan,0.0,idle_deadband,False,False,True,wheel_geometry_approximation,wheel_geometry_approximation
1.7583333333333295,rear_left_ankle,ground_plane,True,"[-0.3091437518596649, 0.07301105558872223, 0.0]","[0.0, 0.0, 1.0]",nan,nan,nan,1.05,nan,0.0,idle_deadband,False,False,True,wheel_geometry_approximation,wheel_geometry_approximation
1.7583333333333295,rear_right_ankle,ground_plane,True,"[-0.31265491247177124, -0.3232976794242859, 0.0]","[0.0, 0.0, 1.0]",nan,nan,nan,1.05,nan,0.0,idle_deadband,False,False,True,wheel_geometry_approximation,wheel_geometry_approximation
