sample_index,time_s,sim_step,obstacle_height_cm,obstacle_height_m,base_x_m,base_y_m,base_z_m,base_qw,base_qx,base_qy,base_qz,base_roll_rad,base_pitch_rad,base_yaw_rad,base_vx_m_s,base_vy_m_s,base_vz_m_s,base_wx_rad_s,base_wy_rad_s,base_wz_rad_s,total_mass_kg,com_x_m,com_y_m,com_z_m,com_vx_m_s,com_vy_m_s,com_vz_m_s,com_source,com_warning,com_projection_x_m,com_projection_y_m,com_projection_z_m,static_stability_margin_m,dynamic_stability_margin_m,stability_state,dynamic_stability_state,support_area_m2,support_perimeter_m,active_contact_count,support_polygon_w,support_degenerate,contact_geometry_source,contact_force_source,contact_force_valid,contact_force_reason,max_contact_force_n,max_contact_force_n_source,max_friction_utilization,friction_utilization_valid,friction_utilization_reason,max_wheel_slip_ratio,wheel_slip_state,wheel_slip_source,active_contact_count_label,equilibrium_status,equilibrium_stability_margin_m,equilibrium_margin_valid,equilibrium_reason,equilibrium_area_m2,equilibrium_solver_time_ms,equilibrium_vertices_w,tracking_rmse_rad,max_abs_tracking_error_rad,max_torque_utilization,max_torque_joint,total_positive_work_j,command_target_source,joint_catalog,robot_joint_names,warnings,selected_step_sequence,step_sequence_phase,step_index,step_progress,replay_state,replay_event_index,replay_event_count,last_replay_command,sequence_interruption,sequence_retry,sequence_success,failure_reason,sample_overhead_ms
0,1.3083333333333311,157,5,0.05,-0.007618576288223267,-0.0012706592679023743,0.09884032607078552,0.9999868869781494,0.0003851332876365632,-0.005007707513868809,0.0010970470029860735,0.0007593071013206034,-0.010016294161581169,0.002190319143693209,-0.0017489695455878973,-0.0005747060640715063,0.0010247600730508566,-0.0023051288444548845,0.0030928112100809813,0.0038179203402251005,2.9308585226535797,-0.031078859484787804,-0.12238895093672139,0.1545071647026014,-0.0014810956591078145,-0.0006379190986392625,0.00010668423959902958,isaaclab.ArticulationData.body_com_state_w,,-0.031078859484787804,-0.12238895093672139,0.0,0.1983984028192038,0.19852277143132246,safe,safe,0.2222490916118458,1.9134766017196556,4,"[[-0.3123911917209625, -0.3232961595058441, 0.0], [0.2502223253250122, -0.3192591071128845, 0.0], [0.24730253219604492, 0.07903582602739334, 0.0], [-0.30888354778289795, 0.0730125904083252, 0.0]]",False,wheel_geometry_approximation,disabled,False,contact sensor disabled or unavailable; support contacts are geometry-estimated,nan,disabled,nan,False,friction utilization requires valid normal and tangential contact forces,0.0,idle_deadband,joint velocity vs base velocity with idle deadband,4 (geometry-estimated),contact_forces_unavailable,nan,False,contact_forces_unavailable,nan,0.0,[],0.0342158603766727,0.08879977464675903,1.0,rear_right_hip,0.00044425602873135646,adapter.command_state,"[{""available"": true, ""commandable"": true, ""joint_id"": 0, ""joint_name"": ""front_left_hip"", ""kind"": ""servo"", ""source"": ""telemetry_articulation""}, {""available"": true, ""commandable"": true, ""joint_id"": 4, ""joint_name"": ""front_left_knee"", ""kind"": ""servo"", ""source"": ""telemetry_articulation""}, {""available"": true, ""commandable"": true, ""joint_id"": 1, ""joint_name"": ""front_right_hip"", ""kind"": ""servo"", ""source"": ""telemetry_articulation""}, {""available"": true, ""commandable"": true, ""joint_id"": 5, ""joint_name"": ""front_right_knee"", ""kind"": ""servo"", ""source"": ""telemetry_articulation""}, {""available"": true, ""commandable"": true, ""joint_id"": 2, ""joint_name"": ""rear_left_hip"", ""kind"": ""servo"", ""source"": ""telemetry_articulation""}, {""available"": true, ""commandable"": true, ""joint_id"": 6, ""joint_name"": ""rear_left_knee"", ""kind"": ""servo"", ""source"": ""telemetry_articulation""}, {""available"": true, ""commandable"": true, ""joint_id"": 3, ""joint_name"": ""rear_right_hip"", ""kind"": ""servo"", ""source"": ""telemetry_articulation""}, {""available"": true, ""commandable"": true, ""joint_id"": 7, ""joint_name"": ""rear_right_knee"", ""kind"": ""servo"", ""source"": ""telemetry_articulation""}, {""available"": true, ""commandable"": true, ""joint_id"": 8, ""joint_name"": ""front_left_ankle"", ""kind"": ""wheel"", ""source"": ""telemetry_articulation""}, {""available"": true, ""commandable"": true, ""joint_id"": 9, ""joint_name"": ""front_right_ankle"", ""kind"": ""wheel"", ""source"": ""telemetry_articulation""}, {""available"": true, ""commandable"": true, ""joint_id"": 10, ""joint_name"": ""rear_left_ankle"", ""kind"": ""wheel"", ""source"": ""telemetry_articulation""}, {""available"": true, ""commandable"": true, ""joint_id"": 11, ""joint_name"": ""rear_right_ankle"", ""kind"": ""wheel"", ""source"": ""telemetry_articulation""}]","[""front_left_hip"", ""front_left_knee"", ""front_right_hip"", ""front_right_knee"", ""rear_left_hip"", ""rear_left_knee"", ""rear_right_hip"", ""rear_right_knee"", ""front_left_ankle"", ""front_right_ankle"", ""rear_left_ankle"", ""rear_right_ankle""]",contact sensor unavailable; contact forces unavailable; wheel support points are approximate; contact sensor disabled or unavailable; support contacts are geometry-estimated,,idle,,0.0,idle,0,0,,0,0,,,8.367200032807887
1,1.333333333333331,160,5,0.05,-0.007627291604876518,-0.0012711882591247559,0.09883283823728561,0.9999868869781494,0.0003875411639455706,-0.00501142255961895,0.001097069587558508,0.0007641146818747658,-0.010023729435764506,0.00219033739532819,-0.0017473698826506734,-0.0005554868257604539,0.0010439477628096938,-0.0022918779868632555,0.0032329214736819267,0.003761123865842819,2.9308585226535797,-0.031088780447085733,-0.12238976887667082,0.15450342518994042,-0.0014775721347590962,-0.0006183011822806858,0.00012209507888172967,isaaclab.ArticulationData.body_com_state_w,,-0.031088780447085733,-0.12238976887667082,0.0,0.198398908703033,0.1985193616541484,safe,safe,0.22225787494085825,1.9135208959698704,4,"[[-0.31241554021835327, -0.32329660654067993, 0.0], [0.25022274255752563, -0.31925928592681885, 0.0], [0.24730129539966583, 0.07903555035591125, 0.0], [-0.3089042901992798, 0.07301221787929535, 0.0]]",False,wheel_geometry_approximation,disabled,False,contact sensor disabled or unavailable; support contacts are geometry-estimated,nan,disabled,nan,False,friction utilization requires valid normal and tangential contact forces,0.0,idle_deadband,joint velocity vs base velocity with idle deadband,4 (geometry-estimated),contact_forces_unavailable,nan,False,contact_forces_unavailable,nan,0.0,[],0.03443433220615074,0.08939238637685776,1.0,rear_right_hip,0.000910003052703313,adapter.command_state,"[{""available"": true, ""commandable"": true, ""joint_id"": 0, ""joint_name"": ""front_left_hip"", ""kind"": ""servo"", ""source"": ""telemetry_articulation""}, {""available"": true, ""commandable"": true, ""joint_id"": 4, ""joint_name"": ""front_left_knee"", ""kind"": ""servo"", ""source"": ""telemetry_articulation""}, {""available"": true, ""commandable"": true, ""joint_id"": 1, ""joint_name"": ""front_right_hip"", ""kind"": ""servo"", ""source"": ""telemetry_articulation""}, {""available"": true, ""commandable"": true, ""joint_id"": 5, ""joint_name"": ""front_right_knee"", ""kind"": ""servo"", ""source"": ""telemetry_articulation""}, {""available"": true, ""commandable"": true, ""joint_id"": 2, ""joint_name"": ""rear_left_hip"", ""kind"": ""servo"", ""source"": ""telemetry_articulation""}, {""available"": true, ""commandable"": true, ""joint_id"": 6, ""joint_name"": ""rear_left_knee"", ""kind"": ""servo"", ""source"": ""telemetry_articulation""}, {""available"": true, ""commandable"": true, ""joint_id"": 3, ""joint_name"": ""rear_right_hip"", ""kind"": ""servo"", ""source"": ""telemetry_articulation""}, {""available"": true, ""commandable"": true, ""joint_id"": 7, ""joint_name"": ""rear_right_knee"", ""kind"": ""servo"", ""source"": ""telemetry_articulation""}, {""available"": true, ""commandable"": true, ""joint_id"": 8, ""joint_name"": ""front_left_ankle"", ""kind"": ""wheel"", ""source"": ""telemetry_articulation""}, {""available"": true, ""commandable"": true, ""joint_id"": 9, ""joint_name"": ""front_right_ankle"", ""kind"": ""wheel"", ""source"": ""telemetry_articulation""}, {""available"": true, ""commandable"": true, ""joint_id"": 10, ""joint_name"": ""rear_left_ankle"", ""kind"": ""wheel"", ""source"": ""telemetry_articulation""}, {""available"": true, ""commandable"": true, ""joint_id"": 11, ""joint_name"": ""rear_right_ankle"", ""kind"": ""wheel"", ""source"": ""telemetry_articulation""}]","[""front_left_hip"", ""front_left_knee"", ""front_right_hip"", ""front_right_knee"", ""rear_left_hip"", ""rear_left_knee"", ""rear_right_hip"", ""rear_right_knee"", ""front_left_ankle"", ""front_right_ankle"", ""rear_left_ankle"", ""rear_right_ankle""]",contact sensor unavailable; contact forces unavailable; wheel support points are approximate; contact sensor disabled or unavailable; support contacts are geometry-estimated,,idle,,0.0,idle,0,0,,0,0,,,155.64000001177192
2,1.358333333333331,163,5,0.05,-0.007636014372110367,-0.0012714415788650513,0.09882549196481705,0.9999867677688599,0.0003885110781993717,-0.005014276131987572,0.001097080996260047,0.0007660483179852298,-0.010029439829218192,0.0021903485960951914,-0.001741713029332459,-0.0005452792975120246,0.0010701236315071583,-0.0022434473503381014,0.0033717306796461344,0.003707966534420848,2.9308585226535797,-0.03109843328758566,-0.12239010584358519,0.15449989317435991,-0.0014695223409773549,-0.0006067063059982185,0.00014308274824333288,isaaclab.ArticulationData.body_com_state_w,,-0.03109843328758566,-0.12239010584358519,0.0,0.19839913443812546,0.19851728603054808,safe,safe,0.22226620061808505,1.9135628387427424,4,"[[-0.31243768334388733, -0.3232967257499695, 0.0], [0.25022268295288086, -0.3192594051361084, 0.0], [0.24730052053928375, 0.07903549075126648, 0.0], [-0.30892491340637207, 0.07301203161478043, 0.0]]",False,wheel_geometry_approximation,disabled,False,contact sensor disabled or unavailable; support contacts are geometry-estimated,nan,disabled,nan,False,friction utilization requires valid normal and tangential contact forces,0.0,idle_deadband,joint velocity vs base velocity with idle deadband,4 (geometry-estimated),contact_forces_unavailable,nan,False,contact_forces_unavailable,nan,0.0,[],0.03463965496545309,0.08992618322372437,1.0,rear_right_hip,0.001396262877547573,adapter.command_state,"[{""available"": true, ""commandable"": true, ""joint_id"": 0, ""joint_name"": ""front_left_hip"", ""kind"": ""servo"", ""source"": ""telemetry_articulation""}, {""available"": true, ""commandable"": true, ""joint_id"": 4, ""joint_name"": ""front_left_knee"", ""kind"": ""servo"", ""source"": ""telemetry_articulation""}, {""available"": true, ""commandable"": true, ""joint_id"": 1, ""joint_name"": ""front_right_hip"", ""kind"": ""servo"", ""source"": ""telemetry_articulation""}, {""available"": true, ""commandable"": true, ""joint_id"": 5, ""joint_name"": ""front_right_knee"", ""kind"": ""servo"", ""source"": ""telemetry_articulation""}, {""available"": true, ""commandable"": true, ""joint_id"": 2, ""joint_name"": ""rear_left_hip"", ""kind"": ""servo"", ""source"": ""telemetry_articulation""}, {""available"": true, ""commandable"": true, ""joint_id"": 6, ""joint_name"": ""rear_left_knee"", ""kind"": ""servo"", ""source"": ""telemetry_articulation""}, {""available"": true, ""commandable"": true, ""joint_id"": 3, ""joint_name"": ""rear_right_hip"", ""kind"": ""servo"", ""source"": ""telemetry_articulation""}, {""available"": true, ""commandable"": true, ""joint_id"": 7, ""joint_name"": ""rear_right_knee"", ""kind"": ""servo"", ""source"": ""telemetry_articulation""}, {""available"": true, ""commandable"": true, ""joint_id"": 8, ""joint_name"": ""front_left_ankle"", ""kind"": ""wheel"", ""source"": ""telemetry_articulation""}, {""available"": true, ""commandable"": true, ""joint_id"": 9, ""joint_name"": ""front_right_ankle"", ""kind"": ""wheel"", ""source"": ""telemetry_articulation""}, {""available"": true, ""commandable"": true, ""joint_id"": 10, ""joint_name"": ""rear_left_ankle"", ""kind"": ""wheel"", ""source"": ""telemetry_articulation""}, {""available"": true, ""commandable"": true, ""joint_id"": 11, ""joint_name"": ""rear_right_ankle"", ""kind"": ""wheel"", ""source"": ""telemetry_articulation""}]","[""front_left_hip"", ""front_left_knee"", ""front_right_hip"", ""front_right_knee"", ""rear_left_hip"", ""rear_left_knee"", ""rear_right_hip"", ""rear_right_knee"", ""front_left_ankle"", ""front_right_ankle"", ""rear_left_ankle"", ""rear_right_ankle""]",contact sensor unavailable; contact forces unavailable; wheel support points are approximate; contact sensor disabled or unavailable; support contacts are geometry-estimated,,idle,,0.0,idle,0,0,,0,0,,,3.641700022853911
3,1.3833333333333309,166,5,0.05,-0.007644206285476685,-0.0012716278433799744,0.09881837666034698,0.9999867677688599,0.0003892022359650582,-0.00501659233123064,0.0010971109149977565,0.000767425319925331,-0.010034073700045186,0.0021903997508327068,-0.0017233104445040226,-0.0005347839905880392,0.0010825323406606913,-0.0022657380905002356,0.003373353276401758,0.0036938199773430824,2.9308585226535797,-0.031107459669570504,-0.12239038145634139,0.1544964924066666,-0.0014510511158647625,-0.0005968281501336957,0.00015340398760248767,isaaclab.ArticulationData.body_com_state_w,,-0.031107459669570504,-0.12239038145634139,0.0,0.19839927116683306,0.19851548734664437,safe,safe,0.22227411381850914,1.9136026965507167,4,"[[-0.31245818734169006, -0.3232968747615814, 0.0], [0.25022247433662415, -0.31925952434539795, 0.0], [0.24730008840560913, 0.07903534919023514, 0.0], [-0.3089449405670166, 0.0730118677020073, 0.0]]",False,wheel_geometry_approximation,disabled,False,contact sensor disabled or unavailable; support contacts are geometry-estimated,nan,disabled,nan,False,friction utilization requires valid normal and tangential contact forces,0.0,idle_deadband,joint velocity vs base velocity with idle deadband,4 (geometry-estimated),contact_forces_unavailable,nan,False,contact_forces_unavailable,nan,0.0,[],0.03483303628205586,0.09041878581047058,1.0,rear_right_hip,0.0018965979684671182,adapter.command_state,"[{""available"": true, ""commandable"": true, ""joint_id"": 0, ""joint_name"": ""front_left_hip"", ""kind"": ""servo"", ""source"": ""telemetry_articulation""}, {""available"": true, ""commandable"": true, ""joint_id"": 4, ""joint_name"": ""front_left_knee"", ""kind"": ""servo"", ""source"": ""telemetry_articulation""}, {""available"": true, ""commandable"": true, ""joint_id"": 1, ""joint_name"": ""front_right_hip"", ""kind"": ""servo"", ""source"": ""telemetry_articulation""}, {""available"": true, ""commandable"": true, ""joint_id"": 5, ""joint_name"": ""front_right_knee"", ""kind"": ""servo"", ""source"": ""telemetry_articulation""}, {""available"": true, ""commandable"": true, ""joint_id"": 2, ""joint_name"": ""rear_left_hip"", ""kind"": ""servo"", ""source"": ""telemetry_articulation""}, {""available"": true, ""commandable"": true, ""joint_id"": 6, ""joint_name"": ""rear_left_knee"", ""kind"": ""servo"", ""source"": ""telemetry_articulation""}, {""available"": true, ""commandable"": true, ""joint_id"": 3, ""joint_name"": ""rear_right_hip"", ""kind"": ""servo"", ""source"": ""telemetry_articulation""}, {""available"": true, ""commandable"": true, ""joint_id"": 7, ""joint_name"": ""rear_right_knee"", ""kind"": ""servo"", ""source"": ""telemetry_articulation""}, {""available"": true, ""commandable"": true, ""joint_id"": 8, ""joint_name"": ""front_left_ankle"", ""kind"": ""wheel"", ""source"": ""telemetry_articulation""}, {""available"": true, ""commandable"": true, ""joint_id"": 9, ""joint_name"": ""front_right_ankle"", ""kind"": ""wheel"", ""source"": ""telemetry_articulation""}, {""available"": true, ""commandable"": true, ""joint_id"": 10, ""joint_name"": ""rear_left_ankle"", ""kind"": ""wheel"", ""source"": ""telemetry_articulation""}, {""available"": true, ""commandable"": true, ""joint_id"": 11, ""joint_name"": ""rear_right_ankle"", ""kind"": ""wheel"", ""source"": ""telemetry_articulation""}]","[""front_left_hip"", ""front_left_knee"", ""front_right_hip"", ""front_right_knee"", ""rear_left_hip"", ""rear_left_knee"", ""rear_right_hip"", ""rear_right_knee"", ""front_left_ankle"", ""front_right_ankle"", ""rear_left_ankle"", ""rear_right_ankle""]",contact sensor unavailable; contact forces unavailable; wheel support points are approximate; contact sensor disabled or unavailable; support contacts are geometry-estimated,,idle,,0.0,idle,0,0,,0,0,,,3.668299992568791
4,1.4083333333333308,169,5,0.05,-0.007652096450328827,-0.0012716799974441528,0.09881175309419632,0.9999867677688599,0.00038948003202676773,-0.005018905736505985,0.001097140833735466,0.0007679755737058106,-0.010038701079127615,0.0021904550514589417,-0.001711810240522027,-0.000535729865077883,0.0011082279961556196,-0.002225276315584779,0.0034197564236819744,0.00367840682156384,2.9308585226535797,-0.031116131761471558,-0.1223904610651743,0.15449339377740956,-0.001437970203949951,-0.0005966177464349307,0.0001723427474217433,isaaclab.ArticulationData.body_com_state_w,,-0.031116131761471558,-0.1223904610651743,0.0,0.1983993302865708,0.19851553280858986,safe,safe,0.2222814637985825,1.9136397349894088,4,"[[-0.3124772608280182, -0.3232969045639038, 0.0], [0.2502221167087555, -0.3192594647407532, 0.0], [0.24729949235916138, 0.07903532683849335, 0.0], [-0.30896395444869995, 0.07301182299852371, 0.0]]",False,wheel_geometry_approximation,disabled,False,contact sensor disabled or unavailable; support contacts are geometry-estimated,nan,disabled,nan,False,friction utilization requires valid normal and tangential contact forces,0.0,idle_deadband,joint velocity vs base velocity with idle deadband,4 (geometry-estimated),contact_forces_unavailable,nan,False,contact_forces_unavailable,nan,0.0,[],0.035015698678321744,0.09087857604026794,1.0,rear_right_hip,0.002413020953349985,adapter.command_state,"[{""available"": true, ""commandable"": true, ""joint_id"": 0, ""joint_name"": ""front_left_hip"", ""kind"": ""servo"", ""source"": ""telemetry_articulation""}, {""available"": true, ""commandable"": true, ""joint_id"": 4, ""joint_name"": ""front_left_knee"", ""kind"": ""servo"", ""source"": ""telemetry_articulation""}, {""available"": true, ""commandable"": true, ""joint_id"": 1, ""joint_name"": ""front_right_hip"", ""kind"": ""servo"", ""source"": ""telemetry_articulation""}, {""available"": true, ""commandable"": true, ""joint_id"": 5, ""joint_name"": ""front_right_knee"", ""kind"": ""servo"", ""source"": ""telemetry_articulation""}, {""available"": true, ""commandable"": true, ""joint_id"": 2, ""joint_name"": ""rear_left_hip"", ""kind"": ""servo"", ""source"": ""telemetry_articulation""}, {""available"": true, ""commandable"": true, ""joint_id"": 6, ""joint_name"": ""rear_left_knee"", ""kind"": ""servo"", ""source"": ""telemetry_articulation""}, {""available"": true, ""commandable"": true, ""joint_id"": 3, ""joint_name"": ""rear_right_hip"", ""kind"": ""servo"", ""source"": ""telemetry_articulation""}, {""available"": true, ""commandable"": true, ""joint_id"": 7, ""joint_name"": ""rear_right_knee"", ""kind"": ""servo"", ""source"": ""telemetry_articulation""}, {""available"": true, ""commandable"": true, ""joint_id"": 8, ""joint_name"": ""front_left_ankle"", ""kind"": ""wheel"", ""source"": ""telemetry_articulation""}, {""available"": true, ""commandable"": true, ""joint_id"": 9, ""joint_name"": ""front_right_ankle"", ""kind"": ""wheel"", ""source"": ""telemetry_articulation""}, {""available"": true, ""commandable"": true, ""joint_id"": 10, ""joint_name"": ""rear_left_ankle"", ""kind"": ""wheel"", ""source"": ""telemetry_articulation""}, {""available"": true, ""commandable"": true, ""joint_id"": 11, ""joint_name"": ""rear_right_ankle"", ""kind"": ""wheel"", ""source"": ""telemetry_articulation""}]","[""front_left_hip"", ""front_left_knee"", ""front_right_hip"", ""front_right_knee"", ""rear_left_hip"", ""rear_left_knee"", ""rear_right_hip"", ""rear_right_knee"", ""front_left_ankle"", ""front_right_ankle"", ""rear_left_ankle"", ""rear_right_ankle""]",contact sensor unavailable; contact forces unavailable; wheel support points are approximate; contact sensor disabled or unavailable; support contacts are geometry-estimated,,idle,,0.0,idle,0,0,,0,0,,,3.5835999296978116
5,1.4333333333333307,172,5,0.05,-0.007660247385501862,-0.0012719258666038513,0.09880583733320236,0.9999868273735046,0.0003906885103788227,-0.005021166056394577,0.0010970738949254155,0.0007703883045922533,-0.010043223651594465,0.002190307188885735,-0.0016740000573918223,-0.000503980612847954,0.001097498694434762,-0.002459279028698802,0.003463875036686659,0.0037164129316806793,2.9308585226535797,-0.031125026745563947,-0.12239087343965983,0.15449051673987493,-0.0013934487355402438,-0.000571425482546953,0.00016758003954530599,isaaclab.ArticulationData.body_com_state_w,,-0.031125026745563947,-0.12239087343965983,0.0,0.19839959482842776,0.19851085569300278,safe,safe,0.22228835023841642,1.9136743556607956,4,"[[-0.31249603629112244, -0.3232971429824829, 0.0], [0.25022146105766296, -0.3192596733570099, 0.0], [0.24729770421981812, 0.07903517037630081, 0.0], [-0.30898210406303406, 0.07301165908575058, 0.0]]",False,wheel_geometry_approximation,disabled,False,contact sensor disabled or unavailable; support contacts are geometry-estimated,nan,disabled,nan,False,friction utilization requires valid normal and tangential contact forces,0.0,idle_deadband,joint velocity vs base velocity with idle deadband,4 (geometry-estimated),contact_forces_unavailable,nan,False,contact_forces_unavailable,nan,0.0,[],0.03518781772633598,0.09132461249828339,1.0,rear_right_hip,0.0029422105427188393,adapter.command_state,"[{""available"": true, ""commandable"": true, ""joint_id"": 0, ""joint_name"": ""front_left_hip"", ""kind"": ""servo"", ""source"": ""telemetry_articulation""}, {""available"": true, ""commandable"": true, ""joint_id"": 4, ""joint_name"": ""front_left_knee"", ""kind"": ""servo"", ""source"": ""telemetry_articulation""}, {""available"": true, ""commandable"": true, ""joint_id"": 1, ""joint_name"": ""front_right_hip"", ""kind"": ""servo"", ""source"": ""telemetry_articulation""}, {""available"": true, ""commandable"": true, ""joint_id"": 5, ""joint_name"": ""front_right_knee"", ""kind"": ""servo"", ""source"": ""telemetry_articulation""}, {""available"": true, ""commandable"": true, ""joint_id"": 2, ""joint_name"": ""rear_left_hip"", ""kind"": ""servo"", ""source"": ""telemetry_articulation""}, {""available"": true, ""commandable"": true, ""joint_id"": 6, ""joint_name"": ""rear_left_knee"", ""kind"": ""servo"", ""source"": ""telemetry_articulation""}, {""available"": true, ""commandable"": true, ""joint_id"": 3, ""joint_name"": ""rear_right_hip"", ""kind"": ""servo"", ""source"": ""telemetry_articulation""}, {""available"": true, ""commandable"": true, ""joint_id"": 7, ""joint_name"": ""rear_right_knee"", ""kind"": ""servo"", ""source"": ""telemetry_articulation""}, {""available"": true, ""commandable"": true, ""joint_id"": 8, ""joint_name"": ""front_left_ankle"", ""kind"": ""wheel"", ""source"": ""telemetry_articulation""}, {""available"": true, ""commandable"": true, ""joint_id"": 9, ""joint_name"": ""front_right_ankle"", ""kind"": ""wheel"", ""source"": ""telemetry_articulation""}, {""available"": true, ""commandable"": true, ""joint_id"": 10, ""joint_name"": ""rear_left_ankle"", ""kind"": ""wheel"", ""source"": ""telemetry_articulation""}, {""available"": true, ""commandable"": true, ""joint_id"": 11, ""joint_name"": ""rear_right_ankle"", ""kind"": ""wheel"", ""source"": ""telemetry_articulation""}]","[""front_left_hip"", ""front_left_knee"", ""front_right_hip"", ""front_right_knee"", ""rear_left_hip"", ""rear_left_knee"", ""rear_right_hip"", ""rear_right_knee"", ""front_left_ankle"", ""front_right_ankle"", ""rear_left_ankle"", ""rear_right_ankle""]",contact sensor unavailable; contact forces unavailable; wheel support points are approximate; contact sensor disabled or unavailable; support contacts are geometry-estimated,,idle,,0.0,idle,0,0,,0,0,,,3.484399989247322
6,1.4583333333333306,175,5,0.05,-0.007666926831007004,-0.001272059977054596,0.09879986941814423,0.9999868273735046,0.0003910325176548213,-0.005023684818297625,0.0010971410665661097,0.0007710701622824239,-0.010048261911068872,0.002190436167246284,-0.00165745394770056,-0.0004889368428848684,0.0011063177371397614,-0.0025111958384513855,0.003527820808812976,0.0036961387377232313,2.9308585226535797,-0.031132558760986338,-0.12239104274808847,0.15448767315984208,-0.0013740630947722341,-0.0005578249630756261,0.00017654947525653402,isaaclab.ArticulationData.body_com_state_w,,-0.031132558760986338,-0.12239104274808847,0.0,0.19839969048795802,0.19850827336183424,safe,safe,0.22229497929715636,1.9137077320583378,4,"[[-0.3125132918357849, -0.32329726219177246, 0.0], [0.2502211034297943, -0.31925973296165466, 0.0], [0.2472972720861435, 0.0790352001786232, 0.0], [-0.3089990019798279, 0.07301145792007446, 0.0]]",False,wheel_geometry_approximation,disabled,False,contact sensor disabled or unavailable; support contacts are geometry-estimated,nan,disabled,nan,False,friction utilization requires valid normal and tangential contact forces,0.0,idle_deadband,joint velocity vs base velocity with idle deadband,4 (geometry-estimated),contact_forces_unavailable,nan,False,contact_forces_unavailable,nan,0.0,[],0.03535106684772099,0.09174040704965591,1.0,rear_right_hip,0.0034884452062002363,adapter.command_state,"[{""available"": true, ""commandable"": true, ""joint_id"": 0, ""joint_name"": ""front_left_hip"", ""kind"": ""servo"", ""source"": ""telemetry_articulation""}, {""available"": true, ""commandable"": true, ""joint_id"": 4, ""joint_name"": ""front_left_knee"", ""kind"": ""servo"", ""source"": ""telemetry_articulation""}, {""available"": true, ""commandable"": true, ""joint_id"": 1, ""joint_name"": ""front_right_hip"", ""kind"": ""servo"", ""source"": ""telemetry_articulation""}, {""available"": true, ""commandable"": true, ""joint_id"": 5, ""joint_name"": ""front_right_knee"", ""kind"": ""servo"", ""source"": ""telemetry_articulation""}, {""available"": true, ""commandable"": true, ""joint_id"": 2, ""joint_name"": ""rear_left_hip"", ""kind"": ""servo"", ""source"": ""telemetry_articulation""}, {""available"": true, ""commandable"": true, ""joint_id"": 6, ""joint_name"": ""rear_left_knee"", ""kind"": ""servo"", ""source"": ""telemetry_articulation""}, {""available"": true, ""commandable"": true, ""joint_id"": 3, ""joint_name"": ""rear_right_hip"", ""kind"": ""servo"", ""source"": ""telemetry_articulation""}, {""available"": true, ""commandable"": true, ""joint_id"": 7, ""joint_name"": ""rear_right_knee"", ""kind"": ""servo"", ""source"": ""telemetry_articulation""}, {""available"": true, ""commandable"": true, ""joint_id"": 8, ""joint_name"": ""front_left_ankle"", ""kind"": ""wheel"", ""source"": ""telemetry_articulation""}, {""available"": true, ""commandable"": true, ""joint_id"": 9, ""joint_name"": ""front_right_ankle"", ""kind"": ""wheel"", ""source"": ""telemetry_articulation""}, {""available"": true, ""commandable"": true, ""joint_id"": 10, ""joint_name"": ""rear_left_ankle"", ""kind"": ""wheel"", ""source"": ""telemetry_articulation""}, {""available"": true, ""commandable"": true, ""joint_id"": 11, ""joint_name"": ""rear_right_ankle"", ""kind"": ""wheel"", ""source"": ""telemetry_articulation""}]","[""front_left_hip"", ""front_left_knee"", ""front_right_hip"", ""front_right_knee"", ""rear_left_hip"", ""rear_left_knee"", ""rear_right_hip"", ""rear_right_knee"", ""front_left_ankle"", ""front_right_ankle"", ""rear_left_ankle"", ""rear_right_ankle""]",contact sensor unavailable; contact forces unavailable; wheel support points are approximate; contact sensor disabled or unavailable; support contacts are geometry-estimated,,idle,,0.0,idle,0,0,,0,0,,,3.602399956434965
7,1.4833333333333305,178,5,0.05,-0.0076733361929655075,-0.0012721642851829529,0.09879428148269653,0.9999867081642151,0.0003913095861207694,-0.005025906953960657,0.0010970704024657607,0.0007716202618839793,-0.010052707873256633,0.0021902906197858287,-0.0016412751283496618,-0.0004870462871622294,0.0011327071115374565,-0.0024876371026039124,0.003604572033509612,0.003673616098240018,2.9308585226535797,-0.031139717833939907,-0.12239115938869616,0.15448501529897554,-0.0013561055398564866,-0.0005552523817534726,0.00019626694842645172,isaaclab.ArticulationData.body_com_state_w,,-0.031139717833939907,-0.12239115938869616,0.0,0.19839975976574503,0.19850786718290406,safe,safe,0.22230123534957302,1.9137392459979026,4,"[[-0.3125293552875519, -0.32329726219177246, 0.0], [0.2502208948135376, -0.31925979256629944, 0.0], [0.24729695916175842, 0.07903508096933365, 0.0], [-0.30901503562927246, 0.07301145792007446, 0.0]]",False,wheel_geometry_approximation,disabled,False,contact sensor disabled or unavailable; support contacts are geometry-estimated,nan,disabled,nan,False,friction utilization requires valid normal and tangential contact forces,0.0,idle_deadband,joint velocity vs base velocity with idle deadband,4 (geometry-estimated),contact_forces_unavailable,nan,False,contact_forces_unavailable,nan,0.0,[],0.03550490397966682,0.09212517738342285,1.0,rear_right_hip,0.004049280333891363,adapter.command_state,"[{""available"": true, ""commandable"": true, ""joint_id"": 0, ""joint_name"": ""front_left_hip"", ""kind"": ""servo"", ""source"": ""telemetry_articulation""}, {""available"": true, ""commandable"": true, ""joint_id"": 4, ""joint_name"": ""front_left_knee"", ""kind"": ""servo"", ""source"": ""telemetry_articulation""}, {""available"": true, ""commandable"": true, ""joint_id"": 1, ""joint_name"": ""front_right_hip"", ""kind"": ""servo"", ""source"": ""telemetry_articulation""}, {""available"": true, ""commandable"": true, ""joint_id"": 5, ""joint_name"": ""front_right_knee"", ""kind"": ""servo"", ""source"": ""telemetry_articulation""}, {""available"": true, ""commandable"": true, ""joint_id"": 2, ""joint_name"": ""rear_left_hip"", ""kind"": ""servo"", ""source"": ""telemetry_articulation""}, {""available"": true, ""commandable"": true, ""joint_id"": 6, ""joint_name"": ""rear_left_knee"", ""kind"": ""servo"", ""source"": ""telemetry_articulation""}, {""available"": true, ""commandable"": true, ""joint_id"": 3, ""joint_name"": ""rear_right_hip"", ""kind"": ""servo"", ""source"": ""telemetry_articulation""}, {""available"": true, ""commandable"": true, ""joint_id"": 7, ""joint_name"": ""rear_right_knee"", ""kind"": ""servo"", ""source"": ""telemetry_articulation""}, {""available"": true, ""commandable"": true, ""joint_id"": 8, ""joint_name"": ""front_left_ankle"", ""kind"": ""wheel"", ""source"": ""telemetry_articulation""}, {""available"": true, ""commandable"": true, ""joint_id"": 9, ""joint_name"": ""front_right_ankle"", ""kind"": ""wheel"", ""source"": ""telemetry_articulation""}, {""available"": true, ""commandable"": true, ""joint_id"": 10, ""joint_name"": ""rear_left_ankle"", ""kind"": ""wheel"", ""source"": ""telemetry_articulation""}, {""available"": true, ""commandable"": true, ""joint_id"": 11, ""joint_name"": ""rear_right_ankle"", ""kind"": ""wheel"", ""source"": ""telemetry_articulation""}]","[""front_left_hip"", ""front_left_knee"", ""front_right_hip"", ""front_right_knee"", ""rear_left_hip"", ""rear_left_knee"", ""rear_right_hip"", ""rear_right_knee"", ""front_left_ankle"", ""front_right_ankle"", ""rear_left_ankle"", ""rear_right_ankle""]",contact sensor unavailable; contact forces unavailable; wheel support points are approximate; contact sensor disabled or unavailable; support contacts are geometry-estimated,,idle,,0.0,idle,0,0,,0,0,,,3.4961000783368945
8,1.5083333333333304,181,5,0.05,-0.007679319009184837,-0.0012721195816993713,0.09878888726234436,0.9999867081642151,0.00039129177457652986,-0.005028143525123596,0.001097256550565362,0.0007715778748547445,-0.010057181058580432,0.0021906614077903414,-0.00163329450879246,-0.0004792248655576259,0.0011376539478078485,-0.0025295086670666933,0.0036088547203689814,0.003673027968034148,2.9308585226535797,-0.03114639351144236,-0.12239111848646053,0.1544824960321947,-0.0013460648418787639,-0.000548596720571352,0.00020078367285807606,isaaclab.ArticulationData.body_com_state_w,,-0.03114639351144236,-0.12239111848646053,0.0,0.1983997377765932,0.19850653587354647,safe,safe,0.2223070993495055,1.9137687802264798,4,"[[-0.3125442862510681, -0.3232973515987396, 0.0], [0.2502206265926361, -0.3192596435546875, 0.0], [0.24729667603969574, 0.07903517782688141, 0.0], [-0.3090302348136902, 0.0730113759636879, 0.0]]",False,wheel_geometry_approximation,disabled,False,contact sensor disabled or unavailable; support contacts are geometry-estimated,nan,disabled,nan,False,friction utilization requires valid normal and tangential contact forces,0.0,idle_deadband,joint velocity vs base velocity with idle deadband,4 (geometry-estimated),contact_forces_unavailable,nan,False,contact_forces_unavailable,nan,0.0,[],0.03565020091627701,0.09248653799295425,1.0,rear_right_hip,0.0046218562641105075,adapter.command_state,"[{""available"": true, ""commandable"": true, ""joint_id"": 0, ""joint_name"": ""front_left_hip"", ""kind"": ""servo"", ""source"": ""telemetry_articulation""}, {""available"": true, ""commandable"": true, ""joint_id"": 4, ""joint_name"": ""front_left_knee"", ""kind"": ""servo"", ""source"": ""telemetry_articulation""}, {""available"": true, ""commandable"": true, ""joint_id"": 1, ""joint_name"": ""front_right_hip"", ""kind"": ""servo"", ""source"": ""telemetry_articulation""}, {""available"": true, ""commandable"": true, ""joint_id"": 5, ""joint_name"": ""front_right_knee"", ""kind"": ""servo"", ""source"": ""telemetry_articulation""}, {""available"": true, ""commandable"": true, ""joint_id"": 2, ""joint_name"": ""rear_left_hip"", ""kind"": ""servo"", ""source"": ""telemetry_articulation""}, {""available"": true, ""commandable"": true, ""joint_id"": 6, ""joint_name"": ""rear_left_knee"", ""kind"": ""servo"", ""source"": ""telemetry_articulation""}, {""available"": true, ""commandable"": true, ""joint_id"": 3, ""joint_name"": ""rear_right_hip"", ""kind"": ""servo"", ""source"": ""telemetry_articulation""}, {""available"": true, ""commandable"": true, ""joint_id"": 7, ""joint_name"": ""rear_right_knee"", ""kind"": ""servo"", ""source"": ""telemetry_articulation""}, {""available"": true, ""commandable"": true, ""joint_id"": 8, ""joint_name"": ""front_left_ankle"", ""kind"": ""wheel"", ""source"": ""telemetry_articulation""}, {""available"": true, ""commandable"": true, ""joint_id"": 9, ""joint_name"": ""front_right_ankle"", ""kind"": ""wheel"", ""source"": ""telemetry_articulation""}, {""available"": true, ""commandable"": true, ""joint_id"": 10, ""joint_name"": ""rear_left_ankle"", ""kind"": ""wheel"", ""source"": ""telemetry_articulation""}, {""available"": true, ""commandable"": true, ""joint_id"": 11, ""joint_name"": ""rear_right_ankle"", ""kind"": ""wheel"", ""source"": ""telemetry_articulation""}]","[""front_left_hip"", ""front_left_knee"", ""front_right_hip"", ""front_right_knee"", ""rear_left_hip"", ""rear_left_knee"", ""rear_right_hip"", ""rear_right_knee"", ""front_left_ankle"", ""front_right_ankle"", ""rear_left_ankle"", ""rear_right_ankle""]",contact sensor unavailable; contact forces unavailable; wheel support points are approximate; contact sensor disabled or unavailable; support contacts are geometry-estimated,,idle,,0.0,idle,0,0,,0,0,,,3.8482999661937356
9,1.5333333333333303,184,5,0.05,-0.007684936746954918,-0.0012721717357635498,0.09878368675708771,0.9999867081642151,0.00039121185545809567,-0.005029994994401932,0.0010972007876262069,0.0007714145428526582,-0.01006088373052836,0.0021905492737170117,-0.0016170581802725792,-0.00047289556823670864,0.001148959156125784,-0.0025613680481910706,0.0036129001528024673,0.0036701878998428583,2.9308585226535797,-0.031152715583264726,-0.1223911694744503,0.15448005976252202,-0.001328804690568718,-0.000543153498677473,0.00021021749345357808,isaaclab.ArticulationData.body_com_state_w,,-0.031152715583264726,-0.1223911694744503,0.0,0.19839975595460968,0.19850550289974656,safe,safe,0.22231273457302592,1.9137971180967963,4,"[[-0.3125585913658142, -0.3232974112033844, 0.0], [0.25022026896476746, -0.31925973296165466, 0.0], [0.24729646742343903, 0.07903515547513962, 0.0], [-0.3090447783470154, 0.07301130890846252, 0.0]]",False,wheel_geometry_approximation,disabled,False,contact sensor disabled or unavailable; support contacts are geometry-estimated,nan,disabled,nan,False,friction utilization requires valid normal and tangential contact forces,0.0,idle_deadband,joint velocity vs base velocity with idle deadband,4 (geometry-estimated),contact_forces_unavailable,nan,False,contact_forces_unavailable,nan,0.0,[],0.03578700736468707,0.09282569587230682,1.0,rear_right_hip,0.005203966737276005,adapter.command_state,"[{""available"": true, ""commandable"": true, ""joint_id"": 0, ""joint_name"": ""front_left_hip"", ""kind"": ""servo"", ""source"": ""telemetry_articulation""}, {""available"": true, ""commandable"": true, ""joint_id"": 4, ""joint_name"": ""front_left_knee"", ""kind"": ""servo"", ""source"": ""telemetry_articulation""}, {""available"": true, ""commandable"": true, ""joint_id"": 1, ""joint_name"": ""front_right_hip"", ""kind"": ""servo"", ""source"": ""telemetry_articulation""}, {""available"": true, ""commandable"": true, ""joint_id"": 5, ""joint_name"": ""front_right_knee"", ""kind"": ""servo"", ""source"": ""telemetry_articulation""}, {""available"": true, ""commandable"": true, ""joint_id"": 2, ""joint_name"": ""rear_left_hip"", ""kind"": ""servo"", ""source"": ""telemetry_articulation""}, {""available"": true, ""commandable"": true, ""joint_id"": 6, ""joint_name"": ""rear_left_knee"", ""kind"": ""servo"", ""source"": ""telemetry_articulation""}, {""available"": true, ""commandable"": true, ""joint_id"": 3, ""joint_name"": ""rear_right_hip"", ""kind"": ""servo"", ""source"": ""telemetry_articulation""}, {""available"": true, ""commandable"": true, ""joint_id"": 7, ""joint_name"": ""rear_right_knee"", ""kind"": ""servo"", ""source"": ""telemetry_articulation""}, {""available"": true, ""commandable"": true, ""joint_id"": 8, ""joint_name"": ""front_left_ankle"", ""kind"": ""wheel"", ""source"": ""telemetry_articulation""}, {""available"": true, ""commandable"": true, ""joint_id"": 9, ""joint_name"": ""front_right_ankle"", ""kind"": ""wheel"", ""source"": ""telemetry_articulation""}, {""available"": true, ""commandable"": true, ""joint_id"": 10, ""joint_name"": ""rear_left_ankle"", ""kind"": ""wheel"", ""source"": ""telemetry_articulation""}, {""available"": true, ""commandable"": true, ""joint_id"": 11, ""joint_name"": ""rear_right_ankle"", ""kind"": ""wheel"", ""source"": ""telemetry_articulation""}]","[""front_left_hip"", ""front_left_knee"", ""front_right_hip"", ""front_right_knee"", ""rear_left_hip"", ""rear_left_knee"", ""rear_right_hip"", ""rear_right_knee"", ""front_left_ankle"", ""front_right_ankle"", ""rear_left_ankle"", ""rear_right_ankle""]",contact sensor unavailable; contact forces unavailable; wheel support points are approximate; contact sensor disabled or unavailable; support contacts are geometry-estimated,,idle,,0.0,idle,0,0,,0,0,,,4.35439997818321
10,1.5583333333333302,187,5,0.05,-0.00769035704433918,-0.001272156834602356,0.09877888858318329,0.9999867677688599,0.00039138877764344215,-0.005031815264374018,0.0010972864693030715,0.000771763512133433,-0.010064524073900091,0.0021907173480696608,-0.0016069697448983788,-0.00047141851973719895,0.0011701690964400768,-0.0025490978732705116,0.003673525294288993,0.0036565433256328106,2.9308585226535797,-0.031158738441209807,-0.1223911995605562,0.15447777203961485,-0.0013168171739509804,-0.0005413141871404885,0.00022614538224508503,isaaclab.ArticulationData.body_com_state_w,,-0.031158738441209807,-0.1223911995605562,0.0,0.198399796790815,0.1985052018587312,safe,safe,0.2223180364869869,1.9138237743605715,4,"[[-0.31257185339927673, -0.32329756021499634, 0.0], [0.25022009015083313, -0.3192596435546875, 0.0], [0.24729621410369873, 0.07903522253036499, 0.0], [-0.3090585470199585, 0.07301124185323715, 0.0]]",False,wheel_geometry_approximation,disabled,False,contact sensor disabled or unavailable; support contacts are geometry-estimated,nan,disabled,nan,False,friction utilization requires valid normal and tangential contact forces,0.0,idle_deadband,joint velocity vs base velocity with idle deadband,4 (geometry-estimated),contact_forces_unavailable,nan,False,contact_forces_unavailable,nan,0.0,[],0.035916323008486635,0.09314563870429993,1.0,rear_right_hip,0.005800191258949712,adapter.command_state,"[{""available"": true, ""commandable"": true, ""joint_id"": 0, ""joint_name"": ""front_left_hip"", ""kind"": ""servo"", ""source"": ""telemetry_articulation""}, {""available"": true, ""commandable"": true, ""joint_id"": 4, ""joint_name"": ""front_left_knee"", ""kind"": ""servo"", ""source"": ""telemetry_articulation""}, {""available"": true, ""commandable"": true, ""joint_id"": 1, ""joint_name"": ""front_right_hip"", ""kind"": ""servo"", ""source"": ""telemetry_articulation""}, {""available"": true, ""commandable"": true, ""joint_id"": 5, ""joint_name"": ""front_right_knee"", ""kind"": ""servo"", ""source"": ""telemetry_articulation""}, {""available"": true, ""commandable"": true, ""joint_id"": 2, ""joint_name"": ""rear_left_hip"", ""kind"": ""servo"", ""source"": ""telemetry_articulation""}, {""available"": true, ""commandable"": true, ""joint_id"": 6, ""joint_name"": ""rear_left_knee"", ""kind"": ""servo"", ""source"": ""telemetry_articulation""}, {""available"": true, ""commandable"": true, ""joint_id"": 3, ""joint_name"": ""rear_right_hip"", ""kind"": ""servo"", ""source"": ""telemetry_articulation""}, {""available"": true, ""commandable"": true, ""joint_id"": 7, ""joint_name"": ""rear_right_knee"", ""kind"": ""servo"", ""source"": ""telemetry_articulation""}, {""available"": true, ""commandable"": true, ""joint_id"": 8, ""joint_name"": ""front_left_ankle"", ""kind"": ""wheel"", ""source"": ""telemetry_articulation""}, {""available"": true, ""commandable"": true, ""joint_id"": 9, ""joint_name"": ""front_right_ankle"", ""kind"": ""wheel"", ""source"": ""telemetry_articulation""}, {""available"": true, ""commandable"": true, ""joint_id"": 10, ""joint_name"": ""rear_left_ankle"", ""kind"": ""wheel"", ""source"": ""telemetry_articulation""}, {""available"": true, ""commandable"": true, ""joint_id"": 11, ""joint_name"": ""rear_right_ankle"", ""kind"": ""wheel"", ""source"": ""telemetry_articulation""}]","[""front_left_hip"", ""front_left_knee"", ""front_right_hip"", ""front_right_knee"", ""rear_left_hip"", ""rear_left_knee"", ""rear_right_hip"", ""rear_right_knee"", ""front_left_ankle"", ""front_right_ankle"", ""rear_left_ankle"", ""rear_right_ankle""]",contact sensor unavailable; contact forces unavailable; wheel support points are approximate; contact sensor disabled or unavailable; support contacts are geometry-estimated,,idle,,0.0,idle,0,0,,0,0,,,4.534800071269274
11,1.5833333333333302,190,5,0.05,-0.00769541971385479,-0.0012721344828605652,0.09877441823482513,0.9999866485595703,0.00039126520277932286,-0.005033736117184162,0.0010973312892019749,0.0007715117918019896,-0.010068366692038398,0.0021908070349598067,-0.0015992618864402175,-0.00046887737698853016,0.0011789401760324836,-0.0025736698880791664,0.0036572436802089214,0.003662796225398779,2.9308585226535797,-0.031164417032035718,-0.1223911571459661,0.15447570105135885,-0.0013075920551555446,-0.0005394544920245942,0.00023278128165566997,isaaclab.ArticulationData.body_com_state_w,,-0.031164417032035718,-0.1223911571459661,0.0,0.19839978250284576,0.19850483565504537,safe,safe,0.22232292692494582,1.9138484099499327,4,"[[-0.31258442997932434, -0.32329753041267395, 0.0], [0.2502196431159973, -0.3192595839500427, 0.0], [0.24729596078395844, 0.07903528213500977, 0.0], [-0.3090713620185852, 0.07301121950149536, 0.0]]",False,wheel_geometry_approximation,disabled,False,contact sensor disabled or unavailable; support contacts are geometry-estimated,nan,disabled,nan,False,friction utilization requires valid normal and tangential contact forces,0.0,idle_deadband,joint velocity vs base velocity with idle deadband,4 (geometry-estimated),contact_forces_unavailable,nan,False,contact_forces_unavailable,nan,0.0,[],0.03603859000838613,0.09344816207885742,1.0,rear_right_hip,0.006405591103321964,adapter.command_state,"[{""available"": true, ""commandable"": true, ""joint_id"": 0, ""joint_name"": ""front_left_hip"", ""kind"": ""servo"", ""source"": ""telemetry_articulation""}, {""available"": true, ""commandable"": true, ""joint_id"": 4, ""joint_name"": ""front_left_knee"", ""kind"": ""servo"", ""source"": ""telemetry_articulation""}, {""available"": true, ""commandable"": true, ""joint_id"": 1, ""joint_name"": ""front_right_hip"", ""kind"": ""servo"", ""source"": ""telemetry_articulation""}, {""available"": true, ""commandable"": true, ""joint_id"": 5, ""joint_name"": ""front_right_knee"", ""kind"": ""servo"", ""source"": ""telemetry_articulation""}, {""available"": true, ""commandable"": true, ""joint_id"": 2, ""joint_name"": ""rear_left_hip"", ""kind"": ""servo"", ""source"": ""telemetry_articulation""}, {""available"": true, ""commandable"": true, ""joint_id"": 6, ""joint_name"": ""rear_left_knee"", ""kind"": ""servo"", ""source"": ""telemetry_articulation""}, {""available"": true, ""commandable"": true, ""joint_id"": 3, ""joint_name"": ""rear_right_hip"", ""kind"": ""servo"", ""source"": ""telemetry_articulation""}, {""available"": true, ""commandable"": true, ""joint_id"": 7, ""joint_name"": ""rear_right_knee"", ""kind"": ""servo"", ""source"": ""telemetry_articulation""}, {""available"": true, ""commandable"": true, ""joint_id"": 8, ""joint_name"": ""front_left_ankle"", ""kind"": ""wheel"", ""source"": ""telemetry_articulation""}, {""available"": true, ""commandable"": true, ""joint_id"": 9, ""joint_name"": ""front_right_ankle"", ""kind"": ""wheel"", ""source"": ""telemetry_articulation""}, {""available"": true, ""commandable"": true, ""joint_id"": 10, ""joint_name"": ""rear_left_ankle"", ""kind"": ""wheel"", ""source"": ""telemetry_articulation""}, {""available"": true, ""commandable"": true, ""joint_id"": 11, ""joint_name"": ""rear_right_ankle"", ""kind"": ""wheel"", ""source"": ""telemetry_articulation""}]","[""front_left_hip"", ""front_left_knee"", ""front_right_hip"", ""front_right_knee"", ""rear_left_hip"", ""rear_left_knee"", ""rear_right_hip"", ""rear_right_knee"", ""front_left_ankle"", ""front_right_ankle"", ""rear_left_ankle"", ""rear_right_ankle""]",contact sensor unavailable; contact forces unavailable; wheel support points are approximate; contact sensor disabled or unavailable; support contacts are geometry-estimated,,idle,,0.0,idle,0,0,,0,0,,,3.565700026229024
12,1.60833333333333,193,5,0.05,-0.007700081914663315,-0.0012721046805381775,0.09876997023820877,0.9999867081642151,0.0003910706436727196,-0.0050355554558336735,0.0010973351309075952,0.0007711185961427388,-0.010072004297817603,0.0021908151645362098,-0.0015795722138136625,-0.0004605142748914659,0.0011887860018759966,-0.002596099628135562,0.0037001087330281734,0.003647414967417717,2.9308585226535797,-0.03116968775037528,-0.12239111930410218,0.15447360864833928,-0.0012876254368934634,-0.0005317132226777572,0.00024130505143085597,isaaclab.ArticulationData.body_com_state_w,,-0.03116968775037528,-0.12239111930410218,0.0,0.1983997429859634,0.19850329125466754,safe,safe,0.2223277025170367,1.9138724022034186,4,"[[-0.31259626150131226, -0.3232975900173187, 0.0], [0.2502194344997406, -0.3192596435546875, 0.0], [0.24729599058628082, 0.07903528958559036, 0.0], [-0.30908361077308655, 0.07301118969917297, 0.0]]",False,wheel_geometry_approximation,disabled,False,contact sensor disabled or unavailable; support contacts are geometry-estimated,nan,disabled,nan,False,friction utilization requires valid normal and tangential contact forces,0.0,idle_deadband,joint velocity vs base velocity with idle deadband,4 (geometry-estimated),contact_forces_unavailable,nan,False,contact_forces_unavailable,nan,0.0,[],0.03615369023506912,0.09373176842927933,1.0,rear_right_hip,0.00702113369498187,adapter.command_state,"[{""available"": true, ""commandable"": true, ""joint_id"": 0, ""joint_name"": ""front_left_hip"", ""kind"": ""servo"", ""source"": ""telemetry_articulation""}, {""available"": true, ""commandable"": true, ""joint_id"": 4, ""joint_name"": ""front_left_knee"", ""kind"": ""servo"", ""source"": ""telemetry_articulation""}, {""available"": true, ""commandable"": true, ""joint_id"": 1, ""joint_name"": ""front_right_hip"", ""kind"": ""servo"", ""source"": ""telemetry_articulation""}, {""available"": true, ""commandable"": true, ""joint_id"": 5, ""joint_name"": ""front_right_knee"", ""kind"": ""servo"", ""source"": ""telemetry_articulation""}, {""available"": true, ""commandable"": true, ""joint_id"": 2, ""joint_name"": ""rear_left_hip"", ""kind"": ""servo"", ""source"": ""telemetry_articulation""}, {""available"": true, ""commandable"": true, ""joint_id"": 6, ""joint_name"": ""rear_left_knee"", ""kind"": ""servo"", ""source"": ""telemetry_articulation""}, {""available"": true, ""commandable"": true, ""joint_id"": 3, ""joint_name"": ""rear_right_hip"", ""kind"": ""servo"", ""source"": ""telemetry_articulation""}, {""available"": true, ""commandable"": true, ""joint_id"": 7, ""joint_name"": ""rear_right_knee"", ""kind"": ""servo"", ""source"": ""telemetry_articulation""}, {""available"": true, ""commandable"": true, ""joint_id"": 8, ""joint_name"": ""front_left_ankle"", ""kind"": ""wheel"", ""source"": ""telemetry_articulation""}, {""available"": true, ""commandable"": true, ""joint_id"": 9, ""joint_name"": ""front_right_ankle"", ""kind"": ""wheel"", ""source"": ""telemetry_articulation""}, {""available"": true, ""commandable"": true, ""joint_id"": 10, ""joint_name"": ""rear_left_ankle"", ""kind"": ""wheel"", ""source"": ""telemetry_articulation""}, {""available"": true, ""commandable"": true, ""joint_id"": 11, ""joint_name"": ""rear_right_ankle"", ""kind"": ""wheel"", ""source"": ""telemetry_articulation""}]","[""front_left_hip"", ""front_left_knee"", ""front_right_hip"", ""front_right_knee"", ""rear_left_hip"", ""rear_left_knee"", ""rear_right_hip"", ""rear_right_knee"", ""front_left_ankle"", ""front_right_ankle"", ""rear_left_ankle"", ""rear_right_ankle""]",contact sensor unavailable; contact forces unavailable; wheel support points are approximate; contact sensor disabled or unavailable; support contacts are geometry-estimated,,idle,,0.0,idle,0,0,,0,0,,,3.92619997728616
13,1.63333333333333,196,5,0.05,-0.007704582065343857,-0.0012721046805381775,0.09876584261655807,0.9999867677688599,0.0003909622610080987,-0.005037175957113504,0.001097294152714312,0.0007708986462916965,-0.01007524438812478,0.0021907329351030865,-0.0015744041884317994,-0.0004602925619110465,0.0012015438405796885,-0.002599162282422185,0.0037139556370675564,0.0036484289448708296,2.9308585226535797,-0.03117473792983243,-0.12239111855761381,0.15447164850305353,-0.0012805279897992595,-0.0005315654189504824,0.00025087013694764755,isaaclab.ArticulationData.body_com_state_w,,-0.03117473792983243,-0.12239111855761381,0.0,0.19839972545968548,0.19850325963246285,safe,safe,0.2223321629524605,1.913894846250262,4,"[[-0.3126075565814972, -0.3232975900173187, 0.0], [0.2502192258834839, -0.3192597031593323, 0.0], [0.24729584157466888, 0.07903522253036499, 0.0], [-0.3090951144695282, 0.07301120460033417, 0.0]]",False,wheel_geometry_approximation,disabled,False,contact sensor disabled or unavailable; support contacts are geometry-estimated,nan,disabled,nan,False,friction utilization requires valid normal and tangential contact forces,0.0,idle_deadband,joint velocity vs base velocity with idle deadband,4 (geometry-estimated),contact_forces_unavailable,nan,False,contact_forces_unavailable,nan,0.0,[],0.0362628735587506,0.09400162100791931,1.0,rear_right_hip,0.00764705692676623,adapter.command_state,"[{""available"": true, ""commandable"": true, ""joint_id"": 0, ""joint_name"": ""front_left_hip"", ""kind"": ""servo"", ""source"": ""telemetry_articulation""}, {""available"": true, ""commandable"": true, ""joint_id"": 4, ""joint_name"": ""front_left_knee"", ""kind"": ""servo"", ""source"": ""telemetry_articulation""}, {""available"": true, ""commandable"": true, ""joint_id"": 1, ""joint_name"": ""front_right_hip"", ""kind"": ""servo"", ""source"": ""telemetry_articulation""}, {""available"": true, ""commandable"": true, ""joint_id"": 5, ""joint_name"": ""front_right_knee"", ""kind"": ""servo"", ""source"": ""telemetry_articulation""}, {""available"": true, ""commandable"": true, ""joint_id"": 2, ""joint_name"": ""rear_left_hip"", ""kind"": ""servo"", ""source"": ""telemetry_articulation""}, {""available"": true, ""commandable"": true, ""joint_id"": 6, ""joint_name"": ""rear_left_knee"", ""kind"": ""servo"", ""source"": ""telemetry_articulation""}, {""available"": true, ""commandable"": true, ""joint_id"": 3, ""joint_name"": ""rear_right_hip"", ""kind"": ""servo"", ""source"": ""telemetry_articulation""}, {""available"": true, ""commandable"": true, ""joint_id"": 7, ""joint_name"": ""rear_right_knee"", ""kind"": ""servo"", ""source"": ""telemetry_articulation""}, {""available"": true, ""commandable"": true, ""joint_id"": 8, ""joint_name"": ""front_left_ankle"", ""kind"": ""wheel"", ""source"": ""telemetry_articulation""}, {""available"": true, ""commandable"": true, ""joint_id"": 9, ""joint_name"": ""front_right_ankle"", ""kind"": ""wheel"", ""source"": ""telemetry_articulation""}, {""available"": true, ""commandable"": true, ""joint_id"": 10, ""joint_name"": ""rear_left_ankle"", ""kind"": ""wheel"", ""source"": ""telemetry_articulation""}, {""available"": true, ""commandable"": true, ""joint_id"": 11, ""joint_name"": ""rear_right_ankle"", ""kind"": ""wheel"", ""source"": ""telemetry_articulation""}]","[""front_left_hip"", ""front_left_knee"", ""front_right_hip"", ""front_right_knee"", ""rear_left_hip"", ""rear_left_knee"", ""rear_right_hip"", ""rear_right_knee"", ""front_left_ankle"", ""front_right_ankle"", ""rear_left_ankle"", ""rear_right_ankle""]",contact sensor unavailable; contact forces unavailable; wheel support points are approximate; contact sensor disabled or unavailable; support contacts are geometry-estimated,,idle,,0.0,idle,0,0,,0,0,,,3.4973000874742866
14,1.6583333333333299,199,5,0.05,-0.00770886056125164,-0.001272149384021759,0.09876207262277603,0.9999866485595703,0.000390902889193967,-0.005038683768361807,0.0010973017197102308,0.0007707766150573347,-0.010078261047336827,0.0021907477830385037,-0.0015684606041759253,-0.0004563214024528861,0.00121176743414253,-0.0026216618716716766,0.0037399642169475555,0.0036482377909123898,2.9308585226535797,-0.03117952843050461,-0.12239113281207716,0.15446989835526684,-0.001272765816415696,-0.0005282151843925758,0.0002591087598244572,isaaclab.ArticulationData.body_com_state_w,,-0.03117952843050461,-0.12239113281207716,0.0,0.19839971187413288,0.19850259285193766,safe,safe,0.22233632370770873,1.9139158242848195,4,"[[-0.31261810660362244, -0.3232976198196411, 0.0], [0.2502190172672272, -0.3192596435546875, 0.0], [0.2472955584526062, 0.07903523743152618, 0.0], [-0.30910614132881165, 0.073011115193367, 0.0]]",False,wheel_geometry_approximation,disabled,False,contact sensor disabled or unavailable; support contacts are geometry-estimated,nan,disabled,nan,False,friction utilization requires valid normal and tangential contact forces,0.0,idle_deadband,joint velocity vs base velocity with idle deadband,4 (geometry-estimated),contact_forces_unavailable,nan,False,contact_forces_unavailable,nan,0.0,[],0.03636592977261703,0.0942559689283371,1.0,rear_right_hip,0.008281676454329001,adapter.command_state,"[{""available"": true, ""commandable"": true, ""joint_id"": 0, ""joint_name"": ""front_left_hip"", ""kind"": ""servo"", ""source"": ""telemetry_articulation""}, {""available"": true, ""commandable"": true, ""joint_id"": 4, ""joint_name"": ""front_left_knee"", ""kind"": ""servo"", ""source"": ""telemetry_articulation""}, {""available"": true, ""commandable"": true, ""joint_id"": 1, ""joint_name"": ""front_right_hip"", ""kind"": ""servo"", ""source"": ""telemetry_articulation""}, {""available"": true, ""commandable"": true, ""joint_id"": 5, ""joint_name"": ""front_right_knee"", ""kind"": ""servo"", ""source"": ""telemetry_articulation""}, {""available"": true, ""commandable"": true, ""joint_id"": 2, ""joint_name"": ""rear_left_hip"", ""kind"": ""servo"", ""source"": ""telemetry_articulation""}, {""available"": true, ""commandable"": true, ""joint_id"": 6, ""joint_name"": ""rear_left_knee"", ""kind"": ""servo"", ""source"": ""telemetry_articulation""}, {""available"": true, ""commandable"": true, ""joint_id"": 3, ""joint_name"": ""rear_right_hip"", ""kind"": ""servo"", ""source"": ""telemetry_articulation""}, {""available"": true, ""commandable"": true, ""joint_id"": 7, ""joint_name"": ""rear_right_knee"", ""kind"": ""servo"", ""source"": ""telemetry_articulation""}, {""available"": true, ""commandable"": true, ""joint_id"": 8, ""joint_name"": ""front_left_ankle"", ""kind"": ""wheel"", ""source"": ""telemetry_articulation""}, {""available"": true, ""commandable"": true, ""joint_id"": 9, ""joint_name"": ""front_right_ankle"", ""kind"": ""wheel"", ""source"": ""telemetry_articulation""}, {""available"": true, ""commandable"": true, ""joint_id"": 10, ""joint_name"": ""rear_left_ankle"", ""kind"": ""wheel"", ""source"": ""telemetry_articulation""}, {""available"": true, ""commandable"": true, ""joint_id"": 11, ""joint_name"": ""rear_right_ankle"", ""kind"": ""wheel"", ""source"": ""telemetry_articulation""}]","[""front_left_hip"", ""front_left_knee"", ""front_right_hip"", ""front_right_knee"", ""rear_left_hip"", ""rear_left_knee"", ""rear_right_hip"", ""rear_right_knee"", ""front_left_ankle"", ""front_right_ankle"", ""rear_left_ankle"", ""rear_right_ankle""]",contact sensor unavailable; contact forces unavailable; wheel support points are approximate; contact sensor disabled or unavailable; support contacts are geometry-estimated,,idle,,0.0,idle,0,0,,0,0,,,3.4577000187709928
15,1.6833333333333298,202,5,0.05,-0.007712973281741142,-0.001272149384021759,0.09875841438770294,0.9999866485595703,0.0003909377264790237,-0.00503966910764575,0.0010972905438393354,0.00077084425002033,-0.010080231767200146,0.0021907243306224866,-0.00155731663107872,-0.0004524684336502105,0.0012213101144880056,-0.0026317364536225796,0.003762415610253811,0.003640953218564391,2.9308585226535797,-0.03118407330387773,-0.12239113515005275,0.15446816574422506,-0.001261040966300693,-0.000524636794939587,0.0002665758488828322,isaaclab.ArticulationData.body_com_state_w,,-0.03118407330387773,-0.12239113515005275,0.0,0.19839971075502258,0.19850190155753614,safe,safe,0.22234019894428225,1.9139353614514567,4,"[[-0.3126281499862671, -0.32329756021499634, 0.0], [0.25021854043006897, -0.3192596435546875, 0.0], [0.24729539453983307, 0.0790352001786232, 0.0], [-0.3091163635253906, 0.0730111300945282, 0.0]]",False,wheel_geometry_approximation,disabled,False,contact sensor disabled or unavailable; support contacts are geometry-estimated,nan,disabled,nan,False,friction utilization requires valid normal and tangential contact forces,0.0,idle_deadband,joint velocity vs base velocity with idle deadband,4 (geometry-estimated),contact_forces_unavailable,nan,False,contact_forces_unavailable,nan,0.0,[],0.03646299137264242,0.09449544548988342,1.0,rear_right_hip,0.008923408368184529,adapter.command_state,"[{""available"": true, ""commandable"": true, ""joint_id"": 0, ""joint_name"": ""front_left_hip"", ""kind"": ""servo"", ""source"": ""telemetry_articulation""}, {""available"": true, ""commandable"": true, ""joint_id"": 4, ""joint_name"": ""front_left_knee"", ""kind"": ""servo"", ""source"": ""telemetry_articulation""}, {""available"": true, ""commandable"": true, ""joint_id"": 1, ""joint_name"": ""front_right_hip"", ""kind"": ""servo"", ""source"": ""telemetry_articulation""}, {""available"": true, ""commandable"": true, ""joint_id"": 5, ""joint_name"": ""front_right_knee"", ""kind"": ""servo"", ""source"": ""telemetry_articulation""}, {""available"": true, ""commandable"": true, ""joint_id"": 2, ""joint_name"": ""rear_left_hip"", ""kind"": ""servo"", ""source"": ""telemetry_articulation""}, {""available"": true, ""commandable"": true, ""joint_id"": 6, ""joint_name"": ""rear_left_knee"", ""kind"": ""servo"", ""source"": ""telemetry_articulation""}, {""available"": true, ""commandable"": true, ""joint_id"": 3, ""joint_name"": ""rear_right_hip"", ""kind"": ""servo"", ""source"": ""telemetry_articulation""}, {""available"": true, ""commandable"": true, ""joint_id"": 7, ""joint_name"": ""rear_right_knee"", ""kind"": ""servo"", ""source"": ""telemetry_articulation""}, {""available"": true, ""commandable"": true, ""joint_id"": 8, ""joint_name"": ""front_left_ankle"", ""kind"": ""wheel"", ""source"": ""telemetry_articulation""}, {""available"": true, ""commandable"": true, ""joint_id"": 9, ""joint_name"": ""front_right_ankle"", ""kind"": ""wheel"", ""source"": ""telemetry_articulation""}, {""available"": true, ""commandable"": true, ""joint_id"": 10, ""joint_name"": ""rear_left_ankle"", ""kind"": ""wheel"", ""source"": ""telemetry_articulation""}, {""available"": true, ""commandable"": true, ""joint_id"": 11, ""joint_name"": ""rear_right_ankle"", ""kind"": ""wheel"", ""source"": ""telemetry_articulation""}]","[""front_left_hip"", ""front_left_knee"", ""front_right_hip"", ""front_right_knee"", ""rear_left_hip"", ""rear_left_knee"", ""rear_right_hip"", ""rear_right_knee"", ""front_left_ankle"", ""front_right_ankle"", ""rear_left_ankle"", ""rear_right_ankle""]",contact sensor unavailable; contact forces unavailable; wheel support points are approximate; contact sensor disabled or unavailable; support contacts are geometry-estimated,,idle,,0.0,idle,0,0,,0,0,,,3.653499996289611
16,1.7083333333333297,205,5,0.05,-0.007716840133070946,-0.0012721046805381775,0.09875499457120895,0.9999867081642151,0.0003909481456503272,-0.005041029304265976,0.0010973054450005293,0.0007708619189429319,-0.010082951557038337,0.002190752865122487,-0.001550359302200377,-0.000447218946646899,0.0012278372887521982,-0.002651894697919488,0.003782834392040968,0.003635447472333908,2.9308585226535797,-0.03118838409782043,-0.12239111004599054,0.15446654672064628,-0.0012526490094559072,-0.0005199451158210034,0.0002726790056010555,isaaclab.ArticulationData.body_com_state_w,,-0.03118838409782043,-0.12239111004599054,0.0,0.1983997190451189,0.19850098973959937,safe,safe,0.2223439354089971,1.9139541431716902,4,"[[-0.3126375675201416, -0.3232975900173187, 0.0], [0.25021839141845703, -0.3192596137523651, 0.0], [0.24729514122009277, 0.07903527468442917, 0.0], [-0.309126079082489, 0.07301110774278641, 0.0]]",False,wheel_geometry_approximation,disabled,False,contact sensor disabled or unavailable; support contacts are geometry-estimated,nan,disabled,nan,False,friction utilization requires valid normal and tangential contact forces,0.0,idle_deadband,joint velocity vs base velocity with idle deadband,4 (geometry-estimated),contact_forces_unavailable,nan,False,contact_forces_unavailable,nan,0.0,[],0.03655451966942755,0.09472107142210007,1.0,rear_right_hip,0.009572531133170562,adapter.command_state,"[{""available"": true, ""commandable"": true, ""joint_id"": 0, ""joint_name"": ""front_left_hip"", ""kind"": ""servo"", ""source"": ""telemetry_articulation""}, {""available"": true, ""commandable"": true, ""joint_id"": 4, ""joint_name"": ""front_left_knee"", ""kind"": ""servo"", ""source"": ""telemetry_articulation""}, {""available"": true, ""commandable"": true, ""joint_id"": 1, ""joint_name"": ""front_right_hip"", ""kind"": ""servo"", ""source"": ""telemetry_articulation""}, {""available"": true, ""commandable"": true, ""joint_id"": 5, ""joint_name"": ""front_right_knee"", ""kind"": ""servo"", ""source"": ""telemetry_articulation""}, {""available"": true, ""commandable"": true, ""joint_id"": 2, ""joint_name"": ""rear_left_hip"", ""kind"": ""servo"", ""source"": ""telemetry_articulation""}, {""available"": true, ""commandable"": true, ""joint_id"": 6, ""joint_name"": ""rear_left_knee"", ""kind"": ""servo"", ""source"": ""telemetry_articulation""}, {""available"": true, ""commandable"": true, ""joint_id"": 3, ""joint_name"": ""rear_right_hip"", ""kind"": ""servo"", ""source"": ""telemetry_articulation""}, {""available"": true, ""commandable"": true, ""joint_id"": 7, ""joint_name"": ""rear_right_knee"", ""kind"": ""servo"", ""source"": ""telemetry_articulation""}, {""available"": true, ""commandable"": true, ""joint_id"": 8, ""joint_name"": ""front_left_ankle"", ""kind"": ""wheel"", ""source"": ""telemetry_articulation""}, {""available"": true, ""commandable"": true, ""joint_id"": 9, ""joint_name"": ""front_right_ankle"", ""kind"": ""wheel"", ""source"": ""telemetry_articulation""}, {""available"": true, ""commandable"": true, ""joint_id"": 10, ""joint_name"": ""rear_left_ankle"", ""kind"": ""wheel"", ""source"": ""telemetry_articulation""}, {""available"": true, ""commandable"": true, ""joint_id"": 11, ""joint_name"": ""rear_right_ankle"", ""kind"": ""wheel"", ""source"": ""telemetry_articulation""}]","[""front_left_hip"", ""front_left_knee"", ""front_right_hip"", ""front_right_knee"", ""rear_left_hip"", ""rear_left_knee"", ""rear_right_hip"", ""rear_right_knee"", ""front_left_ankle"", ""front_right_ankle"", ""rear_left_ankle"", ""rear_right_ankle""]",contact sensor unavailable; contact forces unavailable; wheel support points are approximate; contact sensor disabled or unavailable; support contacts are geometry-estimated,,idle,,0.0,idle,0,0,,0,0,,,4.230000078678131
17,1.7333333333333296,208,5,0.05,-0.007720347493886948,-0.0012721344828605652,0.09875167906284332,0.9999866485595703,0.00039087148616090417,-0.005042341072112322,0.0010973241878673434,0.0007707055816893269,-0.01008557550515749,0.002190790259129587,-0.001537090283818543,-0.00044660107232630253,0.0012355431681498885,-0.0026759360916912556,0.00373902078717947,0.0036472254432737827,2.9308585226535797,-0.031192312527056683,-0.12239113606131173,0.15446496154246106,-0.0012397029171909808,-0.0005199994846046005,0.00027760405474586873,isaaclab.ArticulationData.body_com_state_w,,-0.031192312527056683,-0.12239113606131173,0.0,0.1983997113451618,0.19850102097100078,safe,safe,0.22234748058791043,1.9139719692327044,4,"[[-0.31264641880989075, -0.3232976794242859, 0.0], [0.2502182424068451, -0.3192596435546875, 0.0], [0.24729511141777039, 0.07903525233268738, 0.0], [-0.30913519859313965, 0.07301104813814163, 0.0]]",False,wheel_geometry_approximation,disabled,False,contact sensor disabled or unavailable; support contacts are geometry-estimated,nan,disabled,nan,False,friction utilization requires valid normal and tangential contact forces,0.0,idle_deadband,joint velocity vs base velocity with idle deadband,4 (geometry-estimated),contact_forces_unavailable,nan,False,contact_forces_unavailable,nan,0.0,[],0.03664107919130827,0.09493492543697357,1.0,rear_right_hip,0.010228541746953014,adapter.command_state,"[{""available"": true, ""commandable"": true, ""joint_id"": 0, ""joint_name"": ""front_left_hip"", ""kind"": ""servo"", ""source"": ""telemetry_articulation""}, {""available"": true, ""commandable"": true, ""joint_id"": 4, ""joint_name"": ""front_left_knee"", ""kind"": ""servo"", ""source"": ""telemetry_articulation""}, {""available"": true, ""commandable"": true, ""joint_id"": 1, ""joint_name"": ""front_right_hip"", ""kind"": ""servo"", ""source"": ""telemetry_articulation""}, {""available"": true, ""commandable"": true, ""joint_id"": 5, ""joint_name"": ""front_right_knee"", ""kind"": ""servo"", ""source"": ""telemetry_articulation""}, {""available"": true, ""commandable"": true, ""joint_id"": 2, ""joint_name"": ""rear_left_hip"", ""kind"": ""servo"", ""source"": ""telemetry_articulation""}, {""available"": true, ""commandable"": true, ""joint_id"": 6, ""joint_name"": ""rear_left_knee"", ""kind"": ""servo"", ""source"": ""telemetry_articulation""}, {""available"": true, ""commandable"": true, ""joint_id"": 3, ""joint_name"": ""rear_right_hip"", ""kind"": ""servo"", ""source"": ""telemetry_articulation""}, {""available"": true, ""commandable"": true, ""joint_id"": 7, ""joint_name"": ""rear_right_knee"", ""kind"": ""servo"", ""source"": ""telemetry_articulation""}, {""available"": true, ""commandable"": true, ""joint_id"": 8, ""joint_name"": ""front_left_ankle"", ""kind"": ""wheel"", ""source"": ""telemetry_articulation""}, {""available"": true, ""commandable"": true, ""joint_id"": 9, ""joint_name"": ""front_right_ankle"", ""kind"": ""wheel"", ""source"": ""telemetry_articulation""}, {""available"": true, ""commandable"": true, ""joint_id"": 10, ""joint_name"": ""rear_left_ankle"", ""kind"": ""wheel"", ""source"": ""telemetry_articulation""}, {""available"": true, ""commandable"": true, ""joint_id"": 11, ""joint_name"": ""rear_right_ankle"", ""kind"": ""wheel"", ""source"": ""telemetry_articulation""}]","[""front_left_hip"", ""front_left_knee"", ""front_right_hip"", ""front_right_knee"", ""rear_left_hip"", ""rear_left_knee"", ""rear_right_hip"", ""rear_right_knee"", ""front_left_ankle"", ""front_right_ankle"", ""rear_left_ankle"", ""rear_right_ankle""]",contact sensor unavailable; contact forces unavailable; wheel support points are approximate; contact sensor disabled or unavailable; support contacts are geometry-estimated,,idle,,0.0,idle,0,0,,0,0,,,3.541099955327809
18,1.7583333333333295,211,5,0.05,-0.007723676040768623,-0.0012721940875053406,0.09874863922595978,0.9999866485595703,0.00039074892993085086,-0.005043820012360811,0.0010972943855449557,0.000770457526329955,-0.010088533055271348,0.0021907307652996723,-0.0015298852231353521,-0.00044066712143830955,0.0012406834866851568,-0.002699217526242137,0.003767116228118539,0.0036413215566426516,2.9308585226535797,-0.031196118691249775,-0.1223911658019541,0.1544635361812806,-0.0012312373002741886,-0.0005147116249510725,0.0002827198756865602,isaaclab.ArticulationData.body_com_state_w,,-0.031196118691249775,-0.1223911658019541,0.0,0.19839969951946385,0.19849997005495126,safe,safe,0.22235077661550118,1.9139885731614263,4,"[[-0.31265491247177124, -0.3232976794242859, 0.0], [0.250218003988266, -0.3192597031593323, 0.0], [0.24729494750499725, 0.07903514802455902, 0.0], [-0.3091437518596649, 0.07301105558872223, 0.0]]",False,wheel_geometry_approximation,disabled,False,contact sensor disabled or unavailable; support contacts are geometry-estimated,nan,disabled,nan,False,friction utilization requires valid normal and tangential contact forces,0.0,idle_deadband,joint velocity vs base velocity with idle deadband,4 (geometry-estimated),contact_forces_unavailable,nan,False,contact_forces_unavailable,nan,0.0,[],0.036722896584299836,0.09513740241527557,1.0,rear_right_hip,0.01088996048523469,adapter.command_state,"[{""available"": true, ""commandable"": true, ""joint_id"": 0, ""joint_name"": ""front_left_hip"", ""kind"": ""servo"", ""source"": ""telemetry_articulation""}, {""available"": true, ""commandable"": true, ""joint_id"": 4, ""joint_name"": ""front_left_knee"", ""kind"": ""servo"", ""source"": ""telemetry_articulation""}, {""available"": true, ""commandable"": true, ""joint_id"": 1, ""joint_name"": ""front_right_hip"", ""kind"": ""servo"", ""source"": ""telemetry_articulation""}, {""available"": true, ""commandable"": true, ""joint_id"": 5, ""joint_name"": ""front_right_knee"", ""kind"": ""servo"", ""source"": ""telemetry_articulation""}, {""available"": true, ""commandable"": true, ""joint_id"": 2, ""joint_name"": ""rear_left_hip"", ""kind"": ""servo"", ""source"": ""telemetry_articulation""}, {""available"": true, ""commandable"": true, ""joint_id"": 6, ""joint_name"": ""rear_left_knee"", ""kind"": ""servo"", ""source"": ""telemetry_articulation""}, {""available"": true, ""commandable"": true, ""joint_id"": 3, ""joint_name"": ""rear_right_hip"", ""kind"": ""servo"", ""source"": ""telemetry_articulation""}, {""available"": true, ""commandable"": true, ""joint_id"": 7, ""joint_name"": ""rear_right_knee"", ""kind"": ""servo"", ""source"": ""telemetry_articulation""}, {""available"": true, ""commandable"": true, ""joint_id"": 8, ""joint_name"": ""front_left_ankle"", ""kind"": ""wheel"", ""source"": ""telemetry_articulation""}, {""available"": true, ""commandable"": true, ""joint_id"": 9, ""joint_name"": ""front_right_ankle"", ""kind"": ""wheel"", ""source"": ""telemetry_articulation""}, {""available"": true, ""commandable"": true, ""joint_id"": 10, ""joint_name"": ""rear_left_ankle"", ""kind"": ""wheel"", ""source"": ""telemetry_articulation""}, {""available"": true, ""commandable"": true, ""joint_id"": 11, ""joint_name"": ""rear_right_ankle"", ""kind"": ""wheel"", ""source"": ""telemetry_articulation""}]","[""front_left_hip"", ""front_left_knee"", ""front_right_hip"", ""front_right_knee"", ""rear_left_hip"", ""rear_left_knee"", ""rear_right_hip"", ""rear_right_knee"", ""front_left_ankle"", ""front_right_ankle"", ""rear_left_ankle"", ""rear_right_ankle""]",contact sensor unavailable; contact forces unavailable; wheel support points are approximate; contact sensor disabled or unavailable; support contacts are geometry-estimated,,idle,,0.0,idle,0,0,,0,0,,,3.906700061634183
