source_version,source_step_index,source_event_indices,decoded_segment_index,command_start_s,command_end_s,commands,servo_target_deg,wheel_target_rad_s,concurrent,servo_duration_s,wheel_duration_s,explicit_hold_s,final_segment_duration_s,expected_wheel_displacement_rad,command_provenance
v012_20260806_231025_027004_manual,1,[0],0,0.0,0.010666666666666668,"[""servo rear_left_hip 1.6""]","{""rear_left_hip"":1.6}","{""front_left_ankle"":0.0,""front_right_ankle"":0.0,""rear_left_ankle"":0.0,""rear_right_ankle"":0.0}",False,0.010666666666666668,0.0,0.0,0.010666666666666668,"{""front_left_ankle"":0.0,""front_right_ankle"":0.0,""rear_left_ankle"":0.0,""rear_right_ankle"":0.0}","[{""base_command"":""servo rear_left_hip 1.6"",""dispatch_command"":true,""mapping_error"":"""",""plan_event_index"":0,""source_event_index"":0,""source_expanded_index"":0,""source_step_index"":1}]"
v012_20260806_231025_027004_manual,1,[1],1,0.010666666666666668,0.07400000000000001,"[""servo rear_left_hip 11.1""]","{""rear_left_hip"":11.1}","{""front_left_ankle"":0.0,""front_right_ankle"":0.0,""rear_left_ankle"":0.0,""rear_right_ankle"":0.0}",False,0.06333333333333334,0.0,0.0,0.06333333333333334,"{""front_left_ankle"":0.0,""front_right_ankle"":0.0,""rear_left_ankle"":0.0,""rear_right_ankle"":0.0}","[{""base_command"":""servo rear_left_hip 11.1"",""dispatch_command"":true,""mapping_error"":"""",""plan_event_index"":1,""source_event_index"":1,""source_expanded_index"":0,""source_step_index"":1}]"
v012_20260806_231025_027004_manual,1,[2],2,0.07400000000000001,0.11666666666666668,"[""servo rear_left_hip 17.5""]","{""rear_left_hip"":17.5}","{""front_left_ankle"":0.0,""front_right_ankle"":0.0,""rear_left_ankle"":0.0,""rear_right_ankle"":0.0}",False,0.04266666666666667,0.0,0.0,0.04266666666666667,"{""front_left_ankle"":0.0,""front_right_ankle"":0.0,""rear_left_ankle"":0.0,""rear_right_ankle"":0.0}","[{""base_command"":""servo rear_left_hip 17.5"",""dispatch_command"":true,""mapping_error"":"""",""plan_event_index"":2,""source_event_index"":2,""source_expanded_index"":0,""source_step_index"":1}]"
v012_20260806_231025_027004_manual,1,[3],3,0.11666666666666668,0.14466666666666667,"[""servo rear_left_hip 21.7""]","{""rear_left_hip"":21.7}","{""front_left_ankle"":0.0,""front_right_ankle"":0.0,""rear_left_ankle"":0.0,""rear_right_ankle"":0.0}",False,0.027999999999999994,0.0,0.0,0.027999999999999983,"{""front_left_ankle"":0.0,""front_right_ankle"":0.0,""rear_left_ankle"":0.0,""rear_right_ankle"":0.0}","[{""base_command"":""servo rear_left_hip 21.7"",""dispatch_command"":true,""mapping_error"":"""",""plan_event_index"":3,""source_event_index"":3,""source_expanded_index"":0,""source_step_index"":1}]"
v012_20260806_231025_027004_manual,1,[4],4,0.14466666666666667,0.152,"[""servo rear_left_hip 22.8""]","{""rear_left_hip"":22.8}","{""front_left_ankle"":0.0,""front_right_ankle"":0.0,""rear_left_ankle"":0.0,""rear_right_ankle"":0.0}",False,0.007333333333333343,0.0,0.0,0.007333333333333331,"{""front_left_ankle"":0.0,""front_right_ankle"":0.0,""rear_left_ankle"":0.0,""rear_right_ankle"":0.0}","[{""base_command"":""servo rear_left_hip 22.8"",""dispatch_command"":true,""mapping_error"":"""",""plan_event_index"":4,""source_event_index"":4,""source_expanded_index"":0,""source_step_index"":1}]"
v012_20260806_231025_027004_manual,2,[0],5,0.152,14.085333333130576,"[""wheel all 0.300""]",{},"{""front_left_ankle"":0.3,""front_right_ankle"":0.3,""rear_left_ankle"":0.3,""rear_right_ankle"":0.3}",False,0.0,13.933333333130577,0.0,13.933333333130577,"{""front_left_ankle"":4.179999999939173,""front_right_ankle"":4.179999999939173,""rear_left_ankle"":4.179999999939173,""rear_right_ankle"":4.179999999939173}","[{""base_command"":""wheel all 0.300"",""dispatch_command"":true,""mapping_error"":"""",""plan_event_index"":5,""source_event_index"":0,""source_expanded_index"":0,""source_step_index"":2}]"
v012_20260806_231025_027004_manual,2,[1],6,14.085333333130576,14.085333333130576,"[""wheel stop""]",{},"{""front_left_ankle"":0.0,""front_right_ankle"":0.0,""rear_left_ankle"":0.0,""rear_right_ankle"":0.0}",False,0.0,0.0,0.0,0.0,"{""front_left_ankle"":0.0,""front_right_ankle"":0.0,""rear_left_ankle"":0.0,""rear_right_ankle"":0.0}","[{""base_command"":""wheel stop"",""dispatch_command"":true,""mapping_error"":"""",""plan_event_index"":6,""source_event_index"":1,""source_expanded_index"":0,""source_step_index"":2}]"
v012_20260806_231025_027004_manual,3,[0],7,14.085333333130576,14.123999999797242,"[""servo front_right_hip 5.8""]","{""front_right_hip"":5.8}","{""front_left_ankle"":0.0,""front_right_ankle"":0.0,""rear_left_ankle"":0.0,""rear_right_ankle"":0.0}",False,0.03866666666666667,0.0,0.0,0.03866666666666596,"{""front_left_ankle"":0.0,""front_right_ankle"":0.0,""rear_left_ankle"":0.0,""rear_right_ankle"":0.0}","[{""base_command"":""servo front_right_hip 5.8"",""dispatch_command"":true,""mapping_error"":"""",""plan_event_index"":7,""source_event_index"":0,""source_expanded_index"":0,""source_step_index"":3}]"
v012_20260806_231025_027004_manual,3,[1],8,14.123999999797242,14.159333333130576,"[""servo front_right_hip 11.1""]","{""front_right_hip"":11.1}","{""front_left_ankle"":0.0,""front_right_ankle"":0.0,""rear_left_ankle"":0.0,""rear_right_ankle"":0.0}",False,0.035333333333333335,0.0,0.0,0.03533333333333388,"{""front_left_ankle"":0.0,""front_right_ankle"":0.0,""rear_left_ankle"":0.0,""rear_right_ankle"":0.0}","[{""base_command"":""servo front_right_hip 11.1"",""dispatch_command"":true,""mapping_error"":"""",""plan_event_index"":8,""source_event_index"":1,""source_expanded_index"":0,""source_step_index"":3}]"
v012_20260806_231025_027004_manual,3,[2],9,14.159333333130576,14.201999999797243,"[""servo front_right_hip 17.5""]","{""front_right_hip"":17.5}","{""front_left_ankle"":0.0,""front_right_ankle"":0.0,""rear_left_ankle"":0.0,""rear_right_ankle"":0.0}",False,0.04266666666666667,0.0,0.0,0.0426666666666673,"{""front_left_ankle"":0.0,""front_right_ankle"":0.0,""rear_left_ankle"":0.0,""rear_right_ankle"":0.0}","[{""base_command"":""servo front_right_hip 17.5"",""dispatch_command"":true,""mapping_error"":"""",""plan_event_index"":9,""source_event_index"":2,""source_expanded_index"":0,""source_step_index"":3}]"
v012_20260806_231025_027004_manual,3,[3],10,14.201999999797243,14.22266666646391,"[""servo front_right_hip 20.6""]","{""front_right_hip"":20.6}","{""front_left_ankle"":0.0,""front_right_ankle"":0.0,""rear_left_ankle"":0.0,""rear_right_ankle"":0.0}",False,0.020666666666666677,0.0,0.0,0.020666666666667055,"{""front_left_ankle"":0.0,""front_right_ankle"":0.0,""rear_left_ankle"":0.0,""rear_right_ankle"":0.0}","[{""base_command"":""servo front_right_hip 20.6"",""dispatch_command"":true,""mapping_error"":"""",""plan_event_index"":10,""source_event_index"":3,""source_expanded_index"":0,""source_step_index"":3}]"
v012_20260806_231025_027004_manual,3,[4],11,14.22266666646391,14.229999999797244,"[""servo front_right_hip 21.7""]","{""front_right_hip"":21.7}","{""front_left_ankle"":0.0,""front_right_ankle"":0.0,""rear_left_ankle"":0.0,""rear_right_ankle"":0.0}",False,0.007333333333333319,0.0,0.0,0.007333333333333414,"{""front_left_ankle"":0.0,""front_right_ankle"":0.0,""rear_left_ankle"":0.0,""rear_right_ankle"":0.0}","[{""base_command"":""servo front_right_hip 21.7"",""dispatch_command"":true,""mapping_error"":"""",""plan_event_index"":11,""source_event_index"":4,""source_expanded_index"":0,""source_step_index"":3}]"
v012_20260806_231025_027004_manual,3,[5],12,14.229999999797244,14.237333333130577,"[""servo front_right_hip 22.8""]","{""front_right_hip"":22.8}","{""front_left_ankle"":0.0,""front_right_ankle"":0.0,""rear_left_ankle"":0.0,""rear_right_ankle"":0.0}",False,0.007333333333333343,0.0,0.0,0.007333333333333414,"{""front_left_ankle"":0.0,""front_right_ankle"":0.0,""rear_left_ankle"":0.0,""rear_right_ankle"":0.0}","[{""base_command"":""servo front_right_hip 22.8"",""dispatch_command"":true,""mapping_error"":"""",""plan_event_index"":12,""source_event_index"":5,""source_expanded_index"":0,""source_step_index"":3}]"
v012_20260806_231025_027004_manual,3,[6],13,14.237333333130577,14.243999999797243,"[""servo front_right_hip 23.8""]","{""front_right_hip"":23.8}","{""front_left_ankle"":0.0,""front_right_ankle"":0.0,""rear_left_ankle"":0.0,""rear_right_ankle"":0.0}",False,0.006666666666666667,0.0,0.0,0.0066666666666659324,"{""front_left_ankle"":0.0,""front_right_ankle"":0.0,""rear_left_ankle"":0.0,""rear_right_ankle"":0.0}","[{""base_command"":""servo front_right_hip 23.8"",""dispatch_command"":true,""mapping_error"":"""",""plan_event_index"":13,""source_event_index"":6,""source_expanded_index"":0,""source_step_index"":3}]"
v012_20260806_231025_027004_manual,3,[7],14,14.243999999797243,14.31666666646391,"[""servo front_right_knee 10.9""]","{""front_right_knee"":10.9}","{""front_left_ankle"":0.0,""front_right_ankle"":0.0,""rear_left_ankle"":0.0,""rear_right_ankle"":0.0}",False,0.07266666666666667,0.0,0.0,0.07266666666666666,"{""front_left_ankle"":0.0,""front_right_ankle"":0.0,""rear_left_ankle"":0.0,""rear_right_ankle"":0.0}","[{""base_command"":""servo front_right_knee 10.9"",""dispatch_command"":true,""mapping_error"":"""",""plan_event_index"":14,""source_event_index"":7,""source_expanded_index"":0,""source_step_index"":3}]"
v012_20260806_231025_027004_manual,3,[8],15,14.31666666646391,14.345333333130576,"[""servo front_right_knee 15.2""]","{""front_right_knee"":15.2}","{""front_left_ankle"":0.0,""front_right_ankle"":0.0,""rear_left_ankle"":0.0,""rear_right_ankle"":0.0}",False,0.02866666666666666,0.0,0.0,0.028666666666666174,"{""front_left_ankle"":0.0,""front_right_ankle"":0.0,""rear_left_ankle"":0.0,""rear_right_ankle"":0.0}","[{""base_command"":""servo front_right_knee 15.2"",""dispatch_command"":true,""mapping_error"":"""",""plan_event_index"":15,""source_event_index"":8,""source_expanded_index"":0,""source_step_index"":3}]"
v012_20260806_231025_027004_manual,3,[9],16,14.345333333130576,14.351999999797242,"[""servo front_right_knee 16.2""]","{""front_right_knee"":16.2}","{""front_left_ankle"":0.0,""front_right_ankle"":0.0,""rear_left_ankle"":0.0,""rear_right_ankle"":0.0}",False,0.006666666666666667,0.0,0.0,0.0066666666666659324,"{""front_left_ankle"":0.0,""front_right_ankle"":0.0,""rear_left_ankle"":0.0,""rear_right_ankle"":0.0}","[{""base_command"":""servo front_right_knee 16.2"",""dispatch_command"":true,""mapping_error"":"""",""plan_event_index"":16,""source_event_index"":9,""source_expanded_index"":0,""source_step_index"":3}]"
v012_20260806_231025_027004_manual,3,[10],17,14.351999999797242,14.394666666463909,"[""servo front_right_knee 22.6""]","{""front_right_knee"":22.6}","{""front_left_ankle"":0.0,""front_right_ankle"":0.0,""rear_left_ankle"":0.0,""rear_right_ankle"":0.0}",False,0.04266666666666668,0.0,0.0,0.0426666666666673,"{""front_left_ankle"":0.0,""front_right_ankle"":0.0,""rear_left_ankle"":0.0,""rear_right_ankle"":0.0}","[{""base_command"":""servo front_right_knee 22.6"",""dispatch_command"":true,""mapping_error"":"""",""plan_event_index"":17,""source_event_index"":10,""source_expanded_index"":0,""source_step_index"":3}]"
v012_20260806_231025_027004_manual,3,[11],18,14.394666666463909,14.401333333130575,"[""servo front_right_knee 23.6""]","{""front_right_knee"":23.6}","{""front_left_ankle"":0.0,""front_right_ankle"":0.0,""rear_left_ankle"":0.0,""rear_right_ankle"":0.0}",False,0.006666666666666667,0.0,0.0,0.0066666666666659324,"{""front_left_ankle"":0.0,""front_right_ankle"":0.0,""rear_left_ankle"":0.0,""rear_right_ankle"":0.0}","[{""base_command"":""servo front_right_knee 23.6"",""dispatch_command"":true,""mapping_error"":"""",""plan_event_index"":18,""source_event_index"":11,""source_expanded_index"":0,""source_step_index"":3}]"
v012_20260806_231025_027004_manual,3,[12],19,14.401333333130575,14.408666666463908,"[""servo front_right_knee 24.7""]","{""front_right_knee"":24.7}","{""front_left_ankle"":0.0,""front_right_ankle"":0.0,""rear_left_ankle"":0.0,""rear_right_ankle"":0.0}",False,0.007333333333333319,0.0,0.0,0.007333333333333414,"{""front_left_ankle"":0.0,""front_right_ankle"":0.0,""rear_left_ankle"":0.0,""rear_right_ankle"":0.0}","[{""base_command"":""servo front_right_knee 24.7"",""dispatch_command"":true,""mapping_error"":"""",""plan_event_index"":19,""source_event_index"":12,""source_expanded_index"":0,""source_step_index"":3}]"
v012_20260806_231025_027004_manual,3,[13],20,14.408666666463908,14.415999999797242,"[""servo front_right_knee 25.8""]","{""front_right_knee"":25.8}","{""front_left_ankle"":0.0,""front_right_ankle"":0.0,""rear_left_ankle"":0.0,""rear_right_ankle"":0.0}",False,0.007333333333333343,0.0,0.0,0.007333333333333414,"{""front_left_ankle"":0.0,""front_right_ankle"":0.0,""rear_left_ankle"":0.0,""rear_right_ankle"":0.0}","[{""base_command"":""servo front_right_knee 25.8"",""dispatch_command"":true,""mapping_error"":"""",""plan_event_index"":20,""source_event_index"":13,""source_expanded_index"":0,""source_step_index"":3}]"
v012_20260806_231025_027004_manual,4,[0],21,14.415999999797242,15.815999999776869,"[""servo front_left_hip 0"",""servo front_left_knee -15.5"",""servo front_right_hip 23.8"",""servo front_right_knee 25.8"",""servo rear_left_hip 0.5"",""servo rear_left_knee 0"",""servo rear_right_hip 0"",""servo rear_right_knee 0"",""wheel fl -0.79""]","{""front_left_hip"":0.0,""front_left_knee"":-15.5,""front_right_hip"":23.8,""front_right_knee"":25.8,""rear_left_hip"":0.5,""rear_left_knee"":0.0,""rear_right_hip"":0.0,""rear_right_knee"":0.0}","{""front_left_ankle"":-0.79,""front_right_ankle"":0.0,""rear_left_ankle"":0.0,""rear_right_ankle"":0.0}",True,0.14866666666666667,1.3999999999796273,0.0,1.3999999999796273,"{""front_left_ankle"":-1.1059999999839056,""front_right_ankle"":0.0,""rear_left_ankle"":0.0,""rear_right_ankle"":0.0}","[{""base_command"":""servo front_left_hip 0"",""dispatch_command"":true,""mapping_error"":"""",""plan_event_index"":21,""source_event_index"":0,""source_expanded_index"":0,""source_step_index"":4},{""base_command"":""servo front_left_knee -15.5"",""dispatch_command"":true,""mapping_error"":"""",""plan_event_index"":22,""source_event_index"":0,""source_expanded_index"":1,""source_step_index"":4},{""base_command"":""servo front_right_hip 23.8"",""dispatch_command"":true,""mapping_error"":"""",""plan_event_index"":23,""source_event_index"":0,""source_expanded_index"":2,""source_step_index"":4},{""base_command"":""servo front_right_knee 25.8"",""dispatch_command"":true,""mapping_error"":"""",""plan_event_index"":24,""source_event_index"":0,""source_expanded_index"":3,""source_step_index"":4},{""base_command"":""servo rear_left_hip 0.5"",""dispatch_command"":true,""mapping_error"":"""",""plan_event_index"":25,""source_event_index"":0,""source_expanded_index"":4,""source_step_index"":4},{""base_command"":""servo rear_left_knee 0"",""dispatch_command"":true,""mapping_error"":"""",""plan_event_index"":26,""source_event_index"":0,""source_expanded_index"":5,""source_step_index"":4},{""base_command"":""servo rear_right_hip 0"",""dispatch_command"":true,""mapping_error"":"""",""plan_event_index"":27,""source_event_index"":0,""source_expanded_index"":6,""source_step_index"":4},{""base_command"":""servo rear_right_knee 0"",""dispatch_command"":true,""mapping_error"":"""",""plan_event_index"":28,""source_event_index"":0,""source_expanded_index"":7,""source_step_index"":4},{""base_command"":""wheel fl -0.79"",""dispatch_command"":true,""mapping_error"":"""",""plan_event_index"":29,""source_event_index"":0,""source_expanded_index"":8,""source_step_index"":4}]"
v012_20260806_231025_027004_manual,4,[1],22,15.815999999776869,15.815999999776869,"[""wheel stop""]",{},"{""front_left_ankle"":0.0,""front_right_ankle"":0.0,""rear_left_ankle"":0.0,""rear_right_ankle"":0.0}",False,0.0,0.0,0.0,0.0,"{""front_left_ankle"":0.0,""front_right_ankle"":0.0,""rear_left_ankle"":0.0,""rear_right_ankle"":0.0}","[{""base_command"":""wheel stop"",""dispatch_command"":true,""mapping_error"":"""",""plan_event_index"":30,""source_event_index"":1,""source_expanded_index"":0,""source_step_index"":4}]"
v012_20260806_231025_027004_manual,5,[0],23,15.815999999776869,15.857999999776869,"[""servo rear_left_hip -5.8""]","{""rear_left_hip"":-5.8}","{""front_left_ankle"":0.0,""front_right_ankle"":0.0,""rear_left_ankle"":0.0,""rear_right_ankle"":0.0}",False,0.041999999999999996,0.0,0.0,0.041999999999999815,"{""front_left_ankle"":0.0,""front_right_ankle"":0.0,""rear_left_ankle"":0.0,""rear_right_ankle"":0.0}","[{""base_command"":""servo rear_left_hip -5.8"",""dispatch_command"":true,""mapping_error"":"""",""plan_event_index"":31,""source_event_index"":0,""source_expanded_index"":0,""source_step_index"":5}]"
v012_20260806_231025_027004_manual,5,[1],24,15.857999999776869,15.893333333110203,"[""servo rear_left_hip -11.1""]","{""rear_left_hip"":-11.1}","{""front_left_ankle"":0.0,""front_right_ankle"":0.0,""rear_left_ankle"":0.0,""rear_right_ankle"":0.0}",False,0.035333333333333335,0.0,0.0,0.03533333333333388,"{""front_left_ankle"":0.0,""front_right_ankle"":0.0,""rear_left_ankle"":0.0,""rear_right_ankle"":0.0}","[{""base_command"":""servo rear_left_hip -11.1"",""dispatch_command"":true,""mapping_error"":"""",""plan_event_index"":32,""source_event_index"":1,""source_expanded_index"":0,""source_step_index"":5}]"
v012_20260806_231025_027004_manual,5,[2],25,15.893333333110203,15.900666666443536,"[""servo rear_left_hip -12.2""]","{""rear_left_hip"":-12.2}","{""front_left_ankle"":0.0,""front_right_ankle"":0.0,""rear_left_ankle"":0.0,""rear_right_ankle"":0.0}",False,0.007333333333333331,0.0,0.0,0.007333333333333414,"{""front_left_ankle"":0.0,""front_right_ankle"":0.0,""rear_left_ankle"":0.0,""rear_right_ankle"":0.0}","[{""base_command"":""servo rear_left_hip -12.2"",""dispatch_command"":true,""mapping_error"":"""",""plan_event_index"":33,""source_event_index"":2,""source_expanded_index"":0,""source_step_index"":5}]"
v012_20260806_231025_027004_manual,5,[3],26,15.900666666443536,15.92399999977687,"[""servo rear_left_knee 3.5""]","{""rear_left_knee"":3.5}","{""front_left_ankle"":0.0,""front_right_ankle"":0.0,""rear_left_ankle"":0.0,""rear_right_ankle"":0.0}",False,0.023333333333333334,0.0,0.0,0.023333333333333428,"{""front_left_ankle"":0.0,""front_right_ankle"":0.0,""rear_left_ankle"":0.0,""rear_right_ankle"":0.0}","[{""base_command"":""servo rear_left_knee 3.5"",""dispatch_command"":true,""mapping_error"":"""",""plan_event_index"":34,""source_event_index"":3,""source_expanded_index"":0,""source_step_index"":5}]"
v012_20260806_231025_027004_manual,5,[4],27,15.92399999977687,15.945333333110202,"[""servo rear_left_knee 6.7""]","{""rear_left_knee"":6.7}","{""front_left_ankle"":0.0,""front_right_ankle"":0.0,""rear_left_ankle"":0.0,""rear_right_ankle"":0.0}",False,0.021333333333333336,0.0,0.0,0.02133333333333276,"{""front_left_ankle"":0.0,""front_right_ankle"":0.0,""rear_left_ankle"":0.0,""rear_right_ankle"":0.0}","[{""base_command"":""servo rear_left_knee 6.7"",""dispatch_command"":true,""mapping_error"":"""",""plan_event_index"":35,""source_event_index"":4,""source_expanded_index"":0,""source_step_index"":5}]"
v012_20260806_231025_027004_manual,5,[5],28,15.945333333110202,15.959333333110202,"[""servo rear_left_knee 8.8""]","{""rear_left_knee"":8.8}","{""front_left_ankle"":0.0,""front_right_ankle"":0.0,""rear_left_ankle"":0.0,""rear_right_ankle"":0.0}",False,0.014000000000000004,0.0,0.0,0.013999999999999346,"{""front_left_ankle"":0.0,""front_right_ankle"":0.0,""rear_left_ankle"":0.0,""rear_right_ankle"":0.0}","[{""base_command"":""servo rear_left_knee 8.8"",""dispatch_command"":true,""mapping_error"":"""",""plan_event_index"":36,""source_event_index"":5,""source_expanded_index"":0,""source_step_index"":5}]"
v012_20260806_231025_027004_manual,5,[6],29,15.959333333110202,16.0233333331102,"[""servo rear_left_knee 18.4""]","{""rear_left_knee"":18.4}","{""front_left_ankle"":0.0,""front_right_ankle"":0.0,""rear_left_ankle"":0.0,""rear_right_ankle"":0.0}",False,0.06399999999999999,0.0,0.0,0.06400000000000006,"{""front_left_ankle"":0.0,""front_right_ankle"":0.0,""rear_left_ankle"":0.0,""rear_right_ankle"":0.0}","[{""base_command"":""servo rear_left_knee 18.4"",""dispatch_command"":true,""mapping_error"":"""",""plan_event_index"":37,""source_event_index"":6,""source_expanded_index"":0,""source_step_index"":5}]"
v012_20260806_231025_027004_manual,5,[7],30,16.0233333331102,16.04399999977687,"[""servo rear_left_knee 21.5""]","{""rear_left_knee"":21.5}","{""front_left_ankle"":0.0,""front_right_ankle"":0.0,""rear_left_ankle"":0.0,""rear_right_ankle"":0.0}",False,0.020666666666666677,0.0,0.0,0.020666666666667055,"{""front_left_ankle"":0.0,""front_right_ankle"":0.0,""rear_left_ankle"":0.0,""rear_right_ankle"":0.0}","[{""base_command"":""servo rear_left_knee 21.5"",""dispatch_command"":true,""mapping_error"":"""",""plan_event_index"":38,""source_event_index"":7,""source_expanded_index"":0,""source_step_index"":5}]"
v012_20260806_231025_027004_manual,6,[0],31,16.04399999977687,16.079333333110203,"[""servo front_left_knee -20.8""]","{""front_left_knee"":-20.8}","{""front_left_ankle"":0.0,""front_right_ankle"":0.0,""rear_left_ankle"":0.0,""rear_right_ankle"":0.0}",False,0.035333333333333335,0.0,0.0,0.03533333333333388,"{""front_left_ankle"":0.0,""front_right_ankle"":0.0,""rear_left_ankle"":0.0,""rear_right_ankle"":0.0}","[{""base_command"":""servo front_left_knee -20.8"",""dispatch_command"":true,""mapping_error"":"""",""plan_event_index"":39,""source_event_index"":0,""source_expanded_index"":0,""source_step_index"":6}]"
v012_20260806_231025_027004_manual,6,[1],32,16.079333333110203,16.093333333110202,"[""servo front_left_knee -22.9""]","{""front_left_knee"":-22.9}","{""front_left_ankle"":0.0,""front_right_ankle"":0.0,""rear_left_ankle"":0.0,""rear_right_ankle"":0.0}",False,0.013999999999999986,0.0,0.0,0.013999999999999346,"{""front_left_ankle"":0.0,""front_right_ankle"":0.0,""rear_left_ankle"":0.0,""rear_right_ankle"":0.0}","[{""base_command"":""servo front_left_knee -22.9"",""dispatch_command"":true,""mapping_error"":"""",""plan_event_index"":40,""source_event_index"":1,""source_expanded_index"":0,""source_step_index"":6}]"
v012_20260806_231025_027004_manual,6,[2],33,16.093333333110202,16.100666666443534,"[""servo front_left_knee -24.0""]","{""front_left_knee"":-24.0}","{""front_left_ankle"":0.0,""front_right_ankle"":0.0,""rear_left_ankle"":0.0,""rear_right_ankle"":0.0}",False,0.007333333333333343,0.0,0.0,0.0073333333333316375,"{""front_left_ankle"":0.0,""front_right_ankle"":0.0,""rear_left_ankle"":0.0,""rear_right_ankle"":0.0}","[{""base_command"":""servo front_left_knee -24.0"",""dispatch_command"":true,""mapping_error"":"""",""plan_event_index"":41,""source_event_index"":2,""source_expanded_index"":0,""source_step_index"":6}]"
v012_20260806_231025_027004_manual,6,[3],34,16.100666666443534,16.1393333331102,"[""servo front_left_hip 5.8""]","{""front_left_hip"":5.8}","{""front_left_ankle"":0.0,""front_right_ankle"":0.0,""rear_left_ankle"":0.0,""rear_right_ankle"":0.0}",False,0.03866666666666667,0.0,0.0,0.03866666666666774,"{""front_left_ankle"":0.0,""front_right_ankle"":0.0,""rear_left_ankle"":0.0,""rear_right_ankle"":0.0}","[{""base_command"":""servo front_left_hip 5.8"",""dispatch_command"":true,""mapping_error"":"""",""plan_event_index"":42,""source_event_index"":3,""source_expanded_index"":0,""source_step_index"":6}]"
v012_20260806_231025_027004_manual,6,[4],35,16.1393333331102,16.174666666443535,"[""servo front_left_hip 11.1""]","{""front_left_hip"":11.1}","{""front_left_ankle"":0.0,""front_right_ankle"":0.0,""rear_left_ankle"":0.0,""rear_right_ankle"":0.0}",False,0.035333333333333335,0.0,0.0,0.03533333333333388,"{""front_left_ankle"":0.0,""front_right_ankle"":0.0,""rear_left_ankle"":0.0,""rear_right_ankle"":0.0}","[{""base_command"":""servo front_left_hip 11.1"",""dispatch_command"":true,""mapping_error"":"""",""plan_event_index"":43,""source_event_index"":4,""source_expanded_index"":0,""source_step_index"":6}]"
v012_20260806_231025_027004_manual,6,[5],36,16.174666666443535,16.2033333331102,"[""servo front_left_hip 15.4""]","{""front_left_hip"":15.4}","{""front_left_ankle"":0.0,""front_right_ankle"":0.0,""rear_left_ankle"":0.0,""rear_right_ankle"":0.0}",False,0.02866666666666667,0.0,0.0,0.028666666666666174,"{""front_left_ankle"":0.0,""front_right_ankle"":0.0,""rear_left_ankle"":0.0,""rear_right_ankle"":0.0}","[{""base_command"":""servo front_left_hip 15.4"",""dispatch_command"":true,""mapping_error"":"""",""plan_event_index"":44,""source_event_index"":5,""source_expanded_index"":0,""source_step_index"":6}]"
v012_20260806_231025_027004_manual,6,[6],37,16.2033333331102,16.252666666443535,"[""servo front_left_hip 22.8""]","{""front_left_hip"":22.8}","{""front_left_ankle"":0.0,""front_right_ankle"":0.0,""rear_left_ankle"":0.0,""rear_right_ankle"":0.0}",False,0.04933333333333333,0.0,0.0,0.04933333333333323,"{""front_left_ankle"":0.0,""front_right_ankle"":0.0,""rear_left_ankle"":0.0,""rear_right_ankle"":0.0}","[{""base_command"":""servo front_left_hip 22.8"",""dispatch_command"":true,""mapping_error"":"""",""plan_event_index"":45,""source_event_index"":6,""source_expanded_index"":0,""source_step_index"":6}]"
v012_20260806_231025_027004_manual,6,[7],38,16.252666666443535,16.308666666443536,"[""servo front_left_hip 31.2""]","{""front_left_hip"":31.2}","{""front_left_ankle"":0.0,""front_right_ankle"":0.0,""rear_left_ankle"":0.0,""rear_right_ankle"":0.0}",False,0.05599999999999999,0.0,0.0,0.05600000000000094,"{""front_left_ankle"":0.0,""front_right_ankle"":0.0,""rear_left_ankle"":0.0,""rear_right_ankle"":0.0}","[{""base_command"":""servo front_left_hip 31.2"",""dispatch_command"":true,""mapping_error"":"""",""plan_event_index"":46,""source_event_index"":7,""source_expanded_index"":0,""source_step_index"":6}]"
v012_20260806_231025_027004_manual,6,[8],39,16.308666666443536,16.393333333110203,"[""servo front_left_hip 43.9""]","{""front_left_hip"":43.9}","{""front_left_ankle"":0.0,""front_right_ankle"":0.0,""rear_left_ankle"":0.0,""rear_right_ankle"":0.0}",False,0.08466666666666667,0.0,0.0,0.08466666666666711,"{""front_left_ankle"":0.0,""front_right_ankle"":0.0,""rear_left_ankle"":0.0,""rear_right_ankle"":0.0}","[{""base_command"":""servo front_left_hip 43.9"",""dispatch_command"":true,""mapping_error"":"""",""plan_event_index"":47,""source_event_index"":8,""source_expanded_index"":0,""source_step_index"":6}]"
v012_20260806_231025_027004_manual,6,[9],40,16.393333333110203,16.435999999776868,"[""servo front_left_hip 50.3""]","{""front_left_hip"":50.3}","{""front_left_ankle"":0.0,""front_right_ankle"":0.0,""rear_left_ankle"":0.0,""rear_right_ankle"":0.0}",False,0.04266666666666666,0.0,0.0,0.04266666666666552,"{""front_left_ankle"":0.0,""front_right_ankle"":0.0,""rear_left_ankle"":0.0,""rear_right_ankle"":0.0}","[{""base_command"":""servo front_left_hip 50.3"",""dispatch_command"":true,""mapping_error"":"""",""plan_event_index"":48,""source_event_index"":9,""source_expanded_index"":0,""source_step_index"":6}]"
v012_20260806_231025_027004_manual,6,[10],41,16.435999999776868,16.457333333110203,"[""servo front_left_hip 53.5""]","{""front_left_hip"":53.5}","{""front_left_ankle"":0.0,""front_right_ankle"":0.0,""rear_left_ankle"":0.0,""rear_right_ankle"":0.0}",False,0.021333333333333353,0.0,0.0,0.021333333333334537,"{""front_left_ankle"":0.0,""front_right_ankle"":0.0,""rear_left_ankle"":0.0,""rear_right_ankle"":0.0}","[{""base_command"":""servo front_left_hip 53.5"",""dispatch_command"":true,""mapping_error"":"""",""plan_event_index"":49,""source_event_index"":10,""source_expanded_index"":0,""source_step_index"":6}]"
v012_20260806_231025_027004_manual,6,[11],42,16.457333333110203,16.4853333331102,"[""servo front_left_hip 57.7""]","{""front_left_hip"":57.7}","{""front_left_ankle"":0.0,""front_right_ankle"":0.0,""rear_left_ankle"":0.0,""rear_right_ankle"":0.0}",False,0.028000000000000018,0.0,0.0,0.027999999999998693,"{""front_left_ankle"":0.0,""front_right_ankle"":0.0,""rear_left_ankle"":0.0,""rear_right_ankle"":0.0}","[{""base_command"":""servo front_left_hip 57.7"",""dispatch_command"":true,""mapping_error"":"""",""plan_event_index"":50,""source_event_index"":11,""source_expanded_index"":0,""source_step_index"":6}]"
v012_20260806_231025_027004_manual,7,[0],43,16.4853333331102,23.08533333301416,"[""wheel all 0.300""]",{},"{""front_left_ankle"":0.3,""front_right_ankle"":0.3,""rear_left_ankle"":0.3,""rear_right_ankle"":0.3}",False,0.0,6.599999999903957,0.0,6.599999999903957,"{""front_left_ankle"":1.979999999971187,""front_right_ankle"":1.979999999971187,""rear_left_ankle"":1.979999999971187,""rear_right_ankle"":1.979999999971187}","[{""base_command"":""wheel all 0.300"",""dispatch_command"":true,""mapping_error"":"""",""plan_event_index"":51,""source_event_index"":0,""source_expanded_index"":0,""source_step_index"":7}]"
v012_20260806_231025_027004_manual,7,[1],44,23.08533333301416,23.08533333301416,"[""wheel stop""]",{},"{""front_left_ankle"":0.0,""front_right_ankle"":0.0,""rear_left_ankle"":0.0,""rear_right_ankle"":0.0}",False,0.0,0.0,0.0,0.0,"{""front_left_ankle"":0.0,""front_right_ankle"":0.0,""rear_left_ankle"":0.0,""rear_right_ankle"":0.0}","[{""base_command"":""wheel stop"",""dispatch_command"":true,""mapping_error"":"""",""plan_event_index"":52,""source_event_index"":1,""source_expanded_index"":0,""source_step_index"":7}]"
v012_20260806_231025_027004_manual,8,[0],45,23.08533333301416,23.106666666347493,"[""servo front_left_hip 54.5""]","{""front_left_hip"":54.5}","{""front_left_ankle"":0.0,""front_right_ankle"":0.0,""rear_left_ankle"":0.0,""rear_right_ankle"":0.0}",False,0.021333333333333353,0.0,0.0,0.021333333333334537,"{""front_left_ankle"":0.0,""front_right_ankle"":0.0,""rear_left_ankle"":0.0,""rear_right_ankle"":0.0}","[{""base_command"":""servo front_left_hip 54.5"",""dispatch_command"":true,""mapping_error"":"""",""plan_event_index"":53,""source_event_index"":0,""source_expanded_index"":0,""source_step_index"":8}]"
v012_20260806_231025_027004_manual,8,[1],46,23.106666666347493,23.169999999680826,"[""servo front_left_hip 45.0""]","{""front_left_hip"":45.0}","{""front_left_ankle"":0.0,""front_right_ankle"":0.0,""rear_left_ankle"":0.0,""rear_right_ankle"":0.0}",False,0.06333333333333334,0.0,0.0,0.06333333333333258,"{""front_left_ankle"":0.0,""front_right_ankle"":0.0,""rear_left_ankle"":0.0,""rear_right_ankle"":0.0}","[{""base_command"":""servo front_left_hip 45.0"",""dispatch_command"":true,""mapping_error"":"""",""plan_event_index"":54,""source_event_index"":1,""source_expanded_index"":0,""source_step_index"":8}]"
v012_20260806_231025_027004_manual,8,[2],47,23.169999999680826,23.20533333301416,"[""servo front_left_hip 39.7""]","{""front_left_hip"":39.7}","{""front_left_ankle"":0.0,""front_right_ankle"":0.0,""rear_left_ankle"":0.0,""rear_right_ankle"":0.0}",False,0.035333333333333314,0.0,0.0,0.03533333333333388,"{""front_left_ankle"":0.0,""front_right_ankle"":0.0,""rear_left_ankle"":0.0,""rear_right_ankle"":0.0}","[{""base_command"":""servo front_left_hip 39.7"",""dispatch_command"":true,""mapping_error"":"""",""plan_event_index"":55,""source_event_index"":2,""source_expanded_index"":0,""source_step_index"":8}]"
v012_20260806_231025_027004_manual,8,[3],48,23.20533333301416,23.247999999680825,"[""servo front_left_knee -17.6""]","{""front_left_knee"":-17.6}","{""front_left_ankle"":0.0,""front_right_ankle"":0.0,""rear_left_ankle"":0.0,""rear_right_ankle"":0.0}",False,0.04266666666666666,0.0,0.0,0.04266666666666552,"{""front_left_ankle"":0.0,""front_right_ankle"":0.0,""rear_left_ankle"":0.0,""rear_right_ankle"":0.0}","[{""base_command"":""servo front_left_knee -17.6"",""dispatch_command"":true,""mapping_error"":"""",""plan_event_index"":56,""source_event_index"":3,""source_expanded_index"":0,""source_step_index"":8}]"
v012_20260806_231025_027004_manual,8,[4],49,23.247999999680825,23.28266666634749,"[""servo front_left_knee -12.4""]","{""front_left_knee"":-12.4}","{""front_left_ankle"":0.0,""front_right_ankle"":0.0,""rear_left_ankle"":0.0,""rear_right_ankle"":0.0}",False,0.03466666666666667,0.0,0.0,0.0346666666666664,"{""front_left_ankle"":0.0,""front_right_ankle"":0.0,""rear_left_ankle"":0.0,""rear_right_ankle"":0.0}","[{""base_command"":""servo front_left_knee -12.4"",""dispatch_command"":true,""mapping_error"":"""",""plan_event_index"":57,""source_event_index"":4,""source_expanded_index"":0,""source_step_index"":8}]"
v012_20260806_231025_027004_manual,8,[5],50,23.28266666634749,23.303999999680826,"[""servo front_left_knee -9.2""]","{""front_left_knee"":-9.2}","{""front_left_ankle"":0.0,""front_right_ankle"":0.0,""rear_left_ankle"":0.0,""rear_right_ankle"":0.0}",False,0.02133333333333334,0.0,0.0,0.021333333333334537,"{""front_left_ankle"":0.0,""front_right_ankle"":0.0,""rear_left_ankle"":0.0,""rear_right_ankle"":0.0}","[{""base_command"":""servo front_left_knee -9.2"",""dispatch_command"":true,""mapping_error"":"""",""plan_event_index"":58,""source_event_index"":5,""source_expanded_index"":0,""source_step_index"":8}]"
v012_20260806_231025_027004_manual,8,[6],51,23.303999999680826,23.32533333301416,"[""servo front_left_hip 36.5""]","{""front_left_hip"":36.5}","{""front_left_ankle"":0.0,""front_right_ankle"":0.0,""rear_left_ankle"":0.0,""rear_right_ankle"":0.0}",False,0.021333333333333353,0.0,0.0,0.021333333333334537,"{""front_left_ankle"":0.0,""front_right_ankle"":0.0,""rear_left_ankle"":0.0,""rear_right_ankle"":0.0}","[{""base_command"":""servo front_left_hip 36.5"",""dispatch_command"":true,""mapping_error"":"""",""plan_event_index"":59,""source_event_index"":6,""source_expanded_index"":0,""source_step_index"":8}]"
v012_20260806_231025_027004_manual,8,[7],52,23.32533333301416,23.38133333301416,"[""servo front_left_hip 28.1""]","{""front_left_hip"":28.1}","{""front_left_ankle"":0.0,""front_right_ankle"":0.0,""rear_left_ankle"":0.0,""rear_right_ankle"":0.0}",False,0.05599999999999999,0.0,0.0,0.05600000000000094,"{""front_left_ankle"":0.0,""front_right_ankle"":0.0,""rear_left_ankle"":0.0,""rear_right_ankle"":0.0}","[{""base_command"":""servo front_left_hip 28.1"",""dispatch_command"":true,""mapping_error"":"""",""plan_event_index"":60,""source_event_index"":7,""source_expanded_index"":0,""source_step_index"":8}]"
v012_20260806_231025_027004_manual,9,[0],53,23.38133333301416,52.51466666592355,"[""wheel all 0.300""]",{},"{""front_left_ankle"":0.3,""front_right_ankle"":0.3,""rear_left_ankle"":0.3,""rear_right_ankle"":0.3}",False,0.0,29.133333332909388,0.0,29.133333332909388,"{""front_left_ankle"":8.739999999872817,""front_right_ankle"":8.739999999872817,""rear_left_ankle"":8.739999999872817,""rear_right_ankle"":8.739999999872817}","[{""base_command"":""wheel all 0.300"",""dispatch_command"":true,""mapping_error"":"""",""plan_event_index"":61,""source_event_index"":0,""source_expanded_index"":0,""source_step_index"":9}]"
v012_20260806_231025_027004_manual,9,[1],54,52.51466666592355,52.51466666592355,"[""wheel stop""]",{},"{""front_left_ankle"":0.0,""front_right_ankle"":0.0,""rear_left_ankle"":0.0,""rear_right_ankle"":0.0}",False,0.0,0.0,0.0,0.0,"{""front_left_ankle"":0.0,""front_right_ankle"":0.0,""rear_left_ankle"":0.0,""rear_right_ankle"":0.0}","[{""base_command"":""wheel stop"",""dispatch_command"":true,""mapping_error"":"""",""plan_event_index"":62,""source_event_index"":1,""source_expanded_index"":0,""source_step_index"":9}]"
v012_20260806_231025_027004_manual,10,[0],55,52.51466666592355,54.114666665900266,"[""servo front_left_hip 28.1"",""servo front_left_knee -9.2"",""servo front_right_hip 5.8"",""servo front_right_knee 6.7"",""servo rear_left_hip -12.2"",""servo rear_left_knee 21.5"",""servo rear_right_hip 0"",""servo rear_right_knee 0"",""wheel fr -0.9""]","{""front_left_hip"":28.1,""front_left_knee"":-9.2,""front_right_hip"":5.8,""front_right_knee"":6.7,""rear_left_hip"":-12.2,""rear_left_knee"":21.5,""rear_right_hip"":0.0,""rear_right_knee"":0.0}","{""front_left_ankle"":0.0,""front_right_ankle"":-0.9,""rear_left_ankle"":0.0,""rear_right_ankle"":0.0}",True,0.12733333333333335,1.599999999976717,0.0,1.599999999976717,"{""front_left_ankle"":0.0,""front_right_ankle"":-1.4399999999790454,""rear_left_ankle"":0.0,""rear_right_ankle"":0.0}","[{""base_command"":""servo front_left_hip 28.1"",""dispatch_command"":true,""mapping_error"":"""",""plan_event_index"":63,""source_event_index"":0,""source_expanded_index"":0,""source_step_index"":10},{""base_command"":""servo front_left_knee -9.2"",""dispatch_command"":true,""mapping_error"":"""",""plan_event_index"":64,""source_event_index"":0,""source_expanded_index"":1,""source_step_index"":10},{""base_command"":""servo front_right_hip 5.8"",""dispatch_command"":true,""mapping_error"":"""",""plan_event_index"":65,""source_event_index"":0,""source_expanded_index"":2,""source_step_index"":10},{""base_command"":""servo front_right_knee 6.7"",""dispatch_command"":true,""mapping_error"":"""",""plan_event_index"":66,""source_event_index"":0,""source_expanded_index"":3,""source_step_index"":10},{""base_command"":""servo rear_left_hip -12.2"",""dispatch_command"":true,""mapping_error"":"""",""plan_event_index"":67,""source_event_index"":0,""source_expanded_index"":4,""source_step_index"":10},{""base_command"":""servo rear_left_knee 21.5"",""dispatch_command"":true,""mapping_error"":"""",""plan_event_index"":68,""source_event_index"":0,""source_expanded_index"":5,""source_step_index"":10},{""base_command"":""servo rear_right_hip 0"",""dispatch_command"":true,""mapping_error"":"""",""plan_event_index"":69,""source_event_index"":0,""source_expanded_index"":6,""source_step_index"":10},{""base_command"":""servo rear_right_knee 0"",""dispatch_command"":true,""mapping_error"":"""",""plan_event_index"":70,""source_event_index"":0,""source_expanded_index"":7,""source_step_index"":10},{""base_command"":""wheel fr -0.9"",""dispatch_command"":true,""mapping_error"":"""",""plan_event_index"":71,""source_event_index"":0,""source_expanded_index"":9,""source_step_index"":10}]"
v012_20260806_231025_027004_manual,10,[1],56,54.114666665900266,54.114666665900266,"[""wheel stop""]",{},"{""front_left_ankle"":0.0,""front_right_ankle"":0.0,""rear_left_ankle"":0.0,""rear_right_ankle"":0.0}",False,0.0,0.0,0.0,0.0,"{""front_left_ankle"":0.0,""front_right_ankle"":0.0,""rear_left_ankle"":0.0,""rear_right_ankle"":0.0}","[{""base_command"":""wheel stop"",""dispatch_command"":true,""mapping_error"":"""",""plan_event_index"":72,""source_event_index"":1,""source_expanded_index"":0,""source_step_index"":10}]"
v012_20260806_231025_027004_manual,11,[0],57,54.114666665900266,54.1239999992336,"[""servo rear_right_knee 1.4""]","{""rear_right_knee"":1.4}","{""front_left_ankle"":0.0,""front_right_ankle"":0.0,""rear_left_ankle"":0.0,""rear_right_ankle"":0.0}",False,0.009333333333333332,0.0,0.0,0.009333333333330529,"{""front_left_ankle"":0.0,""front_right_ankle"":0.0,""rear_left_ankle"":0.0,""rear_right_ankle"":0.0}","[{""base_command"":""servo rear_right_knee 1.4"",""dispatch_command"":true,""mapping_error"":"""",""plan_event_index"":73,""source_event_index"":0,""source_expanded_index"":0,""source_step_index"":11}]"
v012_20260806_231025_027004_manual,11,[1],58,54.1239999992336,54.22266666590026,"[""servo rear_right_knee 16.2""]","{""rear_right_knee"":16.2}","{""front_left_ankle"":0.0,""front_right_ankle"":0.0,""rear_left_ankle"":0.0,""rear_right_ankle"":0.0}",False,0.09866666666666667,0.0,0.0,0.09866666666666646,"{""front_left_ankle"":0.0,""front_right_ankle"":0.0,""rear_left_ankle"":0.0,""rear_right_ankle"":0.0}","[{""base_command"":""servo rear_right_knee 16.2"",""dispatch_command"":true,""mapping_error"":"""",""plan_event_index"":74,""source_event_index"":1,""source_expanded_index"":0,""source_step_index"":11}]"
v012_20260806_231025_027004_manual,11,[2],59,54.22266666590026,54.243999999233594,"[""servo rear_right_knee 19.4""]","{""rear_right_knee"":19.4}","{""front_left_ankle"":0.0,""front_right_ankle"":0.0,""rear_left_ankle"":0.0,""rear_right_ankle"":0.0}",False,0.02133333333333333,0.0,0.0,0.021333333333330984,"{""front_left_ankle"":0.0,""front_right_ankle"":0.0,""rear_left_ankle"":0.0,""rear_right_ankle"":0.0}","[{""base_command"":""servo rear_right_knee 19.4"",""dispatch_command"":true,""mapping_error"":"""",""plan_event_index"":75,""source_event_index"":2,""source_expanded_index"":0,""source_step_index"":11}]"
v012_20260806_231025_027004_manual,11,[3],60,54.243999999233594,54.27933333256693,"[""servo rear_right_knee 24.7""]","{""rear_right_knee"":24.7}","{""front_left_ankle"":0.0,""front_right_ankle"":0.0,""rear_left_ankle"":0.0,""rear_right_ankle"":0.0}",False,0.035333333333333335,0.0,0.0,0.03533333333333388,"{""front_left_ankle"":0.0,""front_right_ankle"":0.0,""rear_left_ankle"":0.0,""rear_right_ankle"":0.0}","[{""base_command"":""servo rear_right_knee 24.7"",""dispatch_command"":true,""mapping_error"":"""",""plan_event_index"":76,""source_event_index"":3,""source_expanded_index"":0,""source_step_index"":11}]"
v012_20260806_231025_027004_manual,11,[4],61,54.27933333256693,54.33933333256693,"[""servo rear_right_hip -9.0""]","{""rear_right_hip"":-9.0}","{""front_left_ankle"":0.0,""front_right_ankle"":0.0,""rear_left_ankle"":0.0,""rear_right_ankle"":0.0}",False,0.06,0.0,0.0,0.060000000000002274,"{""front_left_ankle"":0.0,""front_right_ankle"":0.0,""rear_left_ankle"":0.0,""rear_right_ankle"":0.0}","[{""base_command"":""servo rear_right_hip -9.0"",""dispatch_command"":true,""mapping_error"":"""",""plan_event_index"":77,""source_event_index"":4,""source_expanded_index"":0,""source_step_index"":11}]"
v012_20260806_231025_027004_manual,11,[5],62,54.33933333256693,54.3819999992336,"[""servo rear_right_hip -15.4""]","{""rear_right_hip"":-15.4}","{""front_left_ankle"":0.0,""front_right_ankle"":0.0,""rear_left_ankle"":0.0,""rear_right_ankle"":0.0}",False,0.04266666666666667,0.0,0.0,0.04266666666666907,"{""front_left_ankle"":0.0,""front_right_ankle"":0.0,""rear_left_ankle"":0.0,""rear_right_ankle"":0.0}","[{""base_command"":""servo rear_right_hip -15.4"",""dispatch_command"":true,""mapping_error"":"""",""plan_event_index"":78,""source_event_index"":5,""source_expanded_index"":0,""source_step_index"":11}]"
v012_20260806_231025_027004_manual,11,[6],63,54.3819999992336,54.4239999992336,"[""servo rear_right_hip -21.7""]","{""rear_right_hip"":-21.7}","{""front_left_ankle"":0.0,""front_right_ankle"":0.0,""rear_left_ankle"":0.0,""rear_right_ankle"":0.0}",False,0.041999999999999996,0.0,0.0,0.04200000000000159,"{""front_left_ankle"":0.0,""front_right_ankle"":0.0,""rear_left_ankle"":0.0,""rear_right_ankle"":0.0}","[{""base_command"":""servo rear_right_hip -21.7"",""dispatch_command"":true,""mapping_error"":"""",""plan_event_index"":79,""source_event_index"":6,""source_expanded_index"":0,""source_step_index"":11}]"
v012_20260806_231025_027004_manual,11,[7],64,54.4239999992336,54.437999999233604,"[""servo rear_right_hip -23.8""]","{""rear_right_hip"":-23.8}","{""front_left_ankle"":0.0,""front_right_ankle"":0.0,""rear_left_ankle"":0.0,""rear_right_ankle"":0.0}",False,0.014000000000000009,0.0,0.0,0.014000000000002899,"{""front_left_ankle"":0.0,""front_right_ankle"":0.0,""rear_left_ankle"":0.0,""rear_right_ankle"":0.0}","[{""base_command"":""servo rear_right_hip -23.8"",""dispatch_command"":true,""mapping_error"":"""",""plan_event_index"":80,""source_event_index"":7,""source_expanded_index"":0,""source_step_index"":11}]"
v012_20260806_231025_027004_manual,12,[0],65,54.437999999233604,54.4659999992336,"[""servo rear_right_knee 20.5""]","{""rear_right_knee"":20.5}","{""front_left_ankle"":0.0,""front_right_ankle"":0.0,""rear_left_ankle"":0.0,""rear_right_ankle"":0.0}",False,0.027999999999999994,0.0,0.0,0.027999999999998693,"{""front_left_ankle"":0.0,""front_right_ankle"":0.0,""rear_left_ankle"":0.0,""rear_right_ankle"":0.0}","[{""base_command"":""servo rear_right_knee 20.5"",""dispatch_command"":true,""mapping_error"":"""",""plan_event_index"":81,""source_event_index"":0,""source_expanded_index"":0,""source_step_index"":12}]"
v012_20260806_231025_027004_manual,12,[1],66,54.4659999992336,54.5299999992336,"[""servo rear_right_knee 10.9""]","{""rear_right_knee"":10.9}","{""front_left_ankle"":0.0,""front_right_ankle"":0.0,""rear_left_ankle"":0.0,""rear_right_ankle"":0.0}",False,0.064,0.0,0.0,0.06400000000000006,"{""front_left_ankle"":0.0,""front_right_ankle"":0.0,""rear_left_ankle"":0.0,""rear_right_ankle"":0.0}","[{""base_command"":""servo rear_right_knee 10.9"",""dispatch_command"":true,""mapping_error"":"""",""plan_event_index"":82,""source_event_index"":1,""source_expanded_index"":0,""source_step_index"":12}]"
v012_20260806_231025_027004_manual,12,[2],67,54.5299999992336,54.5579999992336,"[""servo rear_right_knee 6.7""]","{""rear_right_knee"":6.7}","{""front_left_ankle"":0.0,""front_right_ankle"":0.0,""rear_left_ankle"":0.0,""rear_right_ankle"":0.0}",False,0.028,0.0,0.0,0.027999999999998693,"{""front_left_ankle"":0.0,""front_right_ankle"":0.0,""rear_left_ankle"":0.0,""rear_right_ankle"":0.0}","[{""base_command"":""servo rear_right_knee 6.7"",""dispatch_command"":true,""mapping_error"":"""",""plan_event_index"":83,""source_event_index"":2,""source_expanded_index"":0,""source_step_index"":12}]"
v012_20260806_231025_027004_manual,12,[3],68,54.5579999992336,54.571999999233604,"[""servo rear_right_knee 4.6""]","{""rear_right_knee"":4.6}","{""front_left_ankle"":0.0,""front_right_ankle"":0.0,""rear_left_ankle"":0.0,""rear_right_ankle"":0.0}",False,0.014000000000000004,0.0,0.0,0.014000000000002899,"{""front_left_ankle"":0.0,""front_right_ankle"":0.0,""rear_left_ankle"":0.0,""rear_right_ankle"":0.0}","[{""base_command"":""servo rear_right_knee 4.6"",""dispatch_command"":true,""mapping_error"":"""",""plan_event_index"":84,""source_event_index"":3,""source_expanded_index"":0,""source_step_index"":12}]"
v012_20260806_231025_027004_manual,12,[4],69,54.571999999233604,54.58599999923361,"[""servo rear_right_knee 2.5""]","{""rear_right_knee"":2.5}","{""front_left_ankle"":0.0,""front_right_ankle"":0.0,""rear_left_ankle"":0.0,""rear_right_ankle"":0.0}",False,0.013999999999999997,0.0,0.0,0.014000000000002899,"{""front_left_ankle"":0.0,""front_right_ankle"":0.0,""rear_left_ankle"":0.0,""rear_right_ankle"":0.0}","[{""base_command"":""servo rear_right_knee 2.5"",""dispatch_command"":true,""mapping_error"":"""",""plan_event_index"":85,""source_event_index"":4,""source_expanded_index"":0,""source_step_index"":12}]"
v012_20260806_231025_027004_manual,12,[5],70,54.58599999923361,54.59333333256694,"[""servo rear_right_knee 1.4""]","{""rear_right_knee"":1.4}","{""front_left_ankle"":0.0,""front_right_ankle"":0.0,""rear_left_ankle"":0.0,""rear_right_ankle"":0.0}",False,0.007333333333333334,0.0,0.0,0.00733333333333519,"{""front_left_ankle"":0.0,""front_right_ankle"":0.0,""rear_left_ankle"":0.0,""rear_right_ankle"":0.0}","[{""base_command"":""servo rear_right_knee 1.4"",""dispatch_command"":true,""mapping_error"":"""",""plan_event_index"":86,""source_event_index"":5,""source_expanded_index"":0,""source_step_index"":12}]"
v012_20260806_231025_027004_manual,12,[6],71,54.59333333256694,54.67066666590028,"[""servo rear_right_knee -10.2""]","{""rear_right_knee"":-10.2}","{""front_left_ankle"":0.0,""front_right_ankle"":0.0,""rear_left_ankle"":0.0,""rear_right_ankle"":0.0}",False,0.07733333333333334,0.0,0.0,0.07733333333333547,"{""front_left_ankle"":0.0,""front_right_ankle"":0.0,""rear_left_ankle"":0.0,""rear_right_ankle"":0.0}","[{""base_command"":""servo rear_right_knee -10.2"",""dispatch_command"":true,""mapping_error"":"""",""plan_event_index"":87,""source_event_index"":6,""source_expanded_index"":0,""source_step_index"":12}]"
v012_20260806_231025_027004_manual,12,[7],72,54.67066666590028,54.699333332566944,"[""servo rear_right_knee -14.5""]","{""rear_right_knee"":-14.5}","{""front_left_ankle"":0.0,""front_right_ankle"":0.0,""rear_left_ankle"":0.0,""rear_right_ankle"":0.0}",False,0.02866666666666667,0.0,0.0,0.028666666666666174,"{""front_left_ankle"":0.0,""front_right_ankle"":0.0,""rear_left_ankle"":0.0,""rear_right_ankle"":0.0}","[{""base_command"":""servo rear_right_knee -14.5"",""dispatch_command"":true,""mapping_error"":"""",""plan_event_index"":88,""source_event_index"":7,""source_expanded_index"":0,""source_step_index"":12}]"
v012_20260806_231025_027004_manual,12,[8],73,54.699333332566944,54.71333333256695,"[""servo rear_right_knee -16.6""]","{""rear_right_knee"":-16.6}","{""front_left_ankle"":0.0,""front_right_ankle"":0.0,""rear_left_ankle"":0.0,""rear_right_ankle"":0.0}",False,0.014000000000000009,0.0,0.0,0.014000000000002899,"{""front_left_ankle"":0.0,""front_right_ankle"":0.0,""rear_left_ankle"":0.0,""rear_right_ankle"":0.0}","[{""base_command"":""servo rear_right_knee -16.6"",""dispatch_command"":true,""mapping_error"":"""",""plan_event_index"":89,""source_event_index"":8,""source_expanded_index"":0,""source_step_index"":12}]"
v012_20260806_231025_027004_manual,12,[9],74,54.71333333256695,54.73466666590028,"[""servo rear_right_knee -19.8""]","{""rear_right_knee"":-19.8}","{""front_left_ankle"":0.0,""front_right_ankle"":0.0,""rear_left_ankle"":0.0,""rear_right_ankle"":0.0}",False,0.02133333333333333,0.0,0.0,0.021333333333330984,"{""front_left_ankle"":0.0,""front_right_ankle"":0.0,""rear_left_ankle"":0.0,""rear_right_ankle"":0.0}","[{""base_command"":""servo rear_right_knee -19.8"",""dispatch_command"":true,""mapping_error"":"""",""plan_event_index"":90,""source_event_index"":9,""source_expanded_index"":0,""source_step_index"":12}]"
v012_20260806_231025_027004_manual,13,[0],75,54.73466666590028,54.75599999923361,"[""servo rear_right_hip -27.0""]","{""rear_right_hip"":-27.0}","{""front_left_ankle"":0.0,""front_right_ankle"":0.0,""rear_left_ankle"":0.0,""rear_right_ankle"":0.0}",False,0.02133333333333333,0.0,0.0,0.021333333333330984,"{""front_left_ankle"":0.0,""front_right_ankle"":0.0,""rear_left_ankle"":0.0,""rear_right_ankle"":0.0}","[{""base_command"":""servo rear_right_hip -27.0"",""dispatch_command"":true,""mapping_error"":"""",""plan_event_index"":91,""source_event_index"":0,""source_expanded_index"":0,""source_step_index"":13}]"
v012_20260806_231025_027004_manual,13,[1],76,54.75599999923361,54.805333332566946,"[""servo rear_right_hip -34.4""]","{""rear_right_hip"":-34.4}","{""front_left_ankle"":0.0,""front_right_ankle"":0.0,""rear_left_ankle"":0.0,""rear_right_ankle"":0.0}",False,0.049333333333333326,0.0,0.0,0.04933333333333678,"{""front_left_ankle"":0.0,""front_right_ankle"":0.0,""rear_left_ankle"":0.0,""rear_right_ankle"":0.0}","[{""base_command"":""servo rear_right_hip -34.4"",""dispatch_command"":true,""mapping_error"":"""",""plan_event_index"":92,""source_event_index"":1,""source_expanded_index"":0,""source_step_index"":13}]"
v012_20260806_231025_027004_manual,13,[2],77,54.805333332566946,54.833333332566944,"[""servo rear_right_hip -38.6""]","{""rear_right_hip"":-38.6}","{""front_left_ankle"":0.0,""front_right_ankle"":0.0,""rear_left_ankle"":0.0,""rear_right_ankle"":0.0}",False,0.028000000000000018,0.0,0.0,0.027999999999998693,"{""front_left_ankle"":0.0,""front_right_ankle"":0.0,""rear_left_ankle"":0.0,""rear_right_ankle"":0.0}","[{""base_command"":""servo rear_right_hip -38.6"",""dispatch_command"":true,""mapping_error"":"""",""plan_event_index"":93,""source_event_index"":2,""source_expanded_index"":0,""source_step_index"":13}]"
v012_20260806_231025_027004_manual,13,[3],78,54.833333332566944,54.854666665900275,"[""servo rear_right_hip -41.8""]","{""rear_right_hip"":-41.8}","{""front_left_ankle"":0.0,""front_right_ankle"":0.0,""rear_left_ankle"":0.0,""rear_right_ankle"":0.0}",False,0.021333333333333305,0.0,0.0,0.021333333333330984,"{""front_left_ankle"":0.0,""front_right_ankle"":0.0,""rear_left_ankle"":0.0,""rear_right_ankle"":0.0}","[{""base_command"":""servo rear_right_hip -41.8"",""dispatch_command"":true,""mapping_error"":"""",""plan_event_index"":94,""source_event_index"":3,""source_expanded_index"":0,""source_step_index"":13}]"
v012_20260806_231025_027004_manual,13,[4],79,54.854666665900275,54.86133333256694,"[""servo rear_right_hip -40.8""]","{""rear_right_hip"":-40.8}","{""front_left_ankle"":0.0,""front_right_ankle"":0.0,""rear_left_ankle"":0.0,""rear_right_ankle"":0.0}",False,0.006666666666666667,0.0,0.0,0.006666666666667709,"{""front_left_ankle"":0.0,""front_right_ankle"":0.0,""rear_left_ankle"":0.0,""rear_right_ankle"":0.0}","[{""base_command"":""servo rear_right_hip -40.8"",""dispatch_command"":true,""mapping_error"":"""",""plan_event_index"":95,""source_event_index"":4,""source_expanded_index"":0,""source_step_index"":13}]"
v012_20260806_231025_027004_manual,14,[0],80,54.86133333256694,54.86866666590028,"[""servo front_right_hip 6.9""]","{""front_right_hip"":6.9}","{""front_left_ankle"":0.0,""front_right_ankle"":0.0,""rear_left_ankle"":0.0,""rear_right_ankle"":0.0}",False,0.007333333333333337,0.0,0.0,0.00733333333333519,"{""front_left_ankle"":0.0,""front_right_ankle"":0.0,""rear_left_ankle"":0.0,""rear_right_ankle"":0.0}","[{""base_command"":""servo front_right_hip 6.9"",""dispatch_command"":true,""mapping_error"":"""",""plan_event_index"":96,""source_event_index"":0,""source_expanded_index"":0,""source_step_index"":14}]"
v012_20260806_231025_027004_manual,14,[1],81,54.86866666590028,54.99533333256694,"[""servo front_right_hip 25.9""]","{""front_right_hip"":25.9}","{""front_left_ankle"":0.0,""front_right_ankle"":0.0,""rear_left_ankle"":0.0,""rear_right_ankle"":0.0}",False,0.12666666666666668,0.0,0.0,0.12666666666666515,"{""front_left_ankle"":0.0,""front_right_ankle"":0.0,""rear_left_ankle"":0.0,""rear_right_ankle"":0.0}","[{""base_command"":""servo front_right_hip 25.9"",""dispatch_command"":true,""mapping_error"":"""",""plan_event_index"":97,""source_event_index"":1,""source_expanded_index"":0,""source_step_index"":14}]"
v012_20260806_231025_027004_manual,14,[2],82,54.99533333256694,55.04533333256694,"[""servo front_right_hip 33.4""]","{""front_right_hip"":33.4}","{""front_left_ankle"":0.0,""front_right_ankle"":0.0,""rear_left_ankle"":0.0,""rear_right_ankle"":0.0}",False,0.05,0.0,0.0,0.04999999999999716,"{""front_left_ankle"":0.0,""front_right_ankle"":0.0,""rear_left_ankle"":0.0,""rear_right_ankle"":0.0}","[{""base_command"":""servo front_right_hip 33.4"",""dispatch_command"":true,""mapping_error"":"""",""plan_event_index"":98,""source_event_index"":2,""source_expanded_index"":0,""source_step_index"":14}]"
v012_20260806_231025_027004_manual,15,[0],83,55.04533333256694,56.44533333254657,"[""servo front_left_hip -25.9"",""servo front_left_knee -34.6"",""servo front_right_hip 33.4"",""servo front_right_knee 6.7"",""servo rear_left_hip -12.2"",""servo rear_left_knee 21.5"",""servo rear_right_hip -40.8"",""servo rear_right_knee -19.8"",""wheel fl -0.97""]","{""front_left_hip"":-25.9,""front_left_knee"":-34.6,""front_right_hip"":33.4,""front_right_knee"":6.7,""rear_left_hip"":-12.2,""rear_left_knee"":21.5,""rear_right_hip"":-40.8,""rear_right_knee"":-19.8}","{""front_left_ankle"":-0.97,""front_right_ankle"":0.0,""rear_left_ankle"":0.0,""rear_right_ankle"":0.0}",True,0.36,1.3999999999796273,0.0,1.3999999999796273,"{""front_left_ankle"":-1.3579999999802386,""front_right_ankle"":0.0,""rear_left_ankle"":0.0,""rear_right_ankle"":0.0}","[{""base_command"":""servo front_left_hip -25.9"",""dispatch_command"":true,""mapping_error"":"""",""plan_event_index"":99,""source_event_index"":0,""source_expanded_index"":0,""source_step_index"":15},{""base_command"":""servo front_left_knee -34.6"",""dispatch_command"":true,""mapping_error"":"""",""plan_event_index"":100,""source_event_index"":0,""source_expanded_index"":1,""source_step_index"":15},{""base_command"":""servo front_right_hip 33.4"",""dispatch_command"":true,""mapping_error"":"""",""plan_event_index"":101,""source_event_index"":0,""source_expanded_index"":2,""source_step_index"":15},{""base_command"":""servo front_right_knee 6.7"",""dispatch_command"":true,""mapping_error"":"""",""plan_event_index"":102,""source_event_index"":0,""source_expanded_index"":3,""source_step_index"":15},{""base_command"":""servo rear_left_hip -12.2"",""dispatch_command"":true,""mapping_error"":"""",""plan_event_index"":103,""source_event_index"":0,""source_expanded_index"":4,""source_step_index"":15},{""base_command"":""servo rear_left_knee 21.5"",""dispatch_command"":true,""mapping_error"":"""",""plan_event_index"":104,""source_event_index"":0,""source_expanded_index"":5,""source_step_index"":15},{""base_command"":""servo rear_right_hip -40.8"",""dispatch_command"":true,""mapping_error"":"""",""plan_event_index"":105,""source_event_index"":0,""source_expanded_index"":6,""source_step_index"":15},{""base_command"":""servo rear_right_knee -19.8"",""dispatch_command"":true,""mapping_error"":"""",""plan_event_index"":106,""source_event_index"":0,""source_expanded_index"":7,""source_step_index"":15},{""base_command"":""wheel fl -0.97"",""dispatch_command"":true,""mapping_error"":"""",""plan_event_index"":107,""source_event_index"":0,""source_expanded_index"":8,""source_step_index"":15}]"
v012_20260806_231025_027004_manual,15,[1],84,56.44533333254657,56.44533333254657,"[""wheel stop""]",{},"{""front_left_ankle"":0.0,""front_right_ankle"":0.0,""rear_left_ankle"":0.0,""rear_right_ankle"":0.0}",False,0.0,0.0,0.0,0.0,"{""front_left_ankle"":0.0,""front_right_ankle"":0.0,""rear_left_ankle"":0.0,""rear_right_ankle"":0.0}","[{""base_command"":""wheel stop"",""dispatch_command"":true,""mapping_error"":"""",""plan_event_index"":108,""source_event_index"":1,""source_expanded_index"":0,""source_step_index"":15}]"
v012_20260806_231025_027004_manual,16,[0],85,56.44533333254657,56.45933333254657,"[""servo rear_left_knee 19.4""]","{""rear_left_knee"":19.4}","{""front_left_ankle"":0.0,""front_right_ankle"":0.0,""rear_left_ankle"":0.0,""rear_right_ankle"":0.0}",False,0.014000000000000009,0.0,0.0,0.014000000000002899,"{""front_left_ankle"":0.0,""front_right_ankle"":0.0,""rear_left_ankle"":0.0,""rear_right_ankle"":0.0}","[{""base_command"":""servo rear_left_knee 19.4"",""dispatch_command"":true,""mapping_error"":"""",""plan_event_index"":109,""source_event_index"":0,""source_expanded_index"":0,""source_step_index"":16}]"
v012_20260806_231025_027004_manual,16,[1],86,56.45933333254657,56.48733333254657,"[""servo rear_left_knee 15.2""]","{""rear_left_knee"":15.2}","{""front_left_ankle"":0.0,""front_right_ankle"":0.0,""rear_left_ankle"":0.0,""rear_right_ankle"":0.0}",False,0.027999999999999994,0.0,0.0,0.027999999999998693,"{""front_left_ankle"":0.0,""front_right_ankle"":0.0,""rear_left_ankle"":0.0,""rear_right_ankle"":0.0}","[{""base_command"":""servo rear_left_knee 15.2"",""dispatch_command"":true,""mapping_error"":"""",""plan_event_index"":110,""source_event_index"":1,""source_expanded_index"":0,""source_step_index"":16}]"
v012_20260806_231025_027004_manual,16,[2],87,56.48733333254657,56.50133333254657,"[""servo rear_left_knee 13.1""]","{""rear_left_knee"":13.1}","{""front_left_ankle"":0.0,""front_right_ankle"":0.0,""rear_left_ankle"":0.0,""rear_right_ankle"":0.0}",False,0.013999999999999997,0.0,0.0,0.014000000000002899,"{""front_left_ankle"":0.0,""front_right_ankle"":0.0,""rear_left_ankle"":0.0,""rear_right_ankle"":0.0}","[{""base_command"":""servo rear_left_knee 13.1"",""dispatch_command"":true,""mapping_error"":"""",""plan_event_index"":111,""source_event_index"":2,""source_expanded_index"":0,""source_step_index"":16}]"
v012_20260806_231025_027004_manual,16,[3],88,56.50133333254657,56.61466666587991,"[""servo rear_left_knee -3.9""]","{""rear_left_knee"":-3.9}","{""front_left_ankle"":0.0,""front_right_ankle"":0.0,""rear_left_ankle"":0.0,""rear_right_ankle"":0.0}",False,0.11333333333333333,0.0,0.0,0.11333333333333684,"{""front_left_ankle"":0.0,""front_right_ankle"":0.0,""rear_left_ankle"":0.0,""rear_right_ankle"":0.0}","[{""base_command"":""servo rear_left_knee -3.9"",""dispatch_command"":true,""mapping_error"":"""",""plan_event_index"":112,""source_event_index"":3,""source_expanded_index"":0,""source_step_index"":16}]"
v012_20260806_231025_027004_manual,16,[4],89,56.61466666587991,56.63599999921324,"[""servo rear_left_knee -7.1""]","{""rear_left_knee"":-7.1}","{""front_left_ankle"":0.0,""front_right_ankle"":0.0,""rear_left_ankle"":0.0,""rear_right_ankle"":0.0}",False,0.021333333333333333,0.0,0.0,0.021333333333330984,"{""front_left_ankle"":0.0,""front_right_ankle"":0.0,""rear_left_ankle"":0.0,""rear_right_ankle"":0.0}","[{""base_command"":""servo rear_left_knee -7.1"",""dispatch_command"":true,""mapping_error"":"""",""plan_event_index"":113,""source_event_index"":4,""source_expanded_index"":0,""source_step_index"":16}]"
v012_20260806_231025_027004_manual,16,[5],90,56.63599999921324,56.64999999921324,"[""servo rear_left_knee -9.2""]","{""rear_left_knee"":-9.2}","{""front_left_ankle"":0.0,""front_right_ankle"":0.0,""rear_left_ankle"":0.0,""rear_right_ankle"":0.0}",False,0.013999999999999997,0.0,0.0,0.014000000000002899,"{""front_left_ankle"":0.0,""front_right_ankle"":0.0,""rear_left_ankle"":0.0,""rear_right_ankle"":0.0}","[{""base_command"":""servo rear_left_knee -9.2"",""dispatch_command"":true,""mapping_error"":"""",""plan_event_index"":114,""source_event_index"":5,""source_expanded_index"":0,""source_step_index"":16}]"
v012_20260806_231025_027004_manual,16,[6],91,56.64999999921324,56.68533333254658,"[""servo rear_left_knee -14.5""]","{""rear_left_knee"":-14.5}","{""front_left_ankle"":0.0,""front_right_ankle"":0.0,""rear_left_ankle"":0.0,""rear_right_ankle"":0.0}",False,0.035333333333333335,0.0,0.0,0.03533333333333388,"{""front_left_ankle"":0.0,""front_right_ankle"":0.0,""rear_left_ankle"":0.0,""rear_right_ankle"":0.0}","[{""base_command"":""servo rear_left_knee -14.5"",""dispatch_command"":true,""mapping_error"":"""",""plan_event_index"":115,""source_event_index"":6,""source_expanded_index"":0,""source_step_index"":16}]"
v012_20260806_231025_027004_manual,16,[7],92,56.68533333254658,56.69933333254658,"[""servo rear_left_knee -16.6""]","{""rear_left_knee"":-16.6}","{""front_left_ankle"":0.0,""front_right_ankle"":0.0,""rear_left_ankle"":0.0,""rear_right_ankle"":0.0}",False,0.014000000000000009,0.0,0.0,0.014000000000002899,"{""front_left_ankle"":0.0,""front_right_ankle"":0.0,""rear_left_ankle"":0.0,""rear_right_ankle"":0.0}","[{""base_command"":""servo rear_left_knee -16.6"",""dispatch_command"":true,""mapping_error"":"""",""plan_event_index"":116,""source_event_index"":7,""source_expanded_index"":0,""source_step_index"":16}]"
v012_20260806_231025_027004_manual,17,[0],93,56.69933333254658,60.49933333249128,"[""wheel all 0.300""]",{},"{""front_left_ankle"":0.3,""front_right_ankle"":0.3,""rear_left_ankle"":0.3,""rear_right_ankle"":0.3}",False,0.0,3.7999999999447027,0.0,3.7999999999447027,"{""front_left_ankle"":1.1399999999834107,""front_right_ankle"":1.1399999999834107,""rear_left_ankle"":1.1399999999834107,""rear_right_ankle"":1.1399999999834107}","[{""base_command"":""wheel all 0.300"",""dispatch_command"":true,""mapping_error"":"""",""plan_event_index"":117,""source_event_index"":0,""source_expanded_index"":0,""source_step_index"":17}]"
v012_20260806_231025_027004_manual,17,[1],94,60.49933333249128,60.49933333249128,"[""wheel stop""]",{},"{""front_left_ankle"":0.0,""front_right_ankle"":0.0,""rear_left_ankle"":0.0,""rear_right_ankle"":0.0}",False,0.0,0.0,0.0,0.0,"{""front_left_ankle"":0.0,""front_right_ankle"":0.0,""rear_left_ankle"":0.0,""rear_right_ankle"":0.0}","[{""base_command"":""wheel stop"",""dispatch_command"":true,""mapping_error"":"""",""plan_event_index"":118,""source_event_index"":1,""source_expanded_index"":0,""source_step_index"":17}]"
v012_20260806_231025_027004_manual,18,[0],95,60.49933333249128,68.89933333236905,"[""wheel all 0.300""]",{},"{""front_left_ankle"":0.3,""front_right_ankle"":0.3,""rear_left_ankle"":0.3,""rear_right_ankle"":0.3}",False,0.0,8.399999999877764,0.0,8.399999999877771,"{""front_left_ankle"":2.519999999963329,""front_right_ankle"":2.519999999963329,""rear_left_ankle"":2.519999999963329,""rear_right_ankle"":2.519999999963329}","[{""base_command"":""wheel all 0.300"",""dispatch_command"":true,""mapping_error"":"""",""plan_event_index"":119,""source_event_index"":0,""source_expanded_index"":0,""source_step_index"":18}]"
v012_20260806_231025_027004_manual,18,[1],96,68.89933333236905,68.89933333236905,"[""wheel stop""]",{},"{""front_left_ankle"":0.0,""front_right_ankle"":0.0,""rear_left_ankle"":0.0,""rear_right_ankle"":0.0}",False,0.0,0.0,0.0,0.0,"{""front_left_ankle"":0.0,""front_right_ankle"":0.0,""rear_left_ankle"":0.0,""rear_right_ankle"":0.0}","[{""base_command"":""wheel stop"",""dispatch_command"":true,""mapping_error"":"""",""plan_event_index"":120,""source_event_index"":1,""source_expanded_index"":0,""source_step_index"":18}]"
v012_20260806_231025_027004_manual,19,[0],97,68.89933333236905,69.69933333235741,"[""servo front_left_hip 0.5"",""servo front_left_knee 0.4"",""servo front_right_hip -1.6"",""servo front_right_knee 1.4"",""servo rear_left_hip -1.6"",""servo rear_left_knee -0.7"",""servo rear_right_hip -4.8"",""servo rear_right_knee -0.7"",""wheel fl 1.27"",""wheel fr -0.72"",""wheel rl -0.51"",""wheel rr -0.52""]","{""front_left_hip"":0.5,""front_left_knee"":0.4,""front_right_hip"":-1.6,""front_right_knee"":1.4,""rear_left_hip"":-1.6,""rear_left_knee"":-0.7,""rear_right_hip"":-4.8,""rear_right_knee"":-0.7}","{""front_left_ankle"":1.27,""front_right_ankle"":-0.72,""rear_left_ankle"":-0.51,""rear_right_ankle"":-0.52}",True,0.24,0.7999999999883585,0.0,0.7999999999883585,"{""front_left_ankle"":1.0159999999852152,""front_right_ankle"":-0.5759999999916181,""rear_left_ankle"":-0.40799999999406283,""rear_right_ankle"":-0.41599999999394643}","[{""base_command"":""servo front_left_hip 0.5"",""dispatch_command"":true,""mapping_error"":"""",""plan_event_index"":121,""source_event_index"":0,""source_expanded_index"":0,""source_step_index"":19},{""base_command"":""servo front_left_knee 0.4"",""dispatch_command"":true,""mapping_error"":"""",""plan_event_index"":122,""source_event_index"":0,""source_expanded_index"":1,""source_step_index"":19},{""base_command"":""servo front_right_hip -1.6"",""dispatch_command"":true,""mapping_error"":"""",""plan_event_index"":123,""source_event_index"":0,""source_expanded_index"":2,""source_step_index"":19},{""base_command"":""servo front_right_knee 1.4"",""dispatch_command"":true,""mapping_error"":"""",""plan_event_index"":124,""source_event_index"":0,""source_expanded_index"":3,""source_step_index"":19},{""base_command"":""servo rear_left_hip -1.6"",""dispatch_command"":true,""mapping_error"":"""",""plan_event_index"":125,""source_event_index"":0,""source_expanded_index"":4,""source_step_index"":19},{""base_command"":""servo rear_left_knee -0.7"",""dispatch_command"":true,""mapping_error"":"""",""plan_event_index"":126,""source_event_index"":0,""source_expanded_index"":5,""source_step_index"":19},{""base_command"":""servo rear_right_hip -4.8"",""dispatch_command"":true,""mapping_error"":"""",""plan_event_index"":127,""source_event_index"":0,""source_expanded_index"":6,""source_step_index"":19},{""base_command"":""servo rear_right_knee -0.7"",""dispatch_command"":true,""mapping_error"":"""",""plan_event_index"":128,""source_event_index"":0,""source_expanded_index"":7,""source_step_index"":19},{""base_command"":""wheel fl 1.27"",""dispatch_command"":true,""mapping_error"":"""",""plan_event_index"":129,""source_event_index"":0,""source_expanded_index"":8,""source_step_index"":19},{""base_command"":""wheel fr -0.72"",""dispatch_command"":true,""mapping_error"":"""",""plan_event_index"":130,""source_event_index"":0,""source_expanded_index"":9,""source_step_index"":19},{""base_command"":""wheel rl -0.51"",""dispatch_command"":true,""mapping_error"":"""",""plan_event_index"":131,""source_event_index"":0,""source_expanded_index"":10,""source_step_index"":19},{""base_command"":""wheel rr -0.52"",""dispatch_command"":true,""mapping_error"":"""",""plan_event_index"":132,""source_event_index"":0,""source_expanded_index"":11,""source_step_index"":19}]"
v012_20260806_231025_027004_manual,19,[1],98,69.69933333235741,69.69933333235741,"[""wheel stop""]",{},"{""front_left_ankle"":0.0,""front_right_ankle"":0.0,""rear_left_ankle"":0.0,""rear_right_ankle"":0.0}",False,0.0,0.0,0.0,0.0,"{""front_left_ankle"":0.0,""front_right_ankle"":0.0,""rear_left_ankle"":0.0,""rear_right_ankle"":0.0}","[{""base_command"":""wheel stop"",""dispatch_command"":true,""mapping_error"":"""",""plan_event_index"":133,""source_event_index"":1,""source_expanded_index"":0,""source_step_index"":19}]"
